﻿discourse_id,discourse_part,discourse_boundary,discourse_text,adjudicated_discourse_type,adjudicated_effectiveness,adjudicated_hierarchical,adjudicated_parallel
"100_MSU_essay|Paragraph_1|Final_Claim|0,155",Paragraph_1,"(0, 155)","People have the freedom to choose what they want to do. Whether that be admiring a ""celebrity"" or a ""hero"" is the business of the admirer, not the observer.",Final_Claim,adequate,-,-
"100_MSU_essay|Paragraph_1|Data|157,289",Paragraph_1,"(157, 289)","What a person is interested in is based on their values, beliefs, and personal experiences. One's choice is the essence of free will.",Data,adequate,"Paragraph_1|Final_Claim|0,155","Paragraph_2|Data|0,348; Paragraph_3|Data|0,414"
"100_MSU_essay|Paragraph_2|Data|0,348",Paragraph_2,"(0, 348)","The reason celebrities exist is because people want them to exist. People love gossip, and celebrities are essentially people shrouded in gossip on a large scale. This offers entertainment, which is why celebrities are generally followed. One might also choose to idolize the celebrity. That is his or her own decision, however negative it might be.",Data,adequate,"Paragraph_1|Final_Claim|0,155","Paragraph_1|Data|157,289; Paragraph_3|Data|0,414"
"100_MSU_essay|Paragraph_3|Data|0,414",Paragraph_3,"(0, 414)","Heroes are not exemplified in our society because they are not visible. Generally, only celebrities and politicians are featured in top stories the news. Stories about charities are featured on the local lunch time newscasts, which admittedly have lower ratings than later timeslots. Heroic feats are only featured on the news if they are gruesome, showing that people are not looking for heroes, but entertainment.",Data,adequate,"Paragraph_1|Final_Claim|0,155","Paragraph_1|Data|157,289; Paragraph_2|Data|0,348"
"100_MSU_essay|Paragraph_4|Concluding_Summary|0,101",Paragraph_4,"(0, 101)","Like previously mentioned, whoever a person chooses to follow is a decision he or she alone must make.",Concluding_Summary,ineffective,"Paragraph_1|Final_Claim|0,155",-
