﻿discourse_id,discourse_part,discourse_boundary,discourse_text,adjudicated_discourse_type,adjudicated_effectiveness,adjudicated_hierarchical,adjudicated_parallel
"101_MSU_essay|Paragraph_1|Nonannotated|0,419",Paragraph_1,"(0, 419)","Most people at a young age have those certain people they watch and aim to be like when they grow older. Young girls look at those beautiful actresses they see on television, and young boys watch those strong, handsome actors. As those children grow older, they develop an actual concept of what they really want to be like as an adult. Some still look at those celebrities while others become aware of a realistic hero.",Nonannotated,-,-,-
"101_MSU_essay|Paragraph_1|Final_Claim|421,591",Paragraph_1,"(421, 591)","In my opinion, most celebrities are an unrealistic model for a child to admire; I believe successful, real life individuals should be who children gaze at with admiration.",Final_Claim,effective,-,-
"101_MSU_essay|Paragraph_2|Data|0,1367",Paragraph_2,"(0, 1367)","Celebrities create an image of success through fame, money, and looks. Who decided this is what our younger generation should strive to become? It is not in anyway. In my eye I find success as a passion for something that requires effort and hard work. While some celebrities can exhibit hard work and a caring reputation, realistically most do not. For instance, in my opinion the teen actress, Hannah Montana, has done a great job in showing young girls a role model acceptable to most of our media, but when does Hannah Montana begin to develop an immoral character. Brittany Spears was at one time the sweet girl that most young girls strived to be, and now if I saw my young cousin, Ally, watching Brittany Spears on television, I would be disgusted. Truth is that most celebrities do not represent hard work and determination. They make their money by showing up on a television show, when our doctors are out saving lives for far less money. Shouldn?t our generation and generations to come be admiring doctors, teachers, and others who impact someone?s life? In my opinion, I believe they should, but our media has taught people today that money and fame is what matters; that is not true. While money does run most of this world, it should not be the basis of a person?s life. Children should strive to become someone who can have a true impact in this world.",Data,effective,"Paragraph_1|Final_Claim|421,591",-
"101_MSU_essay|Paragraph_3|Nonannotated|0,118",Paragraph_3,"(0, 118)","Celebrities and heroes are two different types of people. A hero pushes someone to become great, a celebrity creates an",Nonannotated,-,-,-
