﻿discourse_id,discourse_part,discourse_boundary,discourse_text,adjudicated_discourse_type,adjudicated_effectiveness,adjudicated_hierarchical,adjudicated_parallel
"101b_MSU_essay|Paragraph_1|Nonannotated|0,371",Paragraph_1,"(0, 371)",Today we can call many things our heroes. People will sometimes find the strangest reasons why certain people become their heroes. After watching a movie people will find their hero in celebrities thorough their particular role in that certain TV show or movie. In Today's generation of TV and movies we may be finding all the wrong reasons to start developing our heroes.,Nonannotated,-,-,-
"101b_MSU_essay|Paragraph_2|Primary_Claim|0,101",Paragraph_2,"(0, 101)",A hero should be someone who is close to perfect and has the power to lead people down the right path.,Primary_Claim,adequate,"Paragraph_3|Final_Claim|612,756","Paragraph_3|Counterclaim|0,80"
"101b_MSU_essay|Paragraph_2|Data|103,318",Paragraph_2,"(103, 318)",Your particular hero should be someone who can mentor you through his actions without even saying a word to you. Someone who is all around a good person and can be seen as a good person whenever you run into him/her.,Data,adequate,"Paragraph_2|Primary_Claim|0,101",-
"101b_MSU_essay|Paragraph_3|Counterclaim|0,80",Paragraph_3,"(0, 80)",Today's heroes may consist of celebrities from their roles in movies or TV shows.,Counterclaim,adequate,"Paragraph_3|Final_Claim|612,756","Paragraph_2|Primary_Claim|0,101"
"101b_MSU_essay|Paragraph_3|Data|244,610",Paragraph_3,"(244, 610)","We may develope our hero through that particular character that he or she played, but once we stumble upon an article on the celebrity that may change our perceptions of our heroes. Celebrities do great things today but after being so closely watched and observed it's almost impossible to live a perfect life without the media pulling out your smallest dull moments.",Data,adequate,"Paragraph_3|Rebuttal|82,242",-
"101b_MSU_essay|Paragraph_3|Final_Claim|612,756",Paragraph_3,"(612, 756)",That's why today's heroes should consist of great people you may never doubt and can confidently say that's your hero without being disappointed.,Final_Claim,adequate,-,-
"101b_MSU_essay|Paragraph_3|Rebuttal|82,242",Paragraph_3,"(82, 242)","Although the particular role this celebrity plays in this movie or TV show may show their character to be a good role model, the celebrity themselves may not be.",Rebuttal,adequate,"Paragraph_3|Counterclaim|0,80",-
