﻿discourse_id,discourse_part,discourse_boundary,discourse_text,adjudicated_discourse_type,adjudicated_effectiveness,adjudicated_hierarchical,adjudicated_parallel
"102_MSU_essay|Paragraph_1|Nonannotated|0,486",Paragraph_1,"(0, 486)","The difference between celebrities and heroes is a definite line. Celebrities are famous because they are well known athletes, movie stars, musicians, or any such person that has a large fan base. Heroes on the other hand are people that do something or have done something that required courage, strength, and sometimes requires that hero to lose something for the benefit of others; the men and women serving in our armed forces, fire fighters, police officers, and others of the sort.",Nonannotated,-,-,-
"102_MSU_essay|Paragraph_2|Primary_Claim|0,36",Paragraph_2,"(0, 36)",Being a celebrity is not a bad thing.,Primary_Claim,adequate,"Paragraph_4|Final_Claim|0,129","Paragraph_3|Primary_Claim|0,111"
"102_MSU_essay|Paragraph_2|Data|38,461",Paragraph_2,"(38, 461)","People with a large fan base have the power to influence. They can inspire their fans to go out and be heroes. The only problem is that in order to be a celebrity, typically you cannot be a hero. A hero is someone who gives sacrifices something for the well-being of another without asking for anything in return. Many celebrities seem as though they are heroes for what they have done, but they are not heroes in the least.",Data,adequate,"Paragraph_2|Primary_Claim|0,36",-
"102_MSU_essay|Paragraph_3|Primary_Claim|0,111",Paragraph_3,"(0, 111)",We should all want to be heroes. But aspiring to be a hero and trying to be are two completely different things.,Primary_Claim,adequate,"Paragraph_4|Final_Claim|0,129","Paragraph_2|Primary_Claim|0,36"
"102_MSU_essay|Paragraph_3|Data|113,723",Paragraph_3,"(113, 723)","People who try to become heroes are those who are looking for the spotlight and want to become famous. True heroes are those who do heroic acts because they are great and had the power to do something about a situation. A good example would be Superman. Even though he is fictional, he is the definition of a hero. He saves peoples' lives, and yet he still hides who he really is in a secret identity as Clark Kent. He does not want people to know that he is Superman even if he would be a celebrity. In the end, heroes do not do heroic things to become celebrities, but they do heroic things because they could.",Data,effective,"Paragraph_3|Primary_Claim|0,111",-
"102_MSU_essay|Paragraph_4|Final_Claim|0,129",Paragraph_4,"(0, 129)","To be a celebrity is not a bad thing, but we should not aspire to be celebrities, we need to challenge ourselves to become heroes.",Final_Claim,adequate,-,-
"102_MSU_essay|Paragraph_4|Concluding_Summary|131,409",Paragraph_4,"(131, 409)","Some people may want to be celebrities, but if a moment comes along and they have the opportunity to do something heroic and it requires a sacrifice, they should be that hero because it is the greatest thing a person can do. Our role models should be the heroes, not celebrities.",Concluding_Summary,adequate,"Paragraph_4|Final_Claim|0,129",-
