﻿discourse_id,discourse_part,discourse_boundary,discourse_text,adjudicated_discourse_type,adjudicated_effectiveness,adjudicated_hierarchical,adjudicated_parallel
"102b_MSU_essay|Paragraph_1|Nonannotated|0,89",Paragraph_1,"(0, 89)","The prompt made a statement that said ""heroes are self-made"". I agree with that statement.",Nonannotated,-,-,-
"102b_MSU_essay|Paragraph_1|Nonannotated|192,257",Paragraph_1,"(192, 257)","I believe heroes are people who some would call ""Good Samaritans"".",Nonannotated,-,-,-
"102b_MSU_essay|Paragraph_1|Data|259,578",Paragraph_1,"(259, 578)","An example of a person I would call a hero would be a person who is driving down the highway and sees an autombile accident. Usually most people would drive on and call the highway patrol and ambulance. A hero on the other hand, would stop and make sure everyone is alright while they are calling the proper authorities.",Data,adequate,"Paragraph_1|Primary_Claim|91,190","Paragraph_1|Data|580,721"
"102b_MSU_essay|Paragraph_1|Data|580,721",Paragraph_1,"(580, 721)",Another example of a hero could be a next door neighbor rescuing a family from a burning home before the fire department arrived on the scene.,Data,effective,"Paragraph_1|Primary_Claim|91,190","Paragraph_1|Data|259,578"
"102b_MSU_essay|Paragraph_1|Primary_Claim|91,190",Paragraph_1,"(91, 190)",Heroes are usually ordinary citizens who becomes a hero from an act of kindness that they performed.,Primary_Claim,effective,"Paragraph_2|Final_Claim|0,81","Paragraph_2|Counterclaim|491,564; Paragraph_2|Primary_Claim|383,489"
"102b_MSU_essay|Paragraph_2|Final_Claim|0,81",Paragraph_2,"(0, 81)","From my definition of a hero, I think we should admire heroes and not celebrities.",Final_Claim,adequate,-,-
"102b_MSU_essay|Paragraph_2|Primary_Claim|383,489",Paragraph_2,"(383, 489)",Many celebrities do not do anything that will benefit ordinary citizens by any means besides entertainment.,Primary_Claim,adequate,"Paragraph_2|Final_Claim|0,81","Paragraph_1|Primary_Claim|91,190; Paragraph_2|Counterclaim|491,564"
"102b_MSU_essay|Paragraph_2|Counterclaim|491,564",Paragraph_2,"(491, 564)","Yes some celebrities create organizations to help out with different needs,",Counterclaim,adequate,"Paragraph_2|Final_Claim|0,81","Paragraph_1|Primary_Claim|91,190; Paragraph_2|Primary_Claim|383,489"
"102b_MSU_essay|Paragraph_2|Rebuttal|567,610",Paragraph_2,"(567, 610)",but I do not believe that makes them a hero.,Rebuttal,adequate,"Paragraph_2|Counterclaim|491,564",-
"102b_MSU_essay|Paragraph_2|Data|612,918",Paragraph_2,"(612, 918)","A celebrity that does come to mind as a hero would be the basketball player Shaq O'Neal. Mr. O'Neal paid the funeral costs for a little girl who died a brutal and disturbing death. In my opinion, that made Mr. O'Neal a hero especially since it was said that the family could not afford to pay for a funeral.",Data,adequate,"Paragraph_2|Counterclaim|491,564; Paragraph_2|Rebuttal|567,610",-
"102b_MSU_essay|Paragraph_2|Data|83,381",Paragraph_2,"(83, 381)","Most celebrities are only celebrities due to the advanced technology that are used in recording studios and television studios. By that statement, I am saying that some celebrities who are famous singers can not sing at all. Celebrities are famous because of the talent that they were discovered by.",Data,adequate,"Paragraph_2|Primary_Claim|383,489",-
"102b_MSU_essay|Paragraph_3|Concluding_Summary|0,117",Paragraph_3,"(0, 117)","I firmly believe that we should admire heroes, people who become famous due to an act of kindness that they performed.",Concluding_Summary,adequate,"Paragraph_2|Final_Claim|0,81",-
