﻿discourse_id,discourse_part,discourse_boundary,discourse_text,adjudicated_discourse_type,adjudicated_effectiveness,adjudicated_hierarchical,adjudicated_parallel
"103_MSU_essay|Paragraph_1|Nonannotated|0,21",Paragraph_1,"(0, 21)",Heroes and seeing them,Nonannotated,-,-,-
"103_MSU_essay|Paragraph_2|Nonannotated|0,411",Paragraph_2,"(0, 411)",Heroes are people that simply do good deeds for society. They may not be noticed everyday for their daily tasks that they contribute to us in this world. We may tend to over look them because they do so much for the society. Some also believe that celebrities are heroes because they do a lot for the world like donating to charity. This is not a hero. It is someone wanting people to think that they are a hero.,Nonannotated,-,-,-
"103_MSU_essay|Paragraph_2|Final_Claim|413,516",Paragraph_2,"(413, 516)",I believe that we should admire the people that do work for the society more because of their hard work.,Final_Claim,adequate,-,-
"103_MSU_essay|Paragraph_3|Counterclaim|0,145",Paragraph_3,"(0, 145)",One may think that a celebrity is a hero because they are all the time making appearances at charity events or contributing money to that charity.,Counterclaim,adequate,"Paragraph_2|Final_Claim|413,516","Paragraph_4|Primary_Claim|0,56; Paragraph_5|Primary_Claim|0,61"
"103_MSU_essay|Paragraph_3|Rebuttal|147,298",Paragraph_3,"(147, 298)","But did they really just do it for the fame? In most cases, yes. They do it for the fame and the publicity to raise their status in the celebrity world.",Rebuttal,adequate,"Paragraph_3|Counterclaim|0,145",-
"103_MSU_essay|Paragraph_3|Data|300,588",Paragraph_3,"(300, 588)","They are not heroes because they have not done anything to help the charity in tasks such as going to another country to help little children have items that we in the United States have (i.e. shoes, clothing, food, water, schools, etc). Therefore, they should not be recognized as a hero.",Data,adequate,"Paragraph_3|Rebuttal|147,298",-
"103_MSU_essay|Paragraph_4|Primary_Claim|0,56",Paragraph_4,"(0, 56)",A hero is someone that does all the work for the charity.,Primary_Claim,adequate,"Paragraph_2|Final_Claim|413,516","Paragraph_3|Counterclaim|0,145; Paragraph_5|Primary_Claim|0,61"
"103_MSU_essay|Paragraph_4|Data|58,500",Paragraph_4,"(58, 500)",They are the ones that really care for the organizations and want to make the world a better place. They go to the other countries and spend their hard earned time trying to make things better for people that need it more than us. They practically spend all their time trying to help others more than caring for themsleves. They are the ones that are willing to put forth the effort and contribute all that they can to others that are in need.,Data,adequate,"Paragraph_4|Primary_Claim|0,56",-
"103_MSU_essay|Paragraph_5|Primary_Claim|0,61",Paragraph_5,"(0, 61)",Heroes can also be classified as someone in our own community.,Primary_Claim,adequate,"Paragraph_2|Final_Claim|413,516","Paragraph_3|Counterclaim|0,145; Paragraph_4|Primary_Claim|0,56"
"103_MSU_essay|Paragraph_5|Data|63,373",Paragraph_5,"(63, 373)","A neighbor can be a hero in a case such as when going out of town they can watch over a house or collecting mail. Someone may be a hero and not even notice that they are one. For instance, a person that simply gives a homeless begger money is a hero. Many of us are heroes to someone, we just might not know it.",Data,adequate,"Paragraph_5|Primary_Claim|0,61",-
"103_MSU_essay|Paragraph_6|Concluding_Summary|0,506",Paragraph_6,"(0, 506)","Heroes are not noticed in this world because they do not have a famous name. We often tend to think of celebrities as a hero because they can contribute the money. That is not a hero. A hero is the one who takes the time and patience to console others and help them with their needs. A celebrity could care less about a person's needs. That is why we should admire people in our society, the ones that help out the most, or simply a neighbor. They are the heroes that need to be thanked for their hard work.",Concluding_Summary,effective,"Paragraph_2|Final_Claim|413,516",-
