﻿discourse_id,discourse_part,discourse_boundary,discourse_text,adjudicated_discourse_type,adjudicated_effectiveness,adjudicated_hierarchical,adjudicated_parallel
"103b_MSU_essay|Paragraph_1|Final_Claim|0,57",Paragraph_1,"(0, 57)",I believe that both heroes and celebrities can be admired.,Final_Claim,adequate,-,-
"103b_MSU_essay|Paragraph_1|Data|126,373",Paragraph_1,"(126, 373)","I am not saying that all celebrities are heroes and that they should be admired. I am saying that some celebrities do nice things to help out other people. Therefore, they can be considered heroes as well.",Data,adequate,"Paragraph_1|Primary_Claim|59,167",-
"103b_MSU_essay|Paragraph_1|Primary_Claim|59,167",Paragraph_1,"(59, 167)","I consider a hero a person that does something nice and admirable. This could, in some cases, be a celebrity.",Primary_Claim,effective,"Paragraph_1|Final_Claim|0,57","Paragraph_2|Primary_Claim|0,54"
"103b_MSU_essay|Paragraph_2|Primary_Claim|0,54",Paragraph_2,"(0, 54)",Some celebrities use their fame and put it to good use.,Primary_Claim,adequate,"Paragraph_1|Final_Claim|0,57","Paragraph_1|Primary_Claim|59,167"
"103b_MSU_essay|Paragraph_2|Data|56,502",Paragraph_2,"(56, 502)","For example, some of them participate in several organizations that help out in different places around the world. They may use their famous status to promote the organization that they are trying to help. When the viewers see this, they consider them to be admirable and want to participate in their organization, because they are famous. Only very few celebrities do this, but I consider that the ones that do to be heroes and great role models.",Data,adequate,"Paragraph_2|Primary_Claim|0,54",-
"103b_MSU_essay|Paragraph_3|Concluding_Summary|0,284",Paragraph_3,"(0, 284)","I am not saying to forget about the people that became famous because they did great things. They should definitely be looked to as heroes and role models, first. However, I am saying that some celebrities that do great things, can be looked at as heroes and wonderful role models too.",Concluding_Summary,adequate,"Paragraph_1|Final_Claim|0,57",-
