﻿discourse_id,discourse_part,discourse_boundary,discourse_text,adjudicated_discourse_type,adjudicated_effectiveness,adjudicated_hierarchical,adjudicated_parallel
"104_MSU_essay|Paragraph_1|Nonannotated|0,365",Paragraph_1,"(0, 365)","In today's society there is a great misunderstanding between a hero and a celebrity. A celebrity is simply a famouse person. Not someone who has done something great to accomplish this status. However, a hero is someone great. They are not just know for having money, or being an actor, these people have done great things to achieve the status they have be awarded.",Nonannotated,-,-,-
"104_MSU_essay|Paragraph_2|Final_Claim|0,79",Paragraph_2,"(0, 79)","I believe that heros should in fact be admired; however, celebrities should not.",Final_Claim,adequate,-,-
"104_MSU_essay|Paragraph_2|Data|81,559",Paragraph_2,"(81, 559)","A celebrity, often times, walks into money, they do nothing to accomplish this great wealth or social standikng. There is nothing admirable about that. A hero, on the other hand, usually overcomes his disadvantages in life and does something that is life changing, and even life saving for another person or group of people. By admiring heros we can can have positive role models in life, not some fake happiness, which we can more than likely not even achieve, like celebrities.",Data,adequate,"Paragraph_2|Final_Claim|0,79",-
"104_MSU_essay|Paragraph_3|Concluding_Summary|0,311",Paragraph_3,"(0, 311)","In today's cociety we seem to have lost the notion of what it means to be truely great. We think that happiness will come through being rich and famous. True happiness does not come with money and fame, but with being truley great and seeing the results and benifits others recieve throught the actions you make.",Concluding_Summary,adequate,"Paragraph_2|Final_Claim|0,79",-
