﻿discourse_id,discourse_part,discourse_boundary,discourse_text,adjudicated_discourse_type,adjudicated_effectiveness,adjudicated_hierarchical,adjudicated_parallel
"104b_MSU_essay|Paragraph_1|Final_Claim|0,92",Paragraph_1,"(0, 92)",We should admire heros and celebrities. We shouldn't admire celebrities like we do our heros.,Final_Claim,adequate,-,-
"104b_MSU_essay|Paragraph_1|Nonannotated|94,254",Paragraph_1,"(94, 254)",Celebrities just sometimes get too much credit to where they are treated like heros when they really aren't. Heros are people that help people in some major way.,Nonannotated,-,-,-
"104b_MSU_essay|Paragraph_2|Data|0,285",Paragraph_2,"(0, 285)","We should admire celebrities but, in a different way than we do heros. It is okay to admire an actor's work or an artist's music but they shouldn't be heros because of their work. Heros deserve to be recognized more because their work has probably changed someones life or saved a life.",Data,adequate,"Paragraph_1|Final_Claim|0,92","Paragraph_3|Data|0,475; Paragraph_4|Data|0,518"
"104b_MSU_essay|Paragraph_3|Data|0,475",Paragraph_3,"(0, 475)","We should admire heros. Celebrities recieve much recognition just because they are celebrities. People say they have a hero who is usually somebody famous, but really a lot of heros aren't famous. Heros are most of the time people like fire fighters and police officers. A fire fighter could pull a child from a burning house out in the country and the news may not ever reach outside of the small town they are in but that doesn't mean he's not a hero because he isn't on tv.",Data,adequate,"Paragraph_1|Final_Claim|0,92","Paragraph_2|Data|0,285; Paragraph_4|Data|0,518"
"104b_MSU_essay|Paragraph_4|Data|0,518",Paragraph_4,"(0, 518)",Some celebrities get the status of heros because of the things that their characters might do in a movie or a song that they write and we sometimes take it as the celebrities actually doing the brave things themselves. Another reason why celebrities can get the status of hero is they will do some kind act on tv like donating a lot of money to a charity. A hero doesn't just do great things when they are in front of a camera or have to tell everybody that they did it. They do it so they can help at least one person.,Data,adequate,"Paragraph_1|Final_Claim|0,92","Paragraph_2|Data|0,285; Paragraph_3|Data|0,475"
"104b_MSU_essay|Paragraph_5|Nonannotated|0,42",Paragraph_5,"(0, 42)",Should we admire heros but not celebrities.,Nonannotated,-,-,-
"104b_MSU_essay|Paragraph_5|Concluding_Summary|44,293",Paragraph_5,"(44, 293)",We should admire both but in different ways. A celebritie should not be treated like a hero for acting or singing. Heros can come from many different places and all of them aren't known. The ones who we do know should be admired like heros should be.,Concluding_Summary,adequate,"Paragraph_1|Final_Claim|0,92",-
