﻿discourse_id,discourse_part,discourse_boundary,discourse_text,adjudicated_discourse_type,adjudicated_effectiveness,adjudicated_hierarchical,adjudicated_parallel
"105_MSU_essay|Paragraph_1|Nonannotated|0,210",Paragraph_1,"(0, 210)","In modern America, we tend to confuse celebrities with heroes. Celebrities for the most part are not heroes. And, no hero should be a celebrity. Hero's have certain characteristics that are unique to just heros.",Nonannotated,-,-,-
"105_MSU_essay|Paragraph_2|Final_Claim|0,55",Paragraph_2,"(0, 55)","Hero's are kind heared, behind the scenes, free workers.",Final_Claim,adequate,-,-
"105_MSU_essay|Paragraph_3|Data|0,202",Paragraph_3,"(0, 202)",Being kind hearted means that you do something because it feels right not because you are trying to gain fans by your actions and modern America tends to not understand the intentions of the celebrities.,Data,adequate,"Paragraph_3|Primary_Claim|204,281",-
"105_MSU_essay|Paragraph_3|Primary_Claim|204,281",Paragraph_3,"(204, 281)",Heroes do their action because they know it is right and will benefit society.,Primary_Claim,effective,"Paragraph_2|Final_Claim|0,55","Paragraph_4|Primary_Claim|0,107; Paragraph_5|Primary_Claim|185,267"
"105_MSU_essay|Paragraph_4|Primary_Claim|0,107",Paragraph_4,"(0, 107)",Behind the scenes work is something that is totally uncommon for a celebrity while it is the life of a hero.,Primary_Claim,effective,"Paragraph_2|Final_Claim|0,55","Paragraph_3|Primary_Claim|204,281; Paragraph_5|Primary_Claim|185,267"
"105_MSU_essay|Paragraph_4|Data|109,281",Paragraph_4,"(109, 281)",Celebrities get acknowledgment for all their action no matter how great or how awful. Heroes work behind the scenes in essence while no one is watching and recieve no glory.,Data,adequate,"Paragraph_4|Primary_Claim|0,107",-
"105_MSU_essay|Paragraph_5|Data|0,183",Paragraph_5,"(0, 183)",When people see celebrities at charity events speaking or cleaning up or helping inner city kids what they fail to see is that they are sometimes getting paid for the acts to help out.,Data,adequate,"Paragraph_5|Primary_Claim|185,267",-
"105_MSU_essay|Paragraph_5|Primary_Claim|185,267",Paragraph_5,"(185, 267)",While a hero does this for free and would not even think aout accepting any kind of,Primary_Claim,ineffective,"Paragraph_2|Final_Claim|0,55","Paragraph_3|Primary_Claim|204,281; Paragraph_4|Primary_Claim|0,107"
