﻿discourse_id,discourse_part,discourse_boundary,discourse_text,adjudicated_discourse_type,adjudicated_effectiveness,adjudicated_hierarchical,adjudicated_parallel
"105b_MSU_essay|Paragraph_1|Nonannotated|0,435",Paragraph_1,"(0, 435)","Too often in today's society people appreciate only the circumstances which immediately profit themselves and they follow the pack, never stopping to wonder, ""Is this really the person who deserves my attention?"" Today's society is too popularity based. In school, there is always a group of ""popular kids"" that everyone wants to be a part of. As adults people follow news concerning the ""popular"" people known as celebrities or heroes.",Nonannotated,-,-,-
"105b_MSU_essay|Paragraph_1|Final_Claim|437,605",Paragraph_1,"(437, 605)",It's an inescapable fact that today's society regards celebrities with a higher caliber than they deserve. But by no means does that mean they should be totally ignored.,Final_Claim,adequate,-,-
"105b_MSU_essay|Paragraph_2|Primary_Claim|0,63",Paragraph_2,"(0, 63)",Celebrities are some of the most well known people in the world.,Primary_Claim,ineffective,"Paragraph_1|Final_Claim|437,605","Paragraph_3|Primary_Claim|0,57; Paragraph_4|Primary_Claim|0,77"
"105b_MSU_essay|Paragraph_2|Data|65,438",Paragraph_2,"(65, 438)","Actors such as Robert Downey Jr. and Reese Witherspoon, singers such as Justin Timberlake and Susan Boyle, and authors such as Stephen King and J.K. Rowling steal the hypothetical ""spotlight."" People, in a sense, worship these celebrities with vigor. Purchasing their movies, books, music, and other assorted accessories unecessarily; they ""love"" their celebrities too much.",Data,adequate,"Paragraph_2|Primary_Claim|0,63",-
"105b_MSU_essay|Paragraph_3|Primary_Claim|0,57",Paragraph_3,"(0, 57)",Then there's another class of celebrities known as heroes.,Primary_Claim,adequate,"Paragraph_1|Final_Claim|437,605","Paragraph_2|Primary_Claim|0,63; Paragraph_4|Primary_Claim|0,77"
"105b_MSU_essay|Paragraph_3|Data|59,519",Paragraph_3,"(59, 519)","These people didn't ""make it big"" with their acting talents or remarkable voice. They went about their everyday lives until one day they chose to go out of their way to help someone in need. Many times this boosts their popularity status in an unparalleled way. They become a form of ""mini celebrities,"" in a sense. Then, many times, they end up getting enough exposure to the media to become really famous and get promoted to a ""full-blown celebrity"" of sorts.",Data,adequate,"Paragraph_3|Primary_Claim|0,57",-
"105b_MSU_essay|Paragraph_4|Primary_Claim|0,77",Paragraph_4,"(0, 77)","Given all this information, not all ""celebrities"" are unecessarily worshipped.",Primary_Claim,adequate,"Paragraph_1|Final_Claim|437,605","Paragraph_2|Primary_Claim|0,63; Paragraph_3|Primary_Claim|0,57"
"105b_MSU_essay|Paragraph_4|Data|79,554",Paragraph_4,"(79, 554)","Yet those who do nothing more than have a slightly better voice, acting talent, or writing prowess (and a LOT of practice) are much too popular. They do nothing extraordinary, yet they get rewarded far too heavily for their efforts. Even today, those who aren't good at acting, singing, or writing get too much attention only because they did something new or ""fresh"" for the industry, even though their accomplishment is just the same old material with a fresh coat of paint.",Data,adequate,"Paragraph_4|Primary_Claim|0,77",-
"105b_MSU_essay|Paragraph_5|Concluding_Summary|0,538",Paragraph_5,"(0, 538)","Those ""celebrities"" who do deserve the attention, shouldn't even be celebrities. They are the heroes of everyday life. They are the ones who do the extraordinary in a seemingly ordinary world. They make the future brighter for generations who have yet to come. But society today is still stuck too much in the ""now"" of things. Too often in today's society people appreciate only the circumstances which immediately profit themselves and they follow the pack, never stopping to wonder, ""Is this really the person who deserves my attention?""",Concluding_Summary,adequate,"Paragraph_1|Final_Claim|437,605",-
