﻿discourse_id,discourse_part,discourse_boundary,discourse_text,adjudicated_discourse_type,adjudicated_effectiveness,adjudicated_hierarchical,adjudicated_parallel
"106_MSU_essay|Paragraph_1|Nonannotated|0,90",Paragraph_1,"(0, 90)",A hero is a word that many people throw around without really knowing what it really means.,Nonannotated,-,-,-
"106_MSU_essay|Paragraph_1|Primary_Claim|1381,1595",Paragraph_1,"(1381, 1595)","Celebrities can be role models if they prove themselves to be worthy of the honor, there are alot of celebrities that blow all the money that they are getting paid on stupid things that have no real meaning to them.",Primary_Claim,adequate,"Paragraph_1|Final_Claim|1597,1753","Paragraph_1|Primary_Claim|92,208"
"106_MSU_essay|Paragraph_1|Final_Claim|1597,1753",Paragraph_1,"(1597, 1753)","We should admire people who actually make a difference in our communities, not people who's influences end up making the problems that we already have worse.",Final_Claim,adequate,-,-
"106_MSU_essay|Paragraph_1|Data|210,981",Paragraph_1,"(210, 981)","These people don't get paid millions of dolllars for the work that they do but they do it because they love to keep people safe. While there are celebrities who do charitable things every once in a while for publlicity, but they don't ever risk their lives day in and day out to better America. The unsung heroes that I'm talking about are the men and women of the law enforcement agencies, fire departments, military, and the emergency medical services. People like this are always in harms way because at any second while they are working something could turn deadly. There are so many unknown variables that could just go wrong when these fine people respond to a call expecting a routine job then, the next thing they know they could be either hurt or fatally wounded.",Data,effective,"Paragraph_1|Primary_Claim|92,208",-
"106_MSU_essay|Paragraph_1|Primary_Claim|92,208",Paragraph_1,"(92, 208)",In today's society there are unsong heroes who risk their lives doing jobs that make America safe for the rest of us.,Primary_Claim,effective,"Paragraph_1|Final_Claim|1597,1753","Paragraph_1|Primary_Claim|1381,1595"
"106_MSU_essay|Paragraph_1|Data|983,1379",Paragraph_1,"(983, 1379)","Now on the other hand certain celebrities do things that look good in the papers and magazines, like cleaning up a park in a rough side of town or donating money to a school. They do things that keep them distant from the problems that are happening around they places where they used to live, before they became famous for acting, sports, or some other thing that they get paid way to much to do.",Data,adequate,"Paragraph_1|Primary_Claim|1381,1595",-
