﻿discourse_id,discourse_part,discourse_boundary,discourse_text,adjudicated_discourse_type,adjudicated_effectiveness,adjudicated_hierarchical,adjudicated_parallel
"106b_MSU_essay|Paragraph_1|Nonannotated|0,21",Paragraph_1,"(0, 21)",Heroes vs. Celebrities,Nonannotated,-,-,-
"106b_MSU_essay|Paragraph_2|Final_Claim|0,278",Paragraph_2,"(0, 278)","A hero is someone people can look up to. They are protecters, providers, and caring people. Anyone can be a hero to someone. Celebrities are famous people who have become famous by having a talent or just being in the public eye. Heroes are admired and celebrities are worshiped.",Final_Claim,adequate,-,-
"106b_MSU_essay|Paragraph_3|Primary_Claim|0,58",Paragraph_3,"(0, 58)",A hero is someone who has made an impact on someone's life.,Primary_Claim,adequate,"Paragraph_2|Final_Claim|0,278","Paragraph_4|Primary_Claim|0,185; Paragraph_5|Primary_Claim|0,74"
"106b_MSU_essay|Paragraph_3|Data|60,321",Paragraph_3,"(60, 321)","Everyone has someone they look up to that they call their hero. A hero can be a mother, father, sister, brother, a friend, or a stranger. A hero is someone who is there when needed and will give a helping hand. A hero is someone a person treasures in their life.",Data,adequate,"Paragraph_3|Primary_Claim|0,58",-
"106b_MSU_essay|Paragraph_4|Primary_Claim|0,185",Paragraph_4,"(0, 185)","Celebrities are just like everyone else, they are ordinary people. Celebrities are famous for singing, acting, or being pretty, and rich. Celebrities are not admired, they are worshiped.",Primary_Claim,adequate,"Paragraph_2|Final_Claim|0,278","Paragraph_3|Primary_Claim|0,58; Paragraph_5|Primary_Claim|0,74"
"106b_MSU_essay|Paragraph_4|Data|187,346",Paragraph_4,"(187, 346)","Everyone wants to be them and try their hardest to achieve that. Celebrities are not worshiped by they way the act, but because of their fame, money, and looks.",Data,ineffective,"Paragraph_4|Primary_Claim|0,185",-
"106b_MSU_essay|Paragraph_5|Primary_Claim|0,74",Paragraph_5,"(0, 74)","A celebrity can be a hero to someone, but not always for the right reasons.",Primary_Claim,adequate,"Paragraph_2|Final_Claim|0,278","Paragraph_3|Primary_Claim|0,58; Paragraph_4|Primary_Claim|0,185"
"106b_MSU_essay|Paragraph_5|Data|76,468",Paragraph_5,"(76, 468)","They are a hero because of they way they live their life. To fans it looks like a simple, easy, fun life to live. Fans crave to have that life and try anything to achieve it. Heroes are suppose to be a good influence and care how their actions affect others. Some celebrities do care how they influence their fans. Those celebrities should be admired, not worshiped. They should be the heroes.",Data,adequate,"Paragraph_5|Primary_Claim|0,74",-
"106b_MSU_essay|Paragraph_6|Concluding_Summary|0,101",Paragraph_6,"(0, 101)","Heroes and celebrities are different. A hero is admired and treasured, while a celebrity is worshiped.",Concluding_Summary,ineffective,"Paragraph_2|Final_Claim|0,278",-
"106b_MSU_essay|Paragraph_6|Nonannotated|103,368",Paragraph_6,"(103, 368)","I know my mom and my older sister are my heroes. I look up to them greatly. They sacrafice a great deal for me all the time. I am a fan of celebrities, but i do not wish to live their lives. I feel blessed with my life because of my family. I treasure them everyday.",Nonannotated,-,"Paragraph_2|Final_Claim|0,278",-
