﻿discourse_id,discourse_part,discourse_boundary,discourse_text,adjudicated_discourse_type,adjudicated_effectiveness,adjudicated_hierarchical,adjudicated_parallel
"107b_MSU_essay|Paragraph_1|Final_Claim|0,377",Paragraph_1,"(0, 377)","There is an evident distinction between celebrities and heroes, but this does not mean someone who is a celebrity can not also be a hero. It is a fact that some people are seen as great simply because they are have become famous. Heroes usually are people who have earned that title and are deserving of admiration. Those celebrities that are also heroes should also be admired.",Final_Claim,adequate,-,-
"107b_MSU_essay|Paragraph_1|Nonannotated|379,649",Paragraph_1,"(379, 649)","Generally, the standard of someone who is a hero is much higher than that of a celebrity. It is not the case that heroes should be completely disreguarded as people of signicance, but they should not be held on the same pedestal in which heroes are looked at and admired.",Nonannotated,-,-,-
"107b_MSU_essay|Paragraph_2|Primary_Claim|0,124",Paragraph_2,"(0, 124)",The title of celebrity has become more and more based on superficial characteristics rather than substantial characteristics.,Primary_Claim,adequate,"Paragraph_1|Final_Claim|0,377","Paragraph_3|Primary_Claim|0,56; Paragraph_4|Primary_Claim|0,142"
"107b_MSU_essay|Paragraph_2|Data|126,951",Paragraph_2,"(126, 951)","For example, many teenage girls will a famous super model for simple reason that they are beautiful and know how to walk on a runway. This person is seen as someone to be looked up to for essentially contributing nothing to the world or the country today. Another common celebrity that does not necessarily have any reason to be admired is actors and actresses. In essence an actor or an actress becomes famous for simply being able to put on a good show. The ability to act is one to be admired, but the ability to perform surgery is one even more admirable. However, surgeons are much less admired than actors. The abilities of celebrities who actually do have any specific ability or talent should be admired, but they should not even come close in the comparison to heroes who deserve to be admired in a much higher sense.",Data,effective,"Paragraph_2|Primary_Claim|0,124",-
"107b_MSU_essay|Paragraph_3|Primary_Claim|0,56",Paragraph_3,"(0, 56)",The hero title is rarely ever one to be used frivilously.,Primary_Claim,adequate,"Paragraph_1|Final_Claim|0,377","Paragraph_2|Primary_Claim|0,124; Paragraph_4|Primary_Claim|0,142"
"107b_MSU_essay|Paragraph_3|Data|58,747",Paragraph_3,"(58, 747)","A hero is someone who has done some significant act of good for a group of people or someone of importance Someone is not considered a hero for being pretty or being able to put on a show. Thus, heroes earn the admiration they typically receive. Heroes typically demonstrate courage such as the firefighters after the tragedy on September 11th, who risked their lives to save the lives of many who were trapped in the buildings. Heroes also may make huge contributions to a group of people or area that is much less fortunate. An example of this would be all of the people who donated goods to hurricane Katrina victims and assisted them in rebuilding not only their homes but their lives.",Data,effective,"Paragraph_3|Primary_Claim|0,56",-
"107b_MSU_essay|Paragraph_4|Primary_Claim|0,142",Paragraph_4,"(0, 142)",There are some celebrities who make generous contributions to the world or those in need who should be reguarded as heroes and admired as such.,Primary_Claim,effective,"Paragraph_1|Final_Claim|0,377","Paragraph_2|Primary_Claim|0,124; Paragraph_3|Primary_Claim|0,56"
"107b_MSU_essay|Paragraph_4|Data|144,740",Paragraph_4,"(144, 740)","Bill Gates for example is a celebrity who provided the world with the Windows program for the computer. His contribution has basically transformed the world of communication into what it is today, and therefore Bill Gates should be admired as a hero. There are other celebrities who use the money they acquire to donate to many different organizations that assist the needy or form organizations that benefit people such as domestic abuse victims or cancer patients. These people are unfortunately a small percentage of those people referred to as ""celebrities"" who today's generation looks up to.",Data,effective,"Paragraph_4|Primary_Claim|0,142",-
"107b_MSU_essay|Paragraph_5|Concluding_Summary|0,660",Paragraph_5,"(0, 660)","Society today has begun inable to distinguish between celebrities and heroes which commonly causes the misattribution of admiration to celebrities rather than those heroes who have earned admiration. Though some celebrities have earned their acclaimed status, the majority have not. Heroes are people who earn their title by doing some sort of act or making some sort of contribution that deems them worthy of the praise and admiration. A celebrity earns his or her title by appealing to today's generation and becoming nationally popular. For this reason along with many others, heroes should be admired to a much higher level of significance than celebrities.",Concluding_Summary,adequate,"Paragraph_1|Final_Claim|0,377",-
