﻿discourse_id,discourse_part,discourse_boundary,discourse_text,adjudicated_discourse_type,adjudicated_effectiveness,adjudicated_hierarchical,adjudicated_parallel
"108_MSU_essay|Paragraph_1|Nonannotated|0,258",Paragraph_1,"(0, 258)","I see a difference in celebrities and heroes. I do not look at celebrities as heroes or role models. To me, they are merely people that have a job to entertain others. A hero to me is someone that i look up to because they have done somthing with their lives.",Nonannotated,-,-,-
"108_MSU_essay|Paragraph_1|Final_Claim|0,600",Paragraph_1,"(0, 600)",These people have made an empact not just on my life but on others around me. Their belifes and morals are a major reason why I have put my faith in them.,Final_Claim,adequate,-,-
"108_MSU_essay|Paragraph_1|Final_Claim|260,600",Paragraph_1,"(260, 600)","I can say that i have a few heroes in life and they are great role models. God above all is my number one role model, my Dad is my hero, and i look up to my high school basketball coach.",Final_Claim,adequate,-,-
"108_MSU_essay|Paragraph_2|Primary_Claim|0,61",Paragraph_2,"(0, 61)","As far back as I can remember, God has been a part of my life.",Primary_Claim,adequate,"Paragraph_1|Final_Claim|260,600","Paragraph_3|Primary_Claim|0,87; Paragraph_4|Primary_Claim|0,124"
"108_MSU_essay|Paragraph_2|Data|63,585",Paragraph_2,"(63, 585)","Although I did not go to church on a regular basis, I still put my faith in Him. I can recall a number of times when I questioned my faith only to be reasurred everytime that He is with me. Recently I have been going to church more and reading my Bible. The more I look to Him, the more it seems that my life is good. I have tried to bring more people to God and show them His ways. Also, I try to live day by day the way that I think He wants me to. God has brought me joy and showed me that He is above all my everything.",Data,adequate,"Paragraph_2|Primary_Claim|0,61",-
"108_MSU_essay|Paragraph_3|Primary_Claim|0,87",Paragraph_3,"(0, 87)",My Dad means the world to me. He shows me that there is always a way to get things done.,Primary_Claim,adequate,"Paragraph_1|Final_Claim|260,600","Paragraph_2|Primary_Claim|0,61; Paragraph_4|Primary_Claim|0,124"
"108_MSU_essay|Paragraph_3|Data|89,920",Paragraph_3,"(89, 920)","He instilled in me a work ethic that has gotten me where I am today, which is a place that i had doubts about, and I could not be happier. When everything is falling apart in my life he is there to help me pick up the pieces. He has never let me down in any aspect of my life. My Dad is my hero because he has shown me how a person is supposed to act towards others, how to make my life great, and even though I may not have much to give I still have more than others and I should always try to help someone less fortunate than me. Our family has gone through very hard times throughtout the years but never once did my Father let our family go hungry or unclothed. He has shown me to never give up and always stick to what I believe in. He tells me that if I do these things then no one can keep me down. So far, he has been right.",Data,effective,"Paragraph_3|Primary_Claim|0,87",-
"108_MSU_essay|Paragraph_4|Primary_Claim|0,124",Paragraph_4,"(0, 124)","Although I am a freshmen in college now, I still talk to my coach from high school. To me she was far more than just a coach.",Primary_Claim,adequate,"Paragraph_1|Final_Claim|260,600","Paragraph_2|Primary_Claim|0,61; Paragraph_3|Primary_Claim|0,87"
"108_MSU_essay|Paragraph_4|Data|126,1208",Paragraph_4,"(126, 1208)","Many times she was a tutor to me. She helped me get through chemistry when my actual teacher would not. She also helped me thorough hard times that my family was going through. She was an amazing person and a great coach. Above all she was simply there for me. On the basketball aspect she stepped in when everyone else walked away. We had a losing recored and our coach quit on us, but for some reason this woman wanted to help us. She came in the gym, introduced herself and told us we were going to playoffs. The team looked at each other to make sure we all heard the same thing then looked at her like she was crazy. However two years later, we were in the playoffs. This woman set goals for a team that had none and that no one expected us to acheive. This was the way she was with everything though, not just basketball. She has touched my life in a way that no celebrity ever could. She made me a better person because she never let me have the chance to know what a bad person was. I look up to her for many reasons but mostly because to this day she is always there for me.",Data,effective,"Paragraph_4|Primary_Claim|0,124",-
"108_MSU_essay|Paragraph_5|Nonannotated|0,147",Paragraph_5,"(0, 147)",I'm not sure if I have the right out look on life or if I am the best person that I can be. I know that I try which is more than I can say for some.,Nonannotated,-,-,-
"108_MSU_essay|Paragraph_5|Concluding_Summary|149,496",Paragraph_5,"(149, 496)","I admire people in my life that are selfless and many times thats what i try to be. Celebrites, to me, are just people. The only difference in them and the rest of the world is that they are on televison and are paid a huge amount of money. To me this is not something that we should have as a role model or hero. Those titles to me mean much more.",Concluding_Summary,adequate,"Paragraph_1|Final_Claim|260,600",-
