﻿discourse_id,discourse_part,discourse_boundary,discourse_text,adjudicated_discourse_type,adjudicated_effectiveness,adjudicated_hierarchical,adjudicated_parallel
"108b_MSU_essay|Paragraph_1|Final_Claim|0,327",Paragraph_1,"(0, 327)","Heroes are those select people that we should look up to and want to be like. Those people that make our world a better place to be and our lives better in general. Celebrities, however, sometimes project bad images such as drinking and smoking under age. Heroes are the men and women we should look to when guidance is in need.",Final_Claim,effective,-,-
"108b_MSU_essay|Paragraph_2|Primary_Claim|0,52",Paragraph_2,"(0, 52)",Heroes should be our role models when we are growing.,Primary_Claim,adequate,"Paragraph_1|Final_Claim|0,327","Paragraph_3|Primary_Claim|0,71; Paragraph_4|Primary_Claim|0,142"
"108b_MSU_essay|Paragraph_2|Data|54,643",Paragraph_2,"(54, 643)","They should be the ones children want to be like and the way children want to treat others. Our generation should look up to the men and women who are trying and making our world and society the safest place to be. We should look up to these people because they are protecting us and making sure children as well as adults are safe. Today's society also needs to step back and look at the way heroes treat others. They always treat others in a kind, caring way and do everything they can to help others in the process. Respect is another aspect of being a great role model and hero to many.",Data,adequate,"Paragraph_2|Primary_Claim|0,52","Paragraph_3|Data|73,706; Paragraph_4|Data|144,815"
"108b_MSU_essay|Paragraph_3|Primary_Claim|0,71",Paragraph_3,"(0, 71)",All celebrities are not the role model type that we today should admire.,Primary_Claim,adequate,"Paragraph_1|Final_Claim|0,327","Paragraph_2|Primary_Claim|0,52; Paragraph_4|Primary_Claim|0,142"
"108b_MSU_essay|Paragraph_3|Data|73,706",Paragraph_3,"(73, 706)","In every magazine or celebrity gossip channel there are dozens of pictures of under aged kids out partying and other acts they should not be involved in. The celebrites that are of age are sending horrible messages as well by the way they dress and act in public. I would never consider my hero to be someone who is drunk and partying all night, as well as wearing too much revealing clothing. A few on the other hand do help with charitable causes and give large amounts of help and money to the less fortunate. Unfortunatly we hear less about these heroic people who actually give their time and hard earned money to others in need.",Data,adequate,"Paragraph_3|Primary_Claim|0,71","Paragraph_2|Data|54,643; Paragraph_4|Data|144,815"
"108b_MSU_essay|Paragraph_4|Primary_Claim|0,142",Paragraph_4,"(0, 142)",Our generation and society today should be admiring local heroes and heroes that try and help people they love and strangers off of the street.,Primary_Claim,adequate,"Paragraph_1|Final_Claim|0,327","Paragraph_2|Primary_Claim|0,52; Paragraph_3|Primary_Claim|0,71"
"108b_MSU_essay|Paragraph_4|Data|144,815",Paragraph_4,"(144, 815)","Heroes that should be admired are our military personel that fight for our country so we can sleep in peace and not worry about our safety. Nurses who help and save lives everyday. Teachers who dedicate their lives to educating children and making sure they have the opportunities to live better lives and succeed in everything they strive to achieve. Finally, our parents that dedicate their lives and everything else to make sure we are the best that we can be and have the best lives they know we can have. The sacrafices they make in order to help us and the very long hours they put into a day to make sure we are loved and have everything we need in life to survive.",Data,effective,"Paragraph_4|Primary_Claim|0,142","Paragraph_2|Data|54,643; Paragraph_3|Data|73,706"
"108b_MSU_essay|Paragraph_5|Concluding_Summary|0,307",Paragraph_5,"(0, 307)","That is why I say heroes are they men and women we should look up to, not celebrities Heroes are so close to home and not many people realize that because they are so caught up in trying to be like celebrities. If everyone could just see the many people who make our lives better and easier to live everyone",Concluding_Summary,adequate,"Paragraph_1|Final_Claim|0,327",-
