﻿discourse_id,discourse_part,discourse_boundary,discourse_text,adjudicated_discourse_type,adjudicated_effectiveness,adjudicated_hierarchical,adjudicated_parallel
"109_MSU_essay|Paragraph_1|Final_Claim|0,247",Paragraph_1,"(0, 247)","Heroes are people who have made a difference, someone that was courageous and heroic in their efforts to ensure safety and security. Celebrities are people who are rich and always in the public eye. In my opinion, celebrities should not be admired.",Final_Claim,adequate,-,-
"109_MSU_essay|Paragraph_1|Concluding_Summary|1090,1458",Paragraph_1,"(1090, 1458)","I would not admire a celebrity, but many people to seem to. From acting like celebrities to even dressing like celebrities. I find it ridiculous, because they have not done anything to admire, except the fact that they have talents and found a way to use them. Heroes are the people we should truly admire, simply for the fact they have made a difference in this world.",Concluding_Summary,adequate,"Paragraph_1|Final_Claim|0,247",-
"109_MSU_essay|Paragraph_1|Primary_Claim|249,396",Paragraph_1,"(249, 396)","Heroes are not rich, famous, or trying to be noticed for their talents; they are simply people who put forth an effort to save someone or something.",Primary_Claim,adequate,"Paragraph_1|Final_Claim|0,247","Paragraph_1|Primary_Claim|629,855"
"109_MSU_essay|Paragraph_1|Data|398,627",Paragraph_1,"(398, 627)","People should admire heroes and honestly look up to them, because they are the people who have actually put their own lives on the line to save something else. These people are the ones who make the world a better and safer place.",Data,adequate,"Paragraph_1|Primary_Claim|249,396",-
"109_MSU_essay|Paragraph_1|Primary_Claim|629,855",Paragraph_1,"(629, 855)","When it comes down to celebrities, what have they done to make someone admire them? Just because they are rich, famous, and always in the public eye does not mean they have done anything to make someone want to look up to them.",Primary_Claim,effective,"Paragraph_1|Final_Claim|0,247","Paragraph_1|Primary_Claim|249,396"
"109_MSU_essay|Paragraph_1|Data|857,1088",Paragraph_1,"(857, 1088)","Most of the time, celebrities are the ones who always end going to jail for murder, drugs, forgery, robbery, embezzlement, etc. They are the ones that get off with only a couple of months compared to many years for average citizens.",Data,adequate,"Paragraph_1|Primary_Claim|629,855",-
