﻿discourse_id,discourse_part,discourse_boundary,discourse_text,adjudicated_discourse_type,adjudicated_effectiveness,adjudicated_hierarchical,adjudicated_parallel
"10_MSU_essay|Paragraph_1|Nonannotated|0,244",Paragraph_1,"(0, 244)","Musicians, artists, writers, scientists, and many other professionals are constantly trying to create original and unique pieces of work. Unfortunately, many of the greatest things have already been created, leaving it difficult for originality.",Nonannotated,-,-,-
"10_MSU_essay|Paragraph_1|Final_Claim|246,379",Paragraph_1,"(246, 379)","Although it can be hard to be truly original, originality can still be accomplished if one uses personal experience and views on life.",Final_Claim,effective,-,-
"10_MSU_essay|Paragraph_2|Data|0,727",Paragraph_2,"(0, 727)","Even though it is a difficult task to accomplish, it is still possible for a professional to be truly original. Adding personal experience will help achieve originality when creating a piece of work. Noone has ever experienced the exact same situations with the same feelings. Therefore, adding personal experience into the work will make it original because noone else will have experienced the exact same thing. Also adding personal views on life can make it original because not everyone feels the same way about different aspects in life. For example, if the same story line is written for a movie but the writer's views on it is different, the way the audience sees the show will also be different, resulting in originality.",Data,effective,"Paragraph_1|Final_Claim|246,379",-
"10_MSU_essay|Paragraph_3|Concluding_Summary|0,517",Paragraph_3,"(0, 517)","There have been many great musicians, writers, artists, scientists, and other professionals who have done a phenomenal job in creating original and unique pieces of work, leaving it hard for new businesspeople to be truly orignal without recreating what has already been done; however, originality and uniqueness can still be accomplished. Adding personal experience and one's view on life will allow originality in pieces of work. Even though it can be difficult to be original, one must also strive to do their best.",Concluding_Summary,effective,"Paragraph_1|Final_Claim|246,379",-
