﻿discourse_id,discourse_part,discourse_boundary,discourse_text,adjudicated_discourse_type,adjudicated_effectiveness,adjudicated_hierarchical,adjudicated_parallel
"10b_MSU_essay|Paragraph_1|Nonannotated|0,746",Paragraph_1,"(0, 746)","Originality is truly in the eye of the beholder. Not only do people not seem to understand the value of originality, they grossly underestimate its power and influence over what we as a society accept as norms. We as human beings are drawn to things that are new and things not yet attempted, or so we assume not yet attempted. When we see acrobats flipping through the air, our favorite pop artist break out new dance moves, or the President move our nation into new directions, we do not think twice before becoming excited,entertained, or intrigued. For something to be original, it must be something that relates to something done before. Not only do people not understand what originality is, they often do not take the time to thinkabout it.",Nonannotated,-,-,-
"10b_MSU_essay|Paragraph_1|Final_Claim|748,961",Paragraph_1,"(748, 961)","In the way of our world today it is important to not only know the true meaning of originality, but to know why artists CAN be ""truly original"" and why theworld is an everchanging canvas for artists and their work.",Final_Claim,effective,-,-
"10b_MSU_essay|Paragraph_2|Primary_Claim|0,98",Paragraph_2,"(0, 98)",Originality is the basis for which we as people concentrate on making something great or memorable.,Primary_Claim,adequate,"Paragraph_1|Final_Claim|748,961","Paragraph_3|Primary_Claim|0,34; Paragraph_4|Primary_Claim|0,82"
"10b_MSU_essay|Paragraph_2|Data|100,834",Paragraph_2,"(100, 834)","Teachers at elementary schools work on Christmas floats, trying to make them ""original"". Landscape architects try to make the landscape better in new and ""original"" ways. Every industry, not just the entertainment industry, goes for broke trying to be original. Look at Apple's ipod group. When those devices hit the market, it was the best thing since sliced bread. Now, other corporations like Microsoft are developing ""wanna-be"" versions of the ipod like the ""zune"". Every idea, creation, or development is original in its own respect; however, if we did not look at things done before and develop our ideas off of that, then no progress could be made, no new and exciting gadgets, and no innovations to improve the quality of life.",Data,adequate,"Paragraph_2|Primary_Claim|0,98",-
"10b_MSU_essay|Paragraph_3|Primary_Claim|0,34",Paragraph_3,"(0, 34)",The world is an everchanging place.,Primary_Claim,adequate,"Paragraph_1|Final_Claim|748,961","Paragraph_2|Primary_Claim|0,98; Paragraph_4|Primary_Claim|0,82"
"10b_MSU_essay|Paragraph_3|Data|36,488",Paragraph_3,"(36, 488)","With new products hitting the market everyday, we tend to become either adverse to change or ready to face change on a regular basis. When we look out into the marketplace, we can easily see how ""originality"" affects what we buy. Many of us would not dare buy a ""zune"" because it is not the original version of the product. Some people are even this way about the food brands they buy, unless they see that certain label, it's not going into the basket.",Data,adequate,"Paragraph_3|Primary_Claim|0,34",-
"10b_MSU_essay|Paragraph_4|Primary_Claim|0,82",Paragraph_4,"(0, 82)","The world is a place to express oneself, not a place to try to ""out-do"" each other.",Primary_Claim,adequate,"Paragraph_1|Final_Claim|748,961","Paragraph_2|Primary_Claim|0,98; Paragraph_3|Primary_Claim|0,34"
"10b_MSU_essay|Paragraph_4|Concluding_Summary|496,940",Paragraph_4,"(496, 940)","People and ideas can be original, they can be new, they can be innovative. Making something people like is great, and no doubt the idea of originality was considered.However, trying to convince a diverse population that something is ""truly original"" is much like fighting a losing battle. It is often not worth the trouble. Originality comes in many forms, and those forms are what makes our world spin round, trying to find the next best thing.",Concluding_Summary,effective,"Paragraph_1|Final_Claim|748,961",-
"10b_MSU_essay|Paragraph_4|Data|84,494",Paragraph_4,"(84, 494)","It is in our nature to compete, which only drives us to do better and better things, but we should realize that originality is something only obtainable if one knows what he or she is looking for. Simply attempting to grow a better vegetable, make a new computer chip, or develop a better cell phone is only the first step. Looking into our past is the only way we can realize the potential for ""new"" originals.",Data,adequate,"Paragraph_4|Primary_Claim|0,82",-
