﻿discourse_id,discourse_part,discourse_boundary,discourse_text,adjudicated_discourse_type,adjudicated_effectiveness,adjudicated_hierarchical,adjudicated_parallel
"110_MSU_essay|Paragraph_1|Nonannotated|0,85",Paragraph_1,"(0, 85)","In the media celebrities are everywhere, they are our entertainment, our way to relax.",Nonannotated,-,-,-
"110_MSU_essay|Paragraph_1|Final_Claim|87,152",Paragraph_1,"(87, 152)",I argue that a celebrity should get just as much credit as a hero.,Final_Claim,adequate,-,-
"110_MSU_essay|Paragraph_2|Data|0,663",Paragraph_2,"(0, 663)","When families get together and go out to the movies the actors they watch are usually what we call celebrities. Even though a family going out to the movies may not seem like a big deal sometimes it is. Growing up in big family makes it hard for the entire family to be able to go on a nice outing like the movies. So when a big family is able to go out it usually is a big impact on a child's life. I remember the first movie my entire family saw together, ""The Nile."" We saw that movie at the IMAX Theater and I would have to say it was enjoyable and good bonding time with my family. To this day, it is hard for my entire family to be together at the same time.",Data,adequate,"Paragraph_2|Primary_Claim|665,813",-
"110_MSU_essay|Paragraph_2|Primary_Claim|665,813",Paragraph_2,"(665, 813)","Although the actors in the movie did not physically help families, they indirectly help families to come together, and they should get credit for it.",Primary_Claim,adequate,"Paragraph_1|Final_Claim|87,152","Paragraph_3|Primary_Claim|339,423"
"110_MSU_essay|Paragraph_3|Data|0,337",Paragraph_3,"(0, 337)","Have you ever came home in a bad mood? A good way to relax and just get somethings off your mind would be to put on your headphones and just listen to some music. To hear the soothing voice of Beyonce or Celine Dion might be the answer that will not push you to fuss at your kid or argue with your spouse. Music is a big deal, everywhere.",Data,adequate,"Paragraph_3|Primary_Claim|339,423",-
"110_MSU_essay|Paragraph_3|Primary_Claim|339,423",Paragraph_3,"(339, 423)",Musicians do hard work and have the ability to reach many people through their music.,Primary_Claim,effective,"Paragraph_1|Final_Claim|87,152","Paragraph_2|Primary_Claim|665,813"
"110_MSU_essay|Paragraph_4|Nonannotated|0,55",Paragraph_4,"(0, 55)","Celebrities or heroes are not perfect, we are all human.",Nonannotated,-,-,-
