﻿discourse_id,discourse_part,discourse_boundary,discourse_text,adjudicated_discourse_type,adjudicated_effectiveness,adjudicated_hierarchical,adjudicated_parallel
"111_MSU_essay|Paragraph_1|Nonannotated|0,416",Paragraph_1,"(0, 416)","When young teenagers turn on their tvs instantly they are drawn to the famous person. This also occurs when magazines, newspapers, or even internet sites are opened or looked at. They see the famous person and think immediatly I want to be just like him. If the person become involved in a serious matter involving negative activity then the young teen becomes confused and believes the actions been viewed are right.",Nonannotated,-,-,-
"111_MSU_essay|Paragraph_1|Final_Claim|418,521",Paragraph_1,"(418, 521)","Thus, we should all take time out to pin point the real hero in our socitey rather than the celebrities.",Final_Claim,adequate,-,-
"111_MSU_essay|Paragraph_2|Primary_Claim|0,29",Paragraph_2,"(0, 29)",Celebrities are all around us.,Primary_Claim,adequate,"Paragraph_1|Final_Claim|418,521","Paragraph_3|Primary_Claim|0,86"
"111_MSU_essay|Paragraph_2|Data|31,388",Paragraph_2,"(31, 388)","These people can be seen in tv commericals, movie screens, and music videos. Many have been around longer than others because of the young age that they started. Older celebrities tend to be more mature and can possibly be the ideal role model.Some may be school or college dropouts. When teens see this they tend to think its okay to follow their footsteps.",Data,adequate,"Paragraph_2|Primary_Claim|0,29",-
"111_MSU_essay|Paragraph_3|Primary_Claim|0,86",Paragraph_3,"(0, 86)",Heros are different from role models. They are the ones who steadily helps out society.,Primary_Claim,effective,"Paragraph_1|Final_Claim|418,521","Paragraph_2|Primary_Claim|0,29"
"111_MSU_essay|Paragraph_3|Data|88,685",Paragraph_3,"(88, 685)","One hero that typically comes to my mind is Oprah Winfrey. After being molested as a young child, she continued on despite the tragic event. She continued on with her life because she knew she could not let that one mishap discourage her from being what she was destined to be. Now as a multimillionare she steadily contributes to the society. She built a school in Africa, gave people in her audience cars, and even gave families thousands of dollars in scholarships. No, a hero does not have to be a millionare but simply one who has a kind heart and wants to help people in ways no one else can.",Data,effective,"Paragraph_3|Primary_Claim|0,86",-
"111_MSU_essay|Paragraph_4|Nonannotated|0,127",Paragraph_4,"(0, 127)","Many people indeed have the concept of and hero and a celebrity mixed up. Although they both can range from many different ages,",Nonannotated,-,-,-
