﻿discourse_id,discourse_part,discourse_boundary,discourse_text,adjudicated_discourse_type,adjudicated_effectiveness,adjudicated_hierarchical,adjudicated_parallel
"112_MSU_essay|Paragraph_1|Nonannotated|0,15",Paragraph_1,"(0, 15)",Christofer Howel,Nonannotated,-,-,-
"112_MSU_essay|Paragraph_2|Nonannotated|0,318",Paragraph_2,"(0, 318)",We attempt to classify people as famous not for doing great things but for being well known or rich. Many of these so called famous people have done nothing more than entertain us. On the contrary there are people out there that we call heros and these are the ones that are less offten rightfully recognized as famous.,Nonannotated,-,-,-
"112_MSU_essay|Paragraph_3|Primary_Claim|0,181",Paragraph_3,"(0, 181)",People that are famous in places like New York and Hollywood offten live in huge mansions and do not asspire to do anything but make money and become bigger celebrities for doing so.,Primary_Claim,adequate,"Paragraph_6|Final_Claim|0,238","Paragraph_4|Primary_Claim|0,98; Paragraph_5|Primary_Claim|0,133"
"112_MSU_essay|Paragraph_3|Data|183,408",Paragraph_3,"(183, 408)",Many of these same people were born into fame as an ascribed status. They have never had to see the truly bad aspects of the world so they do not understand how much people that have need a hero more than a good song or movie.,Data,adequate,"Paragraph_3|Primary_Claim|0,181",-
"112_MSU_essay|Paragraph_4|Primary_Claim|0,98",Paragraph_4,"(0, 98)",There are some famous people that rose to that position through their own hard work and dedication.,Primary_Claim,adequate,"Paragraph_6|Final_Claim|0,238","Paragraph_3|Primary_Claim|0,181; Paragraph_5|Primary_Claim|0,133"
"112_MSU_essay|Paragraph_4|Data|100,419",Paragraph_4,"(100, 419)",Many of these people do not forget where they have come from and strive to help those people that are still there. These are the ones who should be called heros. The ones who work when they do not need to but because they know it will help a fellow man and not just a person below them in the social and economic status.,Data,adequate,"Paragraph_4|Primary_Claim|0,98",-
"112_MSU_essay|Paragraph_5|Primary_Claim|0,133",Paragraph_5,"(0, 133)","The difference between being a hero and being famous is that heros do not help in order to become celebritiesm, they simply do to help.",Primary_Claim,adequate,"Paragraph_6|Final_Claim|0,238","Paragraph_3|Primary_Claim|0,181; Paragraph_4|Primary_Claim|0,98"
"112_MSU_essay|Paragraph_5|Data|136,581",Paragraph_5,"(136, 581)",Heros do not ask to be in movies so that their names will be known and they will be thrust into stardum. Celebrities are famous because of their abilitys to please us but the problem is that we are pleased until we leave the cinema and are thrust into ordinary life where we will probably forget most of the movie we just saw. Heros are not forgotten by the people whos lives they have helped they are remembered and praised for their generosity.,Data,adequate,"Paragraph_5|Primary_Claim|0,133","Paragraph_5|Data|583,792"
"112_MSU_essay|Paragraph_5|Data|583,792",Paragraph_5,"(583, 792)",Another difference is whenever heros do become famous for their good deeds they do not use it to get rich instead they use their fame to influence others to be generous and give what they can to those who cant.,Data,adequate,"Paragraph_5|Primary_Claim|0,133","Paragraph_5|Data|136,581"
"112_MSU_essay|Paragraph_6|Final_Claim|0,238",Paragraph_6,"(0, 238)",True heros are not the ones who have played superman in the movies but the ones who played him in real life. These people are not affected by fame in a negative way but in a way that gives them the ability to recruit others to their cause.,Final_Claim,adequate,-,-
