﻿discourse_id,discourse_part,discourse_boundary,discourse_text,adjudicated_discourse_type,adjudicated_effectiveness,adjudicated_hierarchical,adjudicated_parallel
"11_MSU_essay|Paragraph_1|Nonannotated|0,341",Paragraph_1,"(0, 341)","Originality is often overstated in society today. Many people say that a piece of art is very original or a research project is clever and unique. However, the truth as I have seen has proven otherwise. Originality has lost its true form. Once known for thinking differently from everyone else is now just merely merging with ideas of others.",Nonannotated,-,-,-
"11_MSU_essay|Paragraph_1|Final_Claim|343,529",Paragraph_1,"(343, 529)","People are constantly gathering information from the world and people around them, therefore it is impossible to know true originality or if it was adapted from someone or something else.",Final_Claim,effective,-,-
"11_MSU_essay|Paragraph_1|Nonannotated|531,581",Paragraph_1,"(531, 581)",This change can be seen in many scientific studies.,Nonannotated,-,-,-
"11_MSU_essay|Paragraph_2|Data|0,827",Paragraph_2,"(0, 827)","Although researchers today feel great success with new medical discoveries, often they are merely improving the developments from others. Bright discoveries that seem original, often are discovered by combining many repetitive research assignments into one conclusion. There are few experiments today that have not been done before. The stipulations of research surveys today shows this. Often when reading a study's findings one notices the preciseness of the research. For example for originality purposes studies now indicate gender of human subjects, age, income, and other factors. This is utilized to create supposedly authentically new information for the general public to observe. However, many findings are actually not that different and generic trends can be observed between them. This leads to lacking originality.",Data,adequate,"Paragraph_1|Final_Claim|343,529","Paragraph_3|Data|0,727"
"11_MSU_essay|Paragraph_3|Data|0,727",Paragraph_3,"(0, 727)","I have indeed experienced the difficulty in finding research projects that have not already been done. In high school I was required to complete a science fair project in which I had to utilize a scientific principle to study about life. However, this is a very difficult thing to do. With the ease of having internet access it was difficult to search any idea about science and not find a study already denoting the outcome of that proposed experiment. So many topics from strength of egg shell to mathematical statistical problems have been studied since the creation of the subjects. This leads to people trying to originalize ideas of others by just slightly altering a factor or two of a study, which is not truly original.",Data,adequate,"Paragraph_1|Final_Claim|343,529","Paragraph_2|Data|0,827"
"11_MSU_essay|Paragraph_4|Nonannotated|0,246",Paragraph_4,"(0, 246)","The rate of expanding research has definitely decreased since the age of Enlightenment, due to less originality in the subjects studied. People often don't want to do what has already been done by others because that leads to little claim to fame.",Nonannotated,-,-,-
"11_MSU_essay|Paragraph_4|Concluding_Summary|0,593",Paragraph_4,"(0, 593)",Scientific exploration is definitely not a limitless experience it is inevitable that one day there will be no more to study or discover that will not have already been known. People are very complex creatures and originality is and will always be no more than a irrational label attached by a new observer than a true compliment to authenticity.,Concluding_Summary,adequate,-,-
