﻿discourse_id,discourse_part,discourse_boundary,discourse_text,adjudicated_discourse_type,adjudicated_effectiveness,adjudicated_hierarchical,adjudicated_parallel
"11b_MSU_essay|Paragraph_1|Nonannotated|0,251",Paragraph_1,"(0, 251)","Originality has long been thought of as a goal that must be achieved in order to become the person that one is capable of becoming. Without originality, it could be said that a person is merely a recreation of someone who has come and gone before them.",Nonannotated,-,-,-
"11b_MSU_essay|Paragraph_1|Final_Claim|253,382",Paragraph_1,"(253, 382)",It is nearly impossible to have truely original thought solely because of the vast amount of people that inhabit this great earth.,Final_Claim,adequate,-,-
"11b_MSU_essay|Paragraph_1|Nonannotated|384,663",Paragraph_1,"(384, 663)","Each one of them is constantly thinking, constantly wondering. It is important to strive for indiviuality but it also important to recognize ideas that have been around for a long time. The importance of these ideas must not be lost in the search for riginality that exists today.",Nonannotated,-,-,-
"11b_MSU_essay|Paragraph_2|Data|0,719",Paragraph_2,"(0, 719)","In the world today, people strive to be different. This is attempted by changing what has been the accpeted norm for ages. They make an effort to dress i a way that will draw attention. They make themselves heard when they boisterously share their opinion on a controversial subject. But the facts remain, they are not the first to do these things. For hundreds of years, people have been drawing attention to themselves for various reasons. This is not truely original thought or action, but thought and action taken from people who have done it in the past. There is nothing overly special about them. They are merely recreating something that has been done many times before but putting their own special twist to it.",Data,adequate,"Paragraph_1|Final_Claim|253,382","Paragraph_3|Data|0,556"
"11b_MSU_essay|Paragraph_3|Data|0,556",Paragraph_3,"(0, 556)","Recently, a movement has been made driven largely by the youth of America. This movement entails people rebelling against what is accepted. It is preached in television shows and songs from various bands, that people should not conform, that people should rise up against what they are being force fed by people who ""know what is best for them,"" that people should be original. A prime example of this can be found in most any song by the band System of a Down. They call for rebellion against the government and what the government expects from its people.",Data,adequate,"Paragraph_1|Final_Claim|253,382","Paragraph_2|Data|0,719"
"11b_MSU_essay|Paragraph_4|Nonannotated|0,93",Paragraph_4,"(0, 93)",Is it truely possible to be completely original? Many in the world today would say that it is.,Nonannotated,-,-,-
"11b_MSU_essay|Paragraph_4|Concluding_Summary|95,509",Paragraph_4,"(95, 509)","But when thought it given to the subject, it can be seen there originality in its purest form is all but gone. It cool to be a non-conformist in today's culture. But now, someone is conforming to a non-conformist lifestyle so it defeats the purpose of not conforming in the first place. Originality is a lost art. However, the ability to think for onesself and not be influenced by everything the world says is not.",Concluding_Summary,adequate,-,-
