﻿discourse_id,discourse_part,discourse_boundary,discourse_text,adjudicated_discourse_type,adjudicated_effectiveness,adjudicated_hierarchical,adjudicated_parallel
"121_MSU_essay|Paragraph_1|Final_Claim|0,141",Paragraph_1,"(0, 141)",I think that heroes are the only people that deserve to get admiration from people. Hereos unlike celebreties work for there success and fame.,Final_Claim,effective,-,-
"121_MSU_essay|Paragraph_1|Nonannotated|143,315",Paragraph_1,"(143, 315)","In our society people pay too much attention to celebreties and the things they do. Their success is so easily obtained, yet they overshadow the real hereos we see everyday.",Nonannotated,-,-,-
"121_MSU_essay|Paragraph_2|Data|0,657",Paragraph_2,"(0, 657)","A hereo is someone who does something admirable with reason or question. It can be as simple has helping the elderly with grociers or helping them walk. Or it can be as big as saving someones life or protecting them. Everyday hereos like cops, and fireman dont recieve the fame of celebreties but should recieve more admiration. When 9/11 happened many people rushed to the seen to help. Fireman risked there lives to remove ruble and help people out. These are example of hereos because of their selfless act of courage. Countless cops have risked their lives and or died to protect innocent people from criminals. These people lead by example at all times.",Data,effective,"Paragraph_1|Final_Claim|0,141",-
"121_MSU_essay|Paragraph_3|Concluding_Summary|0,473",Paragraph_3,"(0, 473)","Although many people enjoy reading about the lives of celebrities we should not admire them unless they have earned it by doing something admirable. Celebrities are famous for the work that they do in movies, music, and tv shows and often times they recieve too much praise for thier work. Celebrities are meant to be adored and famous. Heroes should be admired and respected above all. Heroes are real role models and lead thier lives as good examples for others to follow.",Concluding_Summary,effective,"Paragraph_1|Final_Claim|0,141",-
