﻿discourse_id,discourse_part,discourse_boundary,discourse_text,adjudicated_discourse_type,adjudicated_effectiveness,adjudicated_hierarchical,adjudicated_parallel
"122_MSU_essay|Paragraph_1|Nonannotated|0,616",Paragraph_1,"(0, 616)","Celebrities are the people who entertain us and spend most of their time around Hollywood. Being a celebrity means that all the attention usually falls on you. No matter what a celebrity does, the media always seems to be following him or her around. Many people admire celebrites because of their fame and good looks. Others admire celebrites for their hardwork in their community. But many feel that celebrites are only admired for their looks and fame. As this statement is probably true, many celebrites give back to their communites and ask for nothing in return. This kind of behavior deserves to be recognized.",Nonannotated,-,-,-
"122_MSU_essay|Paragraph_1|Final_Claim|618,857",Paragraph_1,"(618, 857)","So even though some celebrities are fasle icons, some celebrities should still be celebrated as heroes because they give back to their community, they made it from a tough background, and many do not ask for recognition of their good deeds.",Final_Claim,effective,-,-
"122_MSU_essay|Paragraph_2|Primary_Claim|0,151",Paragraph_2,"(0, 151)","Celebrites are not the epitomy of heroes, but that does not mean that celebrities can not be heroes because many of them give back to their communities.",Primary_Claim,effective,"Paragraph_1|Final_Claim|618,857","Paragraph_3|Primary_Claim|0,123; Paragraph_4|Primary_Claim|0,82"
"122_MSU_essay|Paragraph_2|Data|153,394",Paragraph_2,"(153, 394)","Over the years many celebrites have used their fame and their large amounts of money to help out a variety of charities and foundations. Many celebrites have even created their own foundations, and they use their fame to get others to donate.",Data,adequate,"Paragraph_2|Primary_Claim|0,151",-
"122_MSU_essay|Paragraph_3|Primary_Claim|0,123",Paragraph_3,"(0, 123)","Most celebrities live in all the glitz and glamour, but many people do not realize this is not how all of their lives began.",Primary_Claim,effective,"Paragraph_1|Final_Claim|618,857","Paragraph_2|Primary_Claim|0,151; Paragraph_4|Primary_Claim|0,82"
"122_MSU_essay|Paragraph_3|Data|125,629",Paragraph_3,"(125, 629)","Many self-made celebrities started out in poverty and worked their way up. This is very evident in songs that rappers like 50 Cent and David Banner put out on their cds. No matter how rich some of these celebrities get, they never forget their roots. Alot of these artists, especially rappers, will go back to their home towns and try to get kids off the streets and in school. Many self-made celebrites will also go back and build houses or put up homeless shelters in the poor city that they grew up in.",Data,effective,"Paragraph_3|Primary_Claim|0,123",-
"122_MSU_essay|Paragraph_4|Primary_Claim|0,82",Paragraph_4,"(0, 82)",Many celebrites give back to their communities because it is the right thing to do.,Primary_Claim,adequate,"Paragraph_1|Final_Claim|618,857","Paragraph_2|Primary_Claim|0,151; Paragraph_3|Primary_Claim|0,123"
"122_MSU_essay|Paragraph_4|Data|84,449",Paragraph_4,"(84, 449)","Not very many celebrities go around bragging about how much they donate and why they should be rewarded for their good deeds. This is why many award shows give away awards to celebrites who graciously give back to the community without complaining. Few celebrites get lifetime awards, which recognize all their good deeds that they have done throughout their career.",Data,adequate,"Paragraph_4|Primary_Claim|0,82",-
"122_MSU_essay|Paragraph_5|Concluding_Summary|0,419",Paragraph_5,"(0, 419)","Some celebrites do deserve to be celebrated as heroes because they give back to the community, they made it from a tough background, and they do not ask to be recongnized for their good deeds. Without the good deeds of some famous celebrities, alot of community service would not be done. If these good celebrities are not recognized because they are famous, then heroes should not be recognized because of theirs deeds.",Concluding_Summary,effective,"Paragraph_1|Final_Claim|618,857",-
