﻿discourse_id,discourse_part,discourse_boundary,discourse_text,adjudicated_discourse_type,adjudicated_effectiveness,adjudicated_hierarchical,adjudicated_parallel
"122b_MSU_essay|Paragraph_1|Nonannotated|0,166",Paragraph_1,"(0, 166)","It is easy to look up to celebrities because of their glamorous lifestyle. However, if one admires a heroe, they are more of a rolemodel than a celebrity will ever be.",Nonannotated,-,-,-
"122b_MSU_essay|Paragraph_1|Final_Claim|168,376",Paragraph_1,"(168, 376)","Even though there are numerous celebrities to admire, heroes are a much better role mode because they work to be great, there is no grandfather effect for their greatness, and heroes are genuinely good people.",Final_Claim,effective,-,-
"122b_MSU_essay|Paragraph_2|Primary_Claim|0,89",Paragraph_2,"(0, 89)","Unlike many celebrities, heroes need to work hard in order to obtain the label of a heroe.",Primary_Claim,effective,"Paragraph_1|Final_Claim|168,376","Paragraph_3|Primary_Claim|0,175; Paragraph_4|Primary_Claim|0,86"
"122b_MSU_essay|Paragraph_2|Data|91,657",Paragraph_2,"(91, 657)","Singers and actors may work for a period of time producing songs or movies, but when that is completed they get to lounge around and watch their money pile up. Heroes on the otherhand work hard every day and try to help the public in any way they can. For example, the fire fighters and policemen who helped during the 9/11 attacks are considered heroes because of their heroic actions and putting their lives at risk for others. Sitting next to your in ground pool with a cold drink in your hand that your butler got for you is not helping out the public in any way.",Data,effective,"Paragraph_2|Primary_Claim|0,89",-
"122b_MSU_essay|Paragraph_3|Primary_Claim|0,175",Paragraph_3,"(0, 175)","Not only do heroes work hard to recieve the name heroe, but they do not depend on their parents or grandparents to pass down their rich and fame like many celebrities do today.",Primary_Claim,effective,"Paragraph_1|Final_Claim|168,376","Paragraph_2|Primary_Claim|0,89; Paragraph_4|Primary_Claim|0,86"
"122b_MSU_essay|Paragraph_3|Data|177,582",Paragraph_3,"(177, 582)","Paris Hilton is a perfect example. Paris Hilton has not done anything significant in her life to obtain her celebrity lifestyle except being an offspring of the Hilton family. Hilton has not proved to be a great rolemodel, unless you look up to people who make sex tapes, for young people today. Heroes on the otherhand, earn their status. They do not depend on their family to get to where they are today.",Data,effective,"Paragraph_3|Primary_Claim|0,175",-
"122b_MSU_essay|Paragraph_4|Primary_Claim|0,86",Paragraph_4,"(0, 86)","Heroes work hard to be great, earn their status, and are genuinely good people as well.",Primary_Claim,effective,"Paragraph_1|Final_Claim|168,376","Paragraph_2|Primary_Claim|0,89; Paragraph_3|Primary_Claim|0,175"
"122b_MSU_essay|Paragraph_4|Data|88,633",Paragraph_4,"(88, 633)","Heroes have so many great qualities in them for young kids to look up to. For example, heroes put others before themselves, do not take anything for granted, and are hard workers. If my future kids had any of these qualities, I would be grateful. On the other hand, if my kids had qualities of a superstar, the outbreak of World War III would occur because I am not interested in having a kid who is stuck up, only cares about material objects, and is not grateful for what they have. Heroes have many more great qualities for kids to look up to.",Data,adequate,"Paragraph_4|Primary_Claim|0,86",-
"122b_MSU_essay|Paragraph_5|Concluding_Summary|0,373",Paragraph_5,"(0, 373)","In the end, there are numerous celebrities to admire, but in the long run, heroes are a much better role model. Heroes work hard to be great, there is no grandfather effect on their greatness, and heroes are genuinely good people. When I raise a family, I will be more interested in introducing my kids to American heroes rather than the super stars we see in the magazines.",Concluding_Summary,effective,"Paragraph_1|Final_Claim|168,376",-
