﻿discourse_id,discourse_part,discourse_boundary,discourse_text,adjudicated_discourse_type,adjudicated_effectiveness,adjudicated_hierarchical,adjudicated_parallel
"123_MSU_essay|Paragraph_1|Nonannotated|0,47",Paragraph_1,"(0, 47)",The act of admiring heroes is almost a lost art.,Nonannotated,-,-,-
"123_MSU_essay|Paragraph_1|Nonannotated|212,346",Paragraph_1,"(212, 346)",Sometimes it seems more like popularity contest than looking for true merit in a particular celebrity. People just are not stacking up.,Nonannotated,-,-,-
"123_MSU_essay|Paragraph_1|Final_Claim|49,210",Paragraph_1,"(49, 210)","While some celebrities are true men and women of integrity and zeal, few people in the public eye are truly deserving of the admiration and claos they often earn",Final_Claim,adequate,-,-
"123_MSU_essay|Paragraph_2|Primary_Claim|0,85",Paragraph_2,"(0, 85)",The Heroes of old have all either been forgotten or besmirched in some way or another.,Primary_Claim,ineffective,"Paragraph_1|Final_Claim|49,210","Paragraph_3|Primary_Claim|0,116"
"123_MSU_essay|Paragraph_2|Data|87,391",Paragraph_2,"(87, 391)","Baseball stars used steroids betraying legions of fans who looked up tp them for there integrity and work ethic, political heroes are psychoanalyzed with only the most blatant irreverence and war heroes fall by the wayside and have even entered the realm of taboo. they do not make them like they used to.",Data,ineffective,"Paragraph_2|Primary_Claim|0,85",-
"123_MSU_essay|Paragraph_3|Primary_Claim|0,116",Paragraph_3,"(0, 116)","Not to say that there are not any admirable celebrities, its just the difference between Brad Pitt and T.E. Lawrence.",Primary_Claim,adequate,"Paragraph_1|Final_Claim|49,210","Paragraph_2|Primary_Claim|0,85"
"123_MSU_essay|Paragraph_3|Data|118,823",Paragraph_3,"(118, 823)","Sure Pitt does a lot of philanthropic work and generally campaigns for good causes, few man today have gone out and done what Thomas Edward Lawrence did during World War I. Lawrence took it on himself to accomplish the impossible and then some. While he failed in the ""and then some department"" he more than succeeded in the impossible department by rallying the Arab people and uniting them, if only temporarily against the Turkish forces. He gave his all to the cause and came home a world renowned hero for his contribution to the war effort. While there are many brave men and women in the world fighting the good fight few have accomplished what that British officer and map drawer did in the dessert.",Data,adequate,"Paragraph_3|Primary_Claim|0,116",-
"123_MSU_essay|Paragraph_4|Concluding_Summary|0,270",Paragraph_4,"(0, 270)","In conclusion despite the amount of praise worthy people out there today few have accomplished as much as the heroes of yore. the ancient Greeks had this theory that man, no matter how hard we try, is in a constant state of decline of quality and I ask the world, are we?",Concluding_Summary,adequate,"Paragraph_1|Final_Claim|49,210",-
