﻿discourse_id,discourse_part,discourse_boundary,discourse_text,adjudicated_discourse_type,adjudicated_effectiveness,adjudicated_hierarchical,adjudicated_parallel
"124_MSU_essay|Paragraph_1|Nonannotated|0,391",Paragraph_1,"(0, 391)","What exactly is the difference between a ""hero"" and a ""celebrity""? A hero is someone who in not selfish and will do an act to help someone with out thinking of themselves. A celebrity typically is someone who thinks of themselves to get to the top. People look up to both heros and celebrities because of what they are known for. Of course heros should be admired, but why should celebrities?",Nonannotated,-,-,-
"124_MSU_essay|Paragraph_1|Final_Claim|393,491",Paragraph_1,"(393, 491)","Not all celebrities should be admired, all though some should because of what they do to give back.",Final_Claim,adequate,-,-
"124_MSU_essay|Paragraph_2|Nonannotated|0,104",Paragraph_2,"(0, 104)",In todays generation everywhere someone goes their is something about the daily celebrity gossip or news.,Nonannotated,-,-,-
"124_MSU_essay|Paragraph_2|Primary_Claim|106,182",Paragraph_2,"(106, 182)",Certain celebrities should not be admired like Paris Hilton or Lindsay Lohan.,Primary_Claim,adequate,"Paragraph_1|Final_Claim|393,491","Paragraph_3|Primary_Claim|0,65"
"124_MSU_essay|Paragraph_2|Data|184,637",Paragraph_2,"(184, 637)","They have done nothing to show that kids or teenagers should want to be anything like them. Hilton had a sex tape out and Lohan had a drug problem. Yet everyday with the media they were the top story and being praised for their work. A hero is someone who should be praised and admired for their work. The firefighters from September 11th are heros. These are the people everyone should admire, people who do selfless acts without thinking of themselves.",Data,adequate,"Paragraph_2|Primary_Claim|106,182",-
"124_MSU_essay|Paragraph_3|Primary_Claim|0,65",Paragraph_3,"(0, 65)",Now their are some celebrities who of course are considered heros.,Primary_Claim,effective,"Paragraph_1|Final_Claim|393,491","Paragraph_2|Primary_Claim|106,182"
"124_MSU_essay|Paragraph_3|Data|67,490",Paragraph_3,"(67, 490)","Many give back to the community and take the power they do have to use it for good. Many celebrities like Sandra Bullock and Julia Roberts gave back during hurricane Katrina. They gave millions of dollars to the communities that needed them the most. Also, some celebrities have charities they give back to. These are the celebrities we should be admiring. Not the ones that go out and party and only think about themselves.",Data,effective,"Paragraph_3|Primary_Claim|0,65",-
"124_MSU_essay|Paragraph_4|Concluding_Summary|0,517",Paragraph_4,"(0, 517)","In closing I feel certain celebrities are heros to some people. Those celebrities should be admired for their hard work and efforts they put into giving back. The celebrities that think they are to good to have anything to do with all the ""normal"" people are who we should not admire. We do not want our children to aspire to be like them. We want our children to dream of being a hero, someone who thinks of others first and makes their own name. A hero is someone to look up to and only wish to one day be like them.",Concluding_Summary,effective,"Paragraph_1|Final_Claim|393,491",-
