﻿discourse_id,discourse_part,discourse_boundary,discourse_text,adjudicated_discourse_type,adjudicated_effectiveness,adjudicated_hierarchical,adjudicated_parallel
"124b_MSU_essay|Paragraph_1|Nonannotated|0,346",Paragraph_1,"(0, 346)","A hero is someone who has been courageous or has done something to help another person. Celebrities can be heroes, but some are not. People should not admire celebrities. They should admire heroes. Being a celebrity does not mean one has the qualifications to be seen as a hero. He may just be famous and fans admire their fame, not their heroism.",Nonannotated,-,-,-
"124b_MSU_essay|Paragraph_1|Final_Claim|348,478",Paragraph_1,"(348, 478)","Although celebrities can be good people, everyone should admire heroes instead due to their courage and willingness to help others.",Final_Claim,effective,-,-
"124b_MSU_essay|Paragraph_2|Primary_Claim|0,82",Paragraph_2,"(0, 82)",When someone thinks of a hero one of the first thoughts to come to mind is courage.,Primary_Claim,adequate,"Paragraph_1|Final_Claim|348,478","Paragraph_3|Primary_Claim|0,39"
"124b_MSU_essay|Paragraph_2|Data|84,723",Paragraph_2,"(84, 723)","Courage is not being brave when everyone else is scared. Courage is being able to persevere through an obstacle even if one does not want to. Heroes display this characteristic; however, celebrities do not necessarily display it. For example, a soldier goes to fight and risk his life though he may not want to. That is an example of being courageous. How hard is it to act in front of a camera? How difficult could it be to have a song played on the radio? This does not mean celebrities are bad people or that they can not be heroes. It just means that they are admired for their talent, and having a talent does not make a person heroic.",Data,effective,"Paragraph_2|Primary_Claim|0,82",-
"124b_MSU_essay|Paragraph_3|Primary_Claim|0,39",Paragraph_3,"(0, 39)","Next, heroes are willing to help others.",Primary_Claim,adequate,"Paragraph_1|Final_Claim|348,478","Paragraph_2|Primary_Claim|0,82"
"124b_MSU_essay|Paragraph_3|Data|41,567",Paragraph_3,"(41, 567)","In many cases, the hero does not even know whom it is they are helping. For instance, a fireman may run into a burning building and save a child who was stuck inside. The fireman probably does not know the child, yet puts his own life on the line to save him. A hero could also be one that donates money to charity or does community service. If a celebrity were willing to volunteer, or donate money, or something of that sort, he is a hero. On the other hand, simply being famous and having money does not make anybody heroic.",Data,effective,"Paragraph_3|Primary_Claim|0,39",-
"124b_MSU_essay|Paragraph_4|Concluding_Summary|0,413",Paragraph_4,"(0, 413)","There is no doubt that celebrities can not be good people. It is pointless, though, to admire them for money and fame. Heroes do the right thing without worrying about receiving award or fame for it. If anybody does something ""heroic"" and expects fame and gratitude for it, he is not a hero. If a celebrity is courageous and willing to help someone just to be a good person, they are a hero and deserve admiration.",Concluding_Summary,adequate,"Paragraph_1|Final_Claim|348,478",-
