﻿discourse_id,discourse_part,discourse_boundary,discourse_text,adjudicated_discourse_type,adjudicated_effectiveness,adjudicated_hierarchical,adjudicated_parallel
"125_MSU_essay|Paragraph_1|Nonannotated|0,187",Paragraph_1,"(0, 187)","What is a hero? A hero is a person of admiration or who show massive amounts of charisma. Heroes are beings that have saved lives, conquered tremendous feats, or have simply been a father.",Nonannotated,-,-,-
"125_MSU_essay|Paragraph_1|Final_Claim|189,581",Paragraph_1,"(189, 581)","Heroes can be anybody or even a nobody. Everyone has the right to look up to anyone she/he pleases. People these days have the right to admire who they please, which may be a celebrity or an everyday person; no matter the case they are in fact a hero to many. Heroes are those who do great things or good role models and people will look to them that way, but the fact is anyone can be a hero.",Final_Claim,effective,-,-
"125_MSU_essay|Paragraph_2|Primary_Claim|0,123",Paragraph_2,"(0, 123)","Heroes will always be around and as long as there are human beings in general, heroes will contain a wide variety of people.",Primary_Claim,effective,"Paragraph_1|Final_Claim|189,581","Paragraph_3|Primary_Claim|0,80; Paragraph_4|Primary_Claim|0,61"
"125_MSU_essay|Paragraph_2|Data|125,451",Paragraph_2,"(125, 451)","Heroes can be anybody, they do not pertain just to average joes that save someone from a burning building. I think that those people are indeed heroes but celebrities will always be in the running because they have things normal people do not money, power, and fame. Everyone admires these things and in turn admire the person.",Data,adequate,"Paragraph_2|Primary_Claim|0,123",-
"125_MSU_essay|Paragraph_3|Primary_Claim|0,80",Paragraph_3,"(0, 80)",Secondly people will never forget they have the freedom to worship who they want.,Primary_Claim,adequate,"Paragraph_1|Final_Claim|189,581","Paragraph_2|Primary_Claim|0,123; Paragraph_4|Primary_Claim|0,61"
"125_MSU_essay|Paragraph_3|Data|82,604",Paragraph_3,"(82, 604)","Simply saying hey Oprah is not a person to look up to is wrong. She is famous but look at what she has accomplished and do not forget what she gives back to people. Oprah constantly donates money and holds fund raisers. There are people who have done great things and are famous. Aside from that, human beings have a thing for the things they do not possess and they true possessors have that over there heads. Often confused with heroes, celebrities have what we do not so I admire the fact they have it but not as a hero.",Data,effective,"Paragraph_3|Primary_Claim|0,80",-
"125_MSU_essay|Paragraph_4|Primary_Claim|0,61",Paragraph_4,"(0, 61)","Lastly, I believe that all this has been a pointless argument.",Primary_Claim,ineffective,"Paragraph_1|Final_Claim|189,581","Paragraph_2|Primary_Claim|0,123; Paragraph_3|Primary_Claim|0,80"
"125_MSU_essay|Paragraph_4|Data|63,406",Paragraph_4,"(63, 406)","Here in the world there is not a place saying that a hero has to be someone that cannot be a celebrity. If someone chooses that road then whats stopping them. I think a false sense of hope is better then no hope at all. At least that person is happy believing their hero is worth looking at with pride. Heroes can be anybody, it is just a fact.",Data,adequate,"Paragraph_4|Primary_Claim|0,61",-
"125_MSU_essay|Paragraph_5|Concluding_Summary|0,314",Paragraph_5,"(0, 314)","In conclusion, I think heroes are those who have the ability to come one. They are those who are look upon as heroes. They have people who call them heroes. If nobody views one as a hero then one is simply not. I am not but it does not mean I cannot. Heroes are individuals with charisma and everyone can gain that.",Concluding_Summary,adequate,"Paragraph_1|Final_Claim|189,581",-
