﻿discourse_id,discourse_part,discourse_boundary,discourse_text,adjudicated_discourse_type,adjudicated_effectiveness,adjudicated_hierarchical,adjudicated_parallel
"125b_MSU_essay|Paragraph_1|Nonannotated|0,114",Paragraph_1,"(0, 114)","It is said that celebrities are ""people who simply seem great because they are famous"", but is this statement true?",Nonannotated,-,-,-
"125b_MSU_essay|Paragraph_1|Final_Claim|116,482",Paragraph_1,"(116, 482)","Individuals see celebrities as role models in every aspect of their lives. Whether it be for motivation to do better in school, or to be a better person, celebrities are somewhat heroes. Even though some celebrities do not exhibit the traits of a good role model, some make it their duty to do great so that people, especially children, can follow in their footsteps.",Final_Claim,adequate,-,-
"125b_MSU_essay|Paragraph_2|Data|0,635",Paragraph_2,"(0, 635)","Who is a hero? As seen in cartoons or acton movies, heroes are the 'good guys'. The ones that always defeat the vilains, save the town or city, and those that people love, admire and immitate. But the cicumstances on which those people are classified as heroes, cannot be depicted in real life situations thus, we turn to the next best thing, people who are famous. ""[H]eroes are people who are famous because they are great"", but greatness can be portrayed in many different ways. Ys, heroes are self-made, but it is bias to suggest that people should not admire heroes and not celebrities because there is a fine line between the two.",Data,adequate,"Paragraph_1|Final_Claim|116,482","Paragraph_3|Data|0,584"
"125b_MSU_essay|Paragraph_3|Data|0,584",Paragraph_3,"(0, 584)","Michael Jackson is considered one of our greatest heroes. He had admirers all over the world, he had people who wanted to be like him, immitated every dance move he made, and knew about his life just as if they were living with him all their life. Similarly, Denzel Washington has admirers all over the worls, women who are madly attracted to him, and people would do anything just to get his autograph. He has all the so called 'traits' of being a hero, but do we consider him one. We see him as a great celebrity who people look up to, and someone who do things for the greater good.",Data,adequate,"Paragraph_1|Final_Claim|116,482","Paragraph_2|Data|0,635"
"125b_MSU_essay|Paragraph_4|Concluding_Summary|0,433",Paragraph_4,"(0, 433)","Therefore, in a sense, celebrities are our heroes. Celebrities are famous, and so are heroes, but it is what they do to attain these titiles. It is an subjective view to think that people should admire heores and not celebrities because who are we to give a title to someone based on social morals? If people see an indivdual as being a role model, then that is so, even if they are celebrities, who are great because they are famous.",Concluding_Summary,adequate,"Paragraph_1|Final_Claim|116,482",-
