﻿discourse_id,discourse_part,discourse_boundary,discourse_text,adjudicated_discourse_type,adjudicated_effectiveness,adjudicated_hierarchical,adjudicated_parallel
"126_MSU_essay|Paragraph_1|Nonannotated|0,179",Paragraph_1,"(0, 179)","Almost everyone has a hero, but many of these people are not actually heroes. Most are just famous celebrities who have never done anything heroic except for in a movie or TV show.",Nonannotated,-,-,-
"126_MSU_essay|Paragraph_1|Final_Claim|181,462",Paragraph_1,"(181, 462)","Heroes are the real role models. Today, we do not look up to heroes as much as we should because we get to interested in famous celebrities. Even though celebrities are famous and rich, we should admire true heroes because they make better role models and are usually better people.",Final_Claim,effective,-,-
"126_MSU_essay|Paragraph_2|Data|0,500",Paragraph_2,"(0, 500)","Heroes have many qualities. The most common quality is courage. These people become heroes because they have done some sort of courageous, self-less act. Heroes do this in real life, celebrities only pretend to do these things for a camera. While a hero is seriously risking his/her life, the celebrity is bringing in a stunt double act for him. The hero is a real person who really does great things, however celebrities usually get more fame for just acting like a hero on TV. This should not be so.",Data,adequate,"Paragraph_2|Primary_Claim|502,566",-
"126_MSU_essay|Paragraph_2|Primary_Claim|502,566",Paragraph_2,"(502, 566)",People should look up to the real people who really do something.,Primary_Claim,adequate,"Paragraph_1|Final_Claim|181,462","Paragraph_3|Primary_Claim|446,527"
"126_MSU_essay|Paragraph_3|Data|0,444",Paragraph_3,"(0, 444)","How many times this week has the news had some big breaking scandal about a celebrity? Everyday there is some celebrity who goes to jail, gets in a fight, or gets caught using drugs. Are these really the people we should be looking up to? A hero does not have these problems. Take Audie Murphy for example. He was the hero of WWII, and you never heard one single word against him. He was loved by everyone and was a good role model to the world.",Data,adequate,"Paragraph_3|Primary_Claim|446,527",-
"126_MSU_essay|Paragraph_3|Primary_Claim|446,527",Paragraph_3,"(446, 527)",Celebrities are usually bad people and have no business being anyone's role model.,Primary_Claim,adequate,"Paragraph_1|Final_Claim|181,462","Paragraph_2|Primary_Claim|502,566"
"126_MSU_essay|Paragraph_4|Concluding_Summary|0,369",Paragraph_4,"(0, 369)","People should really think before they consider someone a role model. It's easy to see someone in a movie and instantly believe, without thinking, that they are a great person and a hero just because they pretended to be one. We should all look for the real, average person, heroes who live among us. These people are the ones who deserve to be looked up to and admired.",Concluding_Summary,adequate,"Paragraph_1|Final_Claim|181,462",-
