﻿discourse_id,discourse_part,discourse_boundary,discourse_text,adjudicated_discourse_type,adjudicated_effectiveness,adjudicated_hierarchical,adjudicated_parallel
"126b_MSU_essay|Paragraph_1|Nonannotated|0,428",Paragraph_1,"(0, 428)","Throughout history, many heroes and celebrities have been admired for all their tough work. In fact, heroes a type of celebrity. Heroes tend to set good examples for people, especially children. Celebrities are often bad influences on children due to violence, greed, and portraying wealth as the most important factor in their lives. On the other hand, not all celebrities are considered bad influences some just are not heroes.",Nonannotated,-,-,-
"126b_MSU_essay|Paragraph_1|Final_Claim|430,594",Paragraph_1,"(430, 594)","Even though heroes and celebrities are both famous, heroes should be admired over celebrities because they set good examples, they have morals, and they are genuine.",Final_Claim,effective,-,-
"126b_MSU_essay|Paragraph_2|Primary_Claim|0,40",Paragraph_2,"(0, 40)",Heroes most definitely set good examples.,Primary_Claim,adequate,"Paragraph_1|Final_Claim|430,594","Paragraph_3|Primary_Claim|0,93; Paragraph_4|Primary_Claim|0,58"
"126b_MSU_essay|Paragraph_2|Data|42,886",Paragraph_2,"(42, 886)","The good examples may be saving people. For example, Batman saves many people from the Joker who is harming them. Also,heroes set good examples by helping people. In the movie Annie, Daddy Warbucks adopts Annie from an orphanage so she does not have to live a dreary life in the hands of Mrs.Hannigan. Mrs. Hannigan is a mean woman who runs the orphanage and causes the children to suffer. It is nice to know that the hero changed her life to a happy one, which is what a hero is able to do. Heroes are simply defined as good people who are able to set good examples and hopefully by examining heroes this will cause many people to change their lifestyles to help others. On the other hand, celebrities do not portray this goodness all the time. Heroes are setting good examples all the time, but celebrities only set good examples occasionally.",Data,effective,"Paragraph_2|Primary_Claim|0,40",-
"126b_MSU_essay|Paragraph_3|Primary_Claim|0,93",Paragraph_3,"(0, 93)","Not only do heroes set good examples, but they have morals they live by on a day to day basis.",Primary_Claim,adequate,"Paragraph_1|Final_Claim|430,594","Paragraph_2|Primary_Claim|0,40; Paragraph_4|Primary_Claim|0,58"
"126b_MSU_essay|Paragraph_3|Data|95,636",Paragraph_3,"(95, 636)","This says a lot about who they really are. Morals give structure to life. In this case, they provide meaning for life. For example the hero may workout everyday, eat healthy, and attend work everyday. This shows that he lives a healthy lifestyle. On the other hand, celebrities tend to shop all the time. Paris Hilton is a well known celebrity who is always shopping. Although shopping is fun and many women enjoy it, it does not give structure for living. Instead, it causes many people to go in debt. Morals are extremely important to have.",Data,effective,"Paragraph_3|Primary_Claim|0,93",-
"126b_MSU_essay|Paragraph_4|Primary_Claim|0,58",Paragraph_4,"(0, 58)","While it is true heroes have morals, they also are genuine.",Primary_Claim,adequate,"Paragraph_1|Final_Claim|430,594","Paragraph_2|Primary_Claim|0,40; Paragraph_3|Primary_Claim|0,93"
"126b_MSU_essay|Paragraph_4|Data|60,502",Paragraph_4,"(60, 502)","o be Genuine is important. It shows that a person is real and not always pretending to enjoy doing something. A hero saves people because he wants to, not because he has to. Also, a hero helps people in bad times because he wants to. Celebrities only help people when they feel it will cause them to look good. It is not a genuine act of kindness. The act of heroes being genuine causes people to trust them more than if they were not genuine.",Data,adequate,"Paragraph_4|Primary_Claim|0,58",-
"126b_MSU_essay|Paragraph_5|Concluding_Summary|0,460",Paragraph_5,"(0, 460)","Celebrities are good people, but they do not have all the good qualities that heroes have. These include setting good examples, having morals, and being genuine. Celebrities are good in the fact that they work very hard and they entertain people, but they do not set the best examples for people like heroes do. It is important to admire both heroes and celebrities, but overall heroes should be most admired. Without heroes the world would not be as organized.",Concluding_Summary,effective,"Paragraph_1|Final_Claim|430,594",-
