﻿discourse_id,discourse_part,discourse_boundary,discourse_text,adjudicated_discourse_type,adjudicated_effectiveness,adjudicated_hierarchical,adjudicated_parallel
"127b_MSU_essay|Paragraph_1|Nonannotated|0,676",Paragraph_1,"(0, 676)","Can a celebrity not be famous and do great things as well? We should not exclude celebrities from the hero classification or role model capability. While celebrities are famous for other works they can also do great things and be great people like heros, they should not be excluded just for pre-existing fame. There are many heros that have also taken celebrity status from their great works, why can this not be reversed and those who are already famous and do great works be considered heros. While some may feel that the celebrity is only gaining hero status due to previous recognition and fame, regardless the person is doing good works and living and examplificary life.",Nonannotated,-,-,-
"127b_MSU_essay|Paragraph_1|Final_Claim|678,943",Paragraph_1,"(678, 943)","Even though they may have been known for something else before, celebrities should be able to be considered heros or role models becuase they are doing good work and should not be broughten down by their previous fame as long as they are truely living a heroic life.",Final_Claim,effective,-,-
"127b_MSU_essay|Paragraph_2|Data|0,440",Paragraph_2,"(0, 440)",There are many celebrities who have used their fame to inspire others and lead people to do good works. The Disney channel is a prime example of how celebrities can be heros or role models. They show kids how their network celebrities are impacting the world and inspiring change. They are displaying the importance of doing good and giving the viewers strong role models to look up to. Being an example for younger kids is heroic in itself.,Data,effective,"Paragraph_1|Final_Claim|678,943",-
"127b_MSU_essay|Paragraph_3|Concluding_Summary|0,765",Paragraph_3,"(0, 765)","Whether or not a person is a famous celebrity or an average Joe, how one lives their life should be the deciding factor of hero status or not. Anyone can be a great role model or hero, it all depends on the persons actions in and out of the spot light. For celebrities they have it harder due to the non-stop press and attention, this allows for more chances to be caught off guard or slip-ups in behavior. But for one to have celebrity status and still be seen as a strong person displaying good actions, why should they not be considered a hero or role model? Heros should be determined by what a person does to better those around them and what they contribute to society that leads to positive change, not who knows them or what has made them famous in the past.",Concluding_Summary,effective,"Paragraph_1|Final_Claim|678,943",-
