﻿discourse_id,discourse_part,discourse_boundary,discourse_text,adjudicated_discourse_type,adjudicated_effectiveness,adjudicated_hierarchical,adjudicated_parallel
"128_MSU_essay|Paragraph_1|Nonannotated|0,188",Paragraph_1,"(0, 188)",People seem to think that celebrities should not be thought of in the same category as a hero. A celebrity is a well known figure while a hero is a figure known for some courageous actions.,Nonannotated,-,-,-
"128_MSU_essay|Paragraph_1|Final_Claim|190,350",Paragraph_1,"(190, 350)","Even though a celebrity and a hero have two different meanings in a dictionary, they are similar because celebrities can be heroes and heroes can be celebrities.",Final_Claim,adequate,-,-
"128_MSU_essay|Paragraph_2|Primary_Claim|0,147",Paragraph_2,"(0, 147)","Firstly, celebrities can be heroes when, because of the fame that is associated with their person, they do something for a number of people in need.",Primary_Claim,adequate,"Paragraph_1|Final_Claim|190,350","Paragraph_3|Primary_Claim|0,44"
"128_MSU_essay|Paragraph_2|Data|149,526",Paragraph_2,"(149, 526)","This can be observed when Oprah, the talk show celebrity, built a school in Africa so as to help in educating the Africans Another example can be seen such as Shaggy, the Jamaican musician, hosting a charity show with proceeds going to the Belview Childrens' Hospital. All these works of charity are considered to be great works and in this way, celebrities are seen as heroes.",Data,effective,"Paragraph_2|Primary_Claim|0,147",-
"128_MSU_essay|Paragraph_3|Primary_Claim|0,44",Paragraph_3,"(0, 44)","Finally,heroes in themselves are celebrities.",Primary_Claim,adequate,"Paragraph_1|Final_Claim|190,350","Paragraph_2|Primary_Claim|0,147"
"128_MSU_essay|Paragraph_3|Data|46,447",Paragraph_3,"(46, 447)","Once a great work has been done, almost everyone knows about it. It is announced nationwide over the internet, television, radio and other communicable devices. Fame is automatically brought upon these people.For example, when Rosa Parks refused to get up from the bus seat so that a white person could get it. That was seen as being very brave in those times and she became well known for such a deed.",Data,effective,"Paragraph_3|Primary_Claim|0,44",-
"128_MSU_essay|Paragraph_4|Concluding_Summary|0,210",Paragraph_4,"(0, 210)","Therefore, celebrities and heroes should be admired alike because they both can accomplish can what the other can do. There is no barrier between a hero and a celebrity. One can move from being one to the other.",Concluding_Summary,adequate,"Paragraph_1|Final_Claim|190,350",-
