﻿discourse_id,discourse_part,discourse_boundary,discourse_text,adjudicated_discourse_type,adjudicated_effectiveness,adjudicated_hierarchical,adjudicated_parallel
"128b_MSU_essay|Paragraph_1|Nonannotated|0,256",Paragraph_1,"(0, 256)",Celebrities and heroes coexist in a fairytale place known as Hollywood and the real world as we call it. Both I would have to same are equal in value because a heroes is a person that someone may look up to or admire and a celebrity is also one in the same.,Nonannotated,-,-,-
"128b_MSU_essay|Paragraph_1|Final_Claim|258,478",Paragraph_1,"(258, 478)","Even though at times heroes are look at as if they are more important than celebrities, they still have equal value because they both have people who look up to them and they also uphold a reputation that is hard to keep.",Final_Claim,effective,-,-
"128b_MSU_essay|Paragraph_2|Primary_Claim|0,175",Paragraph_2,"(0, 175)","Both heroes and celebrities are famous for the same reason, either they did something great enough for people to recognize or it and they have inspired many by choice of words.",Primary_Claim,effective,"Paragraph_1|Final_Claim|258,478","Paragraph_3|Primary_Claim|0,156; Paragraph_4|Primary_Claim|0,131"
"128b_MSU_essay|Paragraph_2|Data|177,404",Paragraph_2,"(177, 404)",These actions sometimes come from huge Hollywood movies where an actor/actress may have played a character so good and now that person becomes a hero and a celebrity at the same time just from what they may have done in a movie.,Data,adequate,"Paragraph_2|Primary_Claim|0,175",-
"128b_MSU_essay|Paragraph_3|Primary_Claim|0,156",Paragraph_3,"(0, 156)",Celebs and heroes both have reputations to uphold simply because they are in the eyes of the people and they care about how they are portrayed by the people.,Primary_Claim,effective,"Paragraph_1|Final_Claim|258,478","Paragraph_2|Primary_Claim|0,175; Paragraph_4|Primary_Claim|0,131"
"128b_MSU_essay|Paragraph_4|Primary_Claim|0,131",Paragraph_4,"(0, 131)",Heroes and Celebs both have done something great thats why they get the same reactions from people when they are out in the public.,Primary_Claim,adequate,"Paragraph_1|Final_Claim|258,478","Paragraph_2|Primary_Claim|0,175; Paragraph_3|Primary_Claim|0,156"
"128b_MSU_essay|Paragraph_4|Data|133,225",Paragraph_4,"(133, 225)","People come and acts for autographs, they cry, and they're even offered things of high value.",Data,ineffective,"Paragraph_4|Primary_Claim|0,131",-
"128b_MSU_essay|Paragraph_5|Concluding_Summary|0,256",Paragraph_5,"(0, 256)","In conclusion celebs and heroes both play the same role in modern day life. Most people cant see the heroes in celebrities but they're not just famous for doing nothing, as well as heroes, a lot of people may not see the celebrity in a hero but its there.",Concluding_Summary,adequate,"Paragraph_1|Final_Claim|258,478",-
