﻿discourse_id,discourse_part,discourse_boundary,discourse_text,adjudicated_discourse_type,adjudicated_effectiveness,adjudicated_hierarchical,adjudicated_parallel
"129_MSU_essay|Paragraph_1|Nonannotated|0,508",Paragraph_1,"(0, 508)","When one is asked who they admire, why do people sometimes say a celebrity? There is a thin line between being a celebrity and being a hero. That line can cross from one side to another in just one action. People say a hero can be someone who has saved a life in a fire, or is fighting for their life against cancer. They can be someone who gives back to their community, and puts others first before themselves. A hero is someone who will stand up for the week and inisent. So couldn't a hero be a celebrity?",Nonannotated,-,-,-
"129_MSU_essay|Paragraph_1|Final_Claim|510,744",Paragraph_1,"(510, 744)","Even though many people see celebrities as brats who get paid to much for doing nothing, they are the ones who are giving back to the people the most by giving donations to charities, and helping children see the better things in life.",Final_Claim,adequate,-,-
"129_MSU_essay|Paragraph_2|Data|0,876",Paragraph_2,"(0, 876)","Celebrities are in the spot light 24/7. They are always being watch by the public and every little mistake that they do is seen and spread about the country. But what people do not see what celebrities do is be a hero to someone. Many celebrities give money to charities like breast cancer and AIDs so they will have money to help find a cure. They want just as much as us to stop these viruses from killing people. They are the ones who donate a ton of money to these charities, in which many of us do not have the money to do that. They understand that they do have the money and can make a difference. They are not going to spend it all on themsleves, so they give it to charities that need it. Some celebrites even have their own charities that they have formed because they believe in their cause and that their cause needs to be stopped, or be pushed into the spot light.",Data,effective,"Paragraph_2|Primary_Claim|878,967",-
"129_MSU_essay|Paragraph_2|Primary_Claim|878,967",Paragraph_2,"(878, 967)","Everyday celebrities' money is being used to help others survive, and that is being a hero.",Primary_Claim,effective,"Paragraph_1|Final_Claim|510,744","Paragraph_3|Primary_Claim|0,80"
"129_MSU_essay|Paragraph_3|Primary_Claim|0,80",Paragraph_3,"(0, 80)",Not only do they give donations but they go and visit the sick to give them hope.,Primary_Claim,adequate,"Paragraph_1|Final_Claim|510,744","Paragraph_2|Primary_Claim|878,967"
"129_MSU_essay|Paragraph_3|Data|82,489",Paragraph_3,"(82, 489)","Many celebrities go to children hospitals to see some of their biggest fans. They spend a whole day with them doing what that child wants to do. They talk to them and give them hope that they will be better soon. Sometimes that is what a person needs. Someone to give them hope. They need to hear is from someone who they look up to and for a celebrity to do that for a child, well that is them being a hero.",Data,adequate,"Paragraph_3|Primary_Claim|0,80",-
"129_MSU_essay|Paragraph_4|Concluding_Summary|0,313",Paragraph_4,"(0, 313)","Being a hero is something that someone can not do on command. It can be donig something from donating money, to visiting a sick child, to saving a life. People say that only doctors, policeman, and soliders are the only types of heroes. But i know that heroes can be anyone and most of those heroes are celebrites.",Concluding_Summary,effective,"Paragraph_1|Final_Claim|510,744",-
