﻿discourse_id,discourse_part,discourse_boundary,discourse_text,adjudicated_discourse_type,adjudicated_effectiveness,adjudicated_hierarchical,adjudicated_parallel
"129b_MSU_essay|Paragraph_1|Nonannotated|0,397",Paragraph_1,"(0, 397)","In the world we live in today, there is an unlimited number of people we could call role models. There is a limited number, however, of people who are actually worthy of having this title. Just because a person is famous does not automatically give them the title of a good person. For example, would any sane person ever consider charles manson to be a role model? He's famous, why not admire him?",Nonannotated,-,-,-
"129b_MSU_essay|Paragraph_1|Final_Claim|399,650",Paragraph_1,"(399, 650)","The people we look up to as a society should not be who we see on E! walking down the red carpet, but rather the people who do something great for the betterment of people, their country, or just makes people stand back and say wow, how'd they do that.",Final_Claim,effective,-,-
"129b_MSU_essay|Paragraph_2|Data|0,339",Paragraph_2,"(0, 339)","One example of a hero to me is Albert Einstein. The world would not be the same if it were not for this man. His contributions to science and many other fields of study helped advance the world into a new age, and through his life, he inspired the next generation of young scientists to come through and pick up the torch where he left off.",Data,effective,"Paragraph_1|Final_Claim|399,650","Paragraph_3|Data|0,349; Paragraph_4|Data|0,609"
"129b_MSU_essay|Paragraph_3|Data|0,349",Paragraph_3,"(0, 349)",Another hero that all people should look up to no matter what one believes is a soldier that fights for his country. Anyone that will fly halfway across the world to fight in a place where there are 100 million people that all hate him just so that his fellow countrymen can sleep soundly in their beds at night deserves all the respect one can give.,Data,effective,"Paragraph_1|Final_Claim|399,650","Paragraph_2|Data|0,339; Paragraph_4|Data|0,609"
"129b_MSU_essay|Paragraph_4|Data|0,609",Paragraph_4,"(0, 609)","A great example of a different kind of hero is the person that does something so amazing that it is almost unthinkable that it happened. Take Brett Favre for example. He holds the NFL record for most consecutive games started with somewhere around 300. That is utterly unheardof in the NFL, let alone by a quarterback. But that is just the tip of the iceberg when its comes to Favre. He also holds the record for most passing yards ever, most career touchdowns ever, and most interceptions ever. To top it all off, this is his twentieth season in the NFL, a number reached by only the most hardiest of players.",Data,effective,"Paragraph_1|Final_Claim|399,650","Paragraph_2|Data|0,339; Paragraph_3|Data|0,349"
"129b_MSU_essay|Paragraph_5|Concluding_Summary|0,548",Paragraph_5,"(0, 548)","These people are the real heroes that society should look up to. Just because Ryan Seacrest and Joan Rivers about have a heartattack when Lady GaGa walks down the red carpet does not mean that people should just follow suit. The only difference between celebrities and regular joes is that they can act or sing better than most. Well yeah, but a garbage man is better at his job than most, too. All in all, a person should not be gauged on the social status, but rather what they've done that have made the lifes of people better, touched, or safer.",Concluding_Summary,effective,"Paragraph_1|Final_Claim|399,650",-
