﻿discourse_id,discourse_part,discourse_boundary,discourse_text,adjudicated_discourse_type,adjudicated_effectiveness,adjudicated_hierarchical,adjudicated_parallel
"12_MSU_essay|Paragraph_1|Nonannotated|0,67",Paragraph_1,"(0, 67)",Heroes and celebrities are held in high esteem in this day and time.,Nonannotated,-,-,-
"12_MSU_essay|Paragraph_1|Nonannotated|140,259",Paragraph_1,"(140, 259)","As stated in the quote, ""Heroes are self-made."" Celebrities just happen to obtain large numbers of people who like them.",Nonannotated,-,-,-
"12_MSU_essay|Paragraph_1|Final_Claim|69,138",Paragraph_1,"(69, 138)","Heroes however, should be held in much higher esteem than a celebrity.",Final_Claim,adequate,-,-
"12_MSU_essay|Paragraph_2|Data|0,337",Paragraph_2,"(0, 337)","Most celebrities are actors, singers, and politicians. Although they are good at what they do, they are just doing their job like a doctor or lawyer would. Celebrities are in the spotlight and more often than not, set a bad example. They do not consider their actions and the fact that people watch their every move and want to copy them.",Data,adequate,"Paragraph_2|Primary_Claim|339,433",-
"12_MSU_essay|Paragraph_2|Primary_Claim|339,433",Paragraph_2,"(339, 433)","Celebrities if behavor is as said above, should not be held with the same admiration as heroes.",Primary_Claim,adequate,"Paragraph_1|Final_Claim|69,137","Paragraph_3|Primary_Claim|462,519"
"12_MSU_essay|Paragraph_3|Data|0,460",Paragraph_3,"(0, 460)","Heroes are people who choose to help people and change the outcome of a situation not because it will bring them glory, but because it needs to be done. Heroes are good examples. Heroes even the ones in movies, consider their actions before taking the next step. Heroes are mostly defined as people who changed the situation for good; if a hero did not think about his or her actions before acting, they might do something to hurt the situation instead of help.",Data,adequate,"Paragraph_3|Primary_Claim|462,519",-
"12_MSU_essay|Paragraph_3|Primary_Claim|462,519",Paragraph_3,"(462, 519)",Heroes are to be esteemed and respected for their actions.,Primary_Claim,adequate,"Paragraph_1|Final_Claim|69,137","Paragraph_2|Primary_Claim|339,433"
"12_MSU_essay|Paragraph_4|Concluding_Summary|0,375",Paragraph_4,"(0, 375)","Heroes and celebrities although similar in that they are followed by large crowds, are not the same type of people. Heroes are people who know what they should do and they do it. Celebrities are people who are just merely doing their job and get fame and fortune for it. Celebrities do not set the examples heroes do; therefore, heroes should be admired more than celebrities.",Concluding_Summary,adequate,"Paragraph_1|Final_Claim|69,137",-
