﻿discourse_id,discourse_part,discourse_boundary,discourse_text,adjudicated_discourse_type,adjudicated_effectiveness,adjudicated_hierarchical,adjudicated_parallel
"12b_MSU_essay|Paragraph_1|Nonannotated|0,132",Paragraph_1,"(0, 132)","I understand that today many people attempt to come up with his or her own ideas to say he or she is original. Often, I do so myself.",Nonannotated,-,-,-
"12b_MSU_essay|Paragraph_1|Final_Claim|134,383",Paragraph_1,"(134, 383)","Unfortunately, I believe that one can not be truly original with anything he or she may come up with, simply because everything that one may say he put together, I am definite that the idea has already been originate and thought of by another person.",Final_Claim,effective,-,-
"12b_MSU_essay|Paragraph_2|Data|0,605",Paragraph_2,"(0, 605)","Today, many teenagers watch television and see various styles and trends from famous people such as rappers and different celebrities. Therfore, he or she attempts to go out and be original and buy different things to say that he or she came up with a certain style, but actually, the style that he or she is attempting has already been thought of or has been previously originated. For example, one cannot purchase a scarf and a designer shirt, wear it, and say that he or she originated it because whatever he or she buys has already been originated and thought of. Therefore, this is not truly origanal.",Data,effective,"Paragraph_1|Final_Claim|134,383","Paragraph_3|Data|0,423"
"12b_MSU_essay|Paragraph_3|Data|0,423",Paragraph_3,"(0, 423)","Furthermore, I am a strong believer in God who is the Creator of everything. There is nothing in this world that is new or created without him first. Therefore, spiritually and physically, nothing is truly original because God is the Originator. He created the earth which supplies everything people now use to create different things and take credit for when actually he or she forgets where it may have actually came from.",Data,adequate,"Paragraph_1|Final_Claim|134,383","Paragraph_2|Data|0,605"
"12b_MSU_essay|Paragraph_4|Concluding_Summary|0,344",Paragraph_4,"(0, 344)","It is easy today for one to say that he or she originated something. On the other hand, when one actually thinks about it, the idea has already been thought of by another person and more importantly has been created already by the creator God himself. Therefore, people may take credit and claim things but no one can actually be truly original.",Concluding_Summary,effective,"Paragraph_1|Final_Claim|134,383",-
