﻿discourse_id,discourse_part,discourse_boundary,discourse_text,adjudicated_discourse_type,adjudicated_effectiveness,adjudicated_hierarchical,adjudicated_parallel
"130_MSU_essay|Paragraph_1|Nonannotated|0,172",Paragraph_1,"(0, 172)","Why are certain people recognized for what they have done, such as saving people's lives and others just because they are in movies, television shows, and make music videos?",Nonannotated,-,-,-
"130_MSU_essay|Paragraph_1|Primary_Claim|174,450",Paragraph_1,"(174, 450)","Celebrities get glamorized and made popular just because they are seen as people who are better than everyone else. Whereas people such as firefighters, policemen, army, moms, dads, and any other person who is seen as a hero is not given the proper gratitude that they deserve.",Primary_Claim,adequate,"Paragraph_1|Final_Claim|1846,2086","Paragraph_1|Primary_Claim|2088,2263"
"130_MSU_essay|Paragraph_1|Final_Claim|1846,2086",Paragraph_1,"(1846, 2086)",We should stop giving credit to celebrities because the only thing they do is fake in a controlled environment whereas the true heroes are those people who put their lives at risk for the safety and well being of everyone else in the nation.,Final_Claim,effective,-,-
"130_MSU_essay|Paragraph_1|Primary_Claim|2088,2263",Paragraph_1,"(2088, 2263)","We should give gratitude to the firefighters, policemen, army, and even one's own parents because they are the ones who brought us into the world and raised and cared about us.",Primary_Claim,effective,"Paragraph_1|Final_Claim|1846,2086","Paragraph_1|Primary_Claim|174,450"
"130_MSU_essay|Paragraph_1|Concluding_Summary|2265,2613",Paragraph_1,"(2265, 2613)","I believe that heroes should be recognized only, not the celebrities. Celebrities are actors who put on a show in a controlled environment for everyon's pleasure. Hero's put their own life at risk everyday to save people's lives and they recieve no thanks or recognition. Hero's should be better recognized because without them we would not be here.",Concluding_Summary,effective,"Paragraph_1|Final_Claim|1846,2086",-
"130_MSU_essay|Paragraph_1|Data|452,1844",Paragraph_1,"(452, 1844)","It sickens me to see how people worship celebrities like Brad Pitt, who is only popular because every girl around views him as the hottest person in the world. And all he does is play a role in a fake Hollywood movie with action and death defying stunts that are impossible. People like the firefighters are in danger every time they are called to an emergency and have to put out a burning fire. They actually put their lives at risk just to save the lives of other people. Does Brad Pitt do that? No, he gets more recognition just for smiling in a movie. The policemen save people's lives every night by patrolling the streets to keep criminals from breaking into one's house and murdering he or she then taking everything that they can. Police put their lives into danger expecially if they are faced with a criminal that has a gun and is not afraid to kill innocent people. Do celebrities ever really put their lives into danger to save someone else? The answer is no. They only play a role in a movie that Hollywood has conjured up into some twisted way to show that their character is in immenent danger or they have to save someone else's life by doing things that are humanly impossible. Matt Damon in the Bourne Identities, action packed movies, lots of intense moments, but the reality of it is the fact that it was all fake only to make him look good in doing all those fake stunts.",Data,adequate,"Paragraph_1|Primary_Claim|174,450",-
