﻿discourse_id,discourse_part,discourse_boundary,discourse_text,adjudicated_discourse_type,adjudicated_effectiveness,adjudicated_hierarchical,adjudicated_parallel
"130b_MSU_essay|Paragraph_1|Nonannotated|0,321",Paragraph_1,"(0, 321)","What is the difference between a celebrity and a hero? A celebrity seems like they are wonderful just because of their position in society. A hero is someone who can be looked up to, not because of their position in society but because of their role in society. Lately, the role of hero has been taken over by celebrities.",Nonannotated,-,-,-
"130b_MSU_essay|Paragraph_1|Final_Claim|323,418",Paragraph_1,"(323, 418)","Although celebrities are popular, we should not forget about our heroes and what they do for us.",Final_Claim,adequate,-,-
"130b_MSU_essay|Paragraph_2|Data|0,727",Paragraph_2,"(0, 727)","A hero can be almost anyone. To a young boy it can be his father. To a girl, her mother. The giving can be heroes to the poor. Why do we not appreciate these people more than the people who make movies? The reason is that these everyday people are not celebrities. They are not known worldwide for their achievements. They may not even be known by people in the same city, but these heroes' roles should be praised. What does the hero do for society? A hero can do almost anything. A father can be a hero to his son because to his son, he is the greatest dad ever. A doctor could be a hero to the person that he or she saved from death. A hero could be a garbage man. A hero could be a CEO. It does not matter what someone does.",Data,effective,"Paragraph_2|Primary_Claim|729,810",-
"130b_MSU_essay|Paragraph_2|Primary_Claim|729,810",Paragraph_2,"(729, 810)",Their duties to society and what they do for society are what make someone a hero.,Primary_Claim,effective,"Paragraph_1|Final_Claim|323,418","Paragraph_3|Primary_Claim|0,52"
"130b_MSU_essay|Paragraph_3|Primary_Claim|0,52",Paragraph_3,"(0, 52)",Celebrities should not be looked up to as heroes are.,Primary_Claim,adequate,"Paragraph_1|Final_Claim|323,418","Paragraph_2|Primary_Claim|729,810"
"130b_MSU_essay|Paragraph_3|Concluding_Summary|336,695",Paragraph_3,"(336, 695)","Heroes keep our planet beautiful, our children fed, and even take our waste away. A hero does something that everyone gets benefit from. These people should be admired for what they do. Heroes, not celebrities, should be looked up to by children for that is what they should want to become. Celebrities change the world. Heroes change the world for the better.",Concluding_Summary,effective,"Paragraph_1|Final_Claim|323,418",-
"130b_MSU_essay|Paragraph_3|Data|54,334",Paragraph_3,"(54, 334)","Look around and see that all the celebrities that are currently in society are famous and remembered because of something stupid they have done. Children should not be looking up to this outright dumb behaviour, but they are. Society is not any better because of these celebrities.",Data,adequate,"Paragraph_3|Primary_Claim|0,52",-
