﻿discourse_id,discourse_part,discourse_boundary,discourse_text,adjudicated_discourse_type,adjudicated_effectiveness,adjudicated_hierarchical,adjudicated_parallel
"131_MSU_essay|Paragraph_1|Nonannotated|0,338",Paragraph_1,"(0, 338)","A hero is someone who has either done a great act, or lived life a greatness. Heroes can be any age, shape, or size. To be a celebrity one must simply have many followers. A clebrity can be a movie star, a sports star, an entertainer, or maybe just someone who everyone likes. Both of these types of people can be admired, but should they?",Nonannotated,-,-,-
"131_MSU_essay|Paragraph_1|Final_Claim|340,572",Paragraph_1,"(340, 572)","Although some may say we should only admire heroes because celebrities are just liked by people, I beleive both of these types of people can be looked up to because some celebriteis also have desirable and good trates like heroes do.",Final_Claim,effective,-,-
"131_MSU_essay|Paragraph_2|Data|0,1111",Paragraph_2,"(0, 1111)","One becomes a celebrity simply by being liked by people. Although being liked by people is not something i beleive we should strive for, we should look at why the person is liked by the people. Heroes are liked by people for their heroic acts, or the fact that they live their lives heroicly. Celebrities are liked for many different reasons. Some cellebrities are liked simply because they are attractive people, many celebrites are liked for the work that they do, and still more celebrities are liked only because it is popular to like that celebrity. But there are more, better reasons to like a celebrity. A celebrity could be liked because of a corageous act or statement they have made. To some people celebrities can be heroes. For this reason i feel that to answer the question ""Should we admire heroes but not celebrities?"" should be answered with another question. I feel this question should be, why is this person a celebrity? A celebrity could have been a hero first, they could have done a heroic act or lived a life of greatness and therefore people admire, and like them making them a celebrity.",Data,adequate,"Paragraph_1|Final_Claim|340,572",-
"131_MSU_essay|Paragraph_2|Concluding_Summary|1113,1433",Paragraph_2,"(1113, 1433)","for this reason i do not beleive we can give a simple yes or no answer to this question we must first find out why one is a celebrity before judging them on others opinions. Some may ask if we shouldadmire heroes but not celebrities, i say we must first find out why one is a celebrity before we can answer this question.",Concluding_Summary,ineffective,"Paragraph_1|Final_Claim|340,572",-
