﻿discourse_id,discourse_part,discourse_boundary,discourse_text,adjudicated_discourse_type,adjudicated_effectiveness,adjudicated_hierarchical,adjudicated_parallel
"131b_MSU_essay|Paragraph_1|Nonannotated|0,418",Paragraph_1,"(0, 418)","Why are both heroes and celebrities looked upon the same way? This is something that has baffled people for many years. Heroes and celebrities are two entirely different people. A hero is someone who has done courageous things in his or her lifetime, while a celebrity is someone who is famous for being in movies or just being rich. It is possible for someone to be a hero and a celebrity, but this is seldom the case.",Nonannotated,-,-,-
"131b_MSU_essay|Paragraph_1|Final_Claim|420,663",Paragraph_1,"(420, 663)","Heroes should be admired for their accomplishments. Celebrities, on the other hand, should not be looked as highly upon. Despite the fact that both heroes and celebrities are household names, only heroes should be admired as they are self-made.",Final_Claim,effective,-,-
"131b_MSU_essay|Paragraph_2|Primary_Claim|0,95",Paragraph_2,"(0, 95)",The primary reason that heroes should be looked highly upon is the fact that they are self-made.,Primary_Claim,effective,"Paragraph_1|Final_Claim|420,663","Paragraph_2|Primary_Claim|316,353"
"131b_MSU_essay|Paragraph_2|Primary_Claim|316,353",Paragraph_2,"(316, 353)",Celebrities are usually not self-made.,Primary_Claim,adequate,"Paragraph_1|Final_Claim|420,663","Paragraph_2|Primary_Claim|0,95"
"131b_MSU_essay|Paragraph_2|Data|355,481",Paragraph_2,"(355, 481)",They are often only famous for being rich. Paris Hilton is a great example. She has accomplished nothing and yet she is famous.,Data,adequate,"Paragraph_2|Primary_Claim|316,353",-
"131b_MSU_essay|Paragraph_2|Data|97,314",Paragraph_2,"(97, 314)","This means that they worked hard to earn the title of hero. They usually do heroic things on a daily basis. It could just be a few small things each day, but those tasks could make a difference in another person's day.",Data,adequate,"Paragraph_2|Primary_Claim|0,95",-
"131b_MSU_essay|Paragraph_3|Concluding_Summary|0,139",Paragraph_3,"(0, 139)",It is obvious that heroes should be admired more than celebrities. The main reason for this is that celebrities usually inherent their fame.,Concluding_Summary,adequate,"Paragraph_1|Final_Claim|420,663",-
