﻿discourse_id,discourse_part,discourse_boundary,discourse_text,adjudicated_discourse_type,adjudicated_effectiveness,adjudicated_hierarchical,adjudicated_parallel
"132_MSU_essay|Paragraph_1|Nonannotated|0,482",Paragraph_1,"(0, 482)","People today are constantly searching for new music to compose, new books to write, new paintings to paint, and new movies to show. Unfortunately, many of these people realize that it has already been done, and it is becoming harder to come up with something truly original for a piece of work. Many ideas are becoming variations of things that have already been done. This is something that writers, musicians, artists, scientists, businesspeople, and many others realize every day.",Nonannotated,-,-,-
"132_MSU_essay|Paragraph_1|Final_Claim|484,658",Paragraph_1,"(484, 658)","It rare that something is truly original because many ideas stem from some other previous idea; but, sometimes, in order to be successful, one needs to be completely original.",Final_Claim,effective,-,-
"132_MSU_essay|Paragraph_2|Primary_Claim|0,84",Paragraph_2,"(0, 84)",Music artists try very often to come up with the next big hit that can top the charts.,Primary_Claim,ineffective,"Paragraph_1|Final_Claim|484,658","Paragraph_3|Primary_Claim|0,169"
"132_MSU_essay|Paragraph_2|Data|87,809",Paragraph_2,"(87, 809)","Many songs have similar themes and meanings behind them; and many songwriters will use previous songs they have written to invent a new song for a different artist. For example, there has been debate recently over Kelly Clarkson's song ""Already Gone."" The songwriter who wrote this song also wrote Beyonce's ""Halo."" When the listener hears both songs, they sound extremely similar and many consumers have complained about the similarities. The beginning of the song sounds almost exactly the same and the song also shares many of the same beats, rhythm, and instrument styles. The conflict over ""Halo"" and ""Already Gone"" is a classic example of how it is hard for songwriters to come up with new ideas for music and lyrics.",Data,adequate,"Paragraph_2|Primary_Claim|0,84",-
"132_MSU_essay|Paragraph_3|Primary_Claim|0,169",Paragraph_3,"(0, 169)","In order to be successful in business, one must be able to make things unique; but, it can also be rather difficult for businesspeople to come up with new business ideas.",Primary_Claim,adequate,"Paragraph_1|Final_Claim|484,658","Paragraph_2|Primary_Claim|0,84"
"132_MSU_essay|Paragraph_3|Data|171,520",Paragraph_3,"(171, 520)","They have to come up with a product that is new and unique, and they also must have an original way to market the product. For example, Free Credit Report.com has a unique jingle that it uses on its commercial to get the customers attention. Many companies have gone similar routes as Free Credit Report and use a jingle on their commercials as well.",Data,adequate,"Paragraph_3|Primary_Claim|0,169","Paragraph_3|Data|522,1026"
"132_MSU_essay|Paragraph_3|Data|522,1026",Paragraph_3,"(522, 1026)","The insurance company Geico has also come up with very original ways to represent their company - cavemen and geckos. Their slogan says ""so easy, a caveman can do it"" and their commercials and advertising are all centered on this central theme, along with some help from the Geico Gecko. This way, if a prospective consumer sees these ads, they know which company they are for simply by seeing a caveman or a gecko. So, in seems that in order to be successful in business, one must be able to be original.",Data,effective,"Paragraph_3|Primary_Claim|0,169","Paragraph_3|Data|171,520"
"132_MSU_essay|Paragraph_4|Concluding_Summary|0,394",Paragraph_4,"(0, 394)","In conclusion, it is very difficult to find something unique and original, but it can be done. It is sometimes hard to believe that people can ever truly be original because artists stem off of others ideas every day; but, when one takes a closer look at ideas; many business ideas are completely unique. This shows that although it is difficult, it is possible for someone to be truly original.",Concluding_Summary,effective,"Paragraph_1|Final_Claim|484,658",-
