﻿discourse_id,discourse_part,discourse_boundary,discourse_text,adjudicated_discourse_type,adjudicated_effectiveness,adjudicated_hierarchical,adjudicated_parallel
"132b_MSU_essay|Paragraph_1|Nonannotated|0,52",Paragraph_1,"(0, 52)",There is a thick line between a celebrity and a hero.,Nonannotated,-,-,-
"132b_MSU_essay|Paragraph_1|Final_Claim|54,192",Paragraph_1,"(54, 192)","Celebrities and heroes can sometimes be categorized in the same group, but in reality there are many characteristics that separate the two.",Final_Claim,ineffective,-,-
"132b_MSU_essay|Paragraph_2|Data|0,585",Paragraph_2,"(0, 585)","Celebrities are usually individuals who do things to make money or because they are good at them. For example, movie stars get paid more money than you or I will ever see in a life time because they are good actors/actresses, athletes get paid because of their athletic abilities, or the music artist is famous for their vocal talents. But these celebrities are celebrities because of their talents and because the Average Joe wants to be like them or wants to live like the celebrities; not because of what kind of person he/she may be, but because of what they have and how they live.",Data,adequate,"Paragraph_2|Primary_Claim|587,746",-
"132b_MSU_essay|Paragraph_2|Primary_Claim|587,746",Paragraph_2,"(587, 746)","Celebrities are not great because they are famous, society puts them on a pedestal because they are on television and because their bank accounts are saturated.",Primary_Claim,effective,"Paragraph_1|Final_Claim|54,192","Paragraph_3|Primary_Claim|0,90"
"132b_MSU_essay|Paragraph_3|Primary_Claim|0,90",Paragraph_3,"(0, 90)",Heroes are great for the sole purpose that they perform tasks for the well being of others.,Primary_Claim,effective,"Paragraph_1|Final_Claim|54,192","Paragraph_2|Primary_Claim|587,746"
"132b_MSU_essay|Paragraph_3|Data|92,528",Paragraph_3,"(92, 528)","And they do these tasks without asking for anything in return. A firefighter puts his life on the line to save a child from a burning building but doesn't ask to be put on television or be paid millions of dollars. A marine travels half way around the globe and sacrifices his/her life so that you do not have to, and asks for nothing in return. These people that do things every day and ask for nothing in return are truly great people.",Data,effective,"Paragraph_3|Primary_Claim|0,90",-
"132b_MSU_essay|Paragraph_4|Concluding_Summary|0,314",Paragraph_4,"(0, 314)","Celebrities and heroes are not the same. Heroes ask for nothing when they perform tasks that most people would refuse to do. Celebrities are famous because they have money and are on the movie screen. Celebrities are not bad people, but they are not any better than the Average Joe and they are certainly not great.",Concluding_Summary,adequate,"Paragraph_1|Final_Claim|54,192",-
"132b_MSU_essay|Paragraph_4|Nonannotated|316,376",Paragraph_4,"(316, 376)","But I ask you this one question, what can you do to be great?",Nonannotated,-,-,-
