﻿discourse_id,discourse_part,discourse_boundary,discourse_text,adjudicated_discourse_type,adjudicated_effectiveness,adjudicated_hierarchical,adjudicated_parallel
"133_MSU_essay|Paragraph_1|Final_Claim|0,354",Paragraph_1,"(0, 354)","In this world, people cannot be truly original because of the competition and the world evolving so fast. People try to imitate and restate their ideas or theories as their own or new but truly the work has been seen already. Even though people redo old ideas, they have not been perfected because we can discuss basketball, computers, or gaming consoles.",Final_Claim,adequate,-,-
"133_MSU_essay|Paragraph_2|Primary_Claim|0,72",Paragraph_2,"(0, 72)","First, basketball ideas have been shown and seen by people on television.",Primary_Claim,adequate,"Paragraph_1|Final_Claim|0,354","Paragraph_3|Primary_Claim|0,255; Paragraph_4|Primary_Claim|0,110"
"133_MSU_essay|Paragraph_2|Data|74,758",Paragraph_2,"(74, 758)","Micheal Jordan has perfected new moves in basketball and have made the game at its peak. New players like Kobe Bryant are using those same moves and doing it with more ease and perfection but the point is that the move has been already invented. Nothing is new about the moves or anything special, this is why humans cannot be original, people are always taking old ideas, moves or inventions and perfecting them and taking the credit. For example, people are comparing Bryant to Jordan just because he took Jordan's moves and made them a little different and this makes Bryant receive all the credit. Lance Armstrong once stated ""It is hard to start something but easier to build on"".",Data,adequate,"Paragraph_2|Primary_Claim|0,72",-
"133_MSU_essay|Paragraph_3|Primary_Claim|0,255",Paragraph_3,"(0, 255)","Furthermore, computers have been invented in the past and people are mostly amazed at the inventions made these days but all the formulas that are used to convert old memory cards into stronger and durable cards is being credited to the present generation.",Primary_Claim,adequate,"Paragraph_1|Final_Claim|0,354","Paragraph_2|Primary_Claim|0,72; Paragraph_4|Primary_Claim|0,110"
"133_MSU_essay|Paragraph_3|Data|257,570",Paragraph_3,"(257, 570)","I have seen people really amazed at new chips used in computers and talking about the features but after all said and done, these things have been invented before but only difference is that the new ones are more advanced. The credit is never given to the original inventor because he has been forgotten by people.",Data,adequate,"Paragraph_3|Primary_Claim|0,255",-
"133_MSU_essay|Paragraph_4|Primary_Claim|0,110",Paragraph_4,"(0, 110)","Lastly, gaming consoles and games have seen this same trend of attention even though nothing new has been done.",Primary_Claim,adequate,"Paragraph_1|Final_Claim|0,354","Paragraph_2|Primary_Claim|0,72; Paragraph_3|Primary_Claim|0,255"
"133_MSU_essay|Paragraph_4|Data|112,489",Paragraph_4,"(112, 489)","New games come out on gaming consoles and their main focus is to enhance the game but the only thing that really changes are the graphics. Everything else has been done in the past, newcomers only enhance the graphics for the audience but not game itself because they know it has been done in the past; so they add little more feature and better graphics and receive the credit.",Data,adequate,"Paragraph_4|Primary_Claim|0,110",-
"133_MSU_essay|Paragraph_5|Concluding_Summary|0,529",Paragraph_5,"(0, 529)","Finally, these reasons and examples explain the importance of people not being original. The media uses manipulation to credit the present people with the new ideas and take the real meaning out of the idea from the past ideas. As people change or communities change, ideas are enhanced to bring interest and attention to peoples need. After all said and one, present generation is receiving credit for the things that have been said in the past or invented. Humans cannot never be original because fame is always in people blood.",Concluding_Summary,adequate,"Paragraph_1|Final_Claim|0,354",-
