﻿discourse_id,discourse_part,discourse_boundary,discourse_text,adjudicated_discourse_type,adjudicated_effectiveness,adjudicated_hierarchical,adjudicated_parallel
"133b_MSU_essay|Paragraph_1|Nonannotated|0,52",Paragraph_1,"(0, 52)","The question is, ""Can people ever be truly original?""",Nonannotated,-,-,-
"133b_MSU_essay|Paragraph_1|Final_Claim|54,404",Paragraph_1,"(54, 404)","My answer is yes. People, of all sorts, have been proving for years that although it might take a lot of time and creativity, originality is a reachable goal. If artists and iventors from centuries ago could create some of the most influential works, why would someone else not be able to? Mere laziness or lack of style is the only reasonable answer.",Final_Claim,adequate,-,-
"133b_MSU_essay|Paragraph_2|Primary_Claim|0,146",Paragraph_2,"(0, 146)","I believe that some people are hindered by the idea that everything has already been done. In reality though, there is so much more to be invented.",Primary_Claim,effective,"Paragraph_1|Final_Claim|54,404","Paragraph_3|Primary_Claim|0,68; Paragraph_4|Primary_Claim|0,132"
"133b_MSU_essay|Paragraph_2|Data|148,459",Paragraph_2,"(148, 459)","I was told ,so many times during childhood, that by the time I was able to legally drive, cars would be flying. Although it is a well known idea, it has not happened yet. If someone would take the time and do the research and invent a flying car, I am more than positive the efforts would be considered original.",Data,adequate,"Paragraph_2|Primary_Claim|0,146",-
"133b_MSU_essay|Paragraph_3|Primary_Claim|0,68",Paragraph_3,"(0, 68)","There are so many ways to be original, one must be optimistic though.",Primary_Claim,adequate,"Paragraph_1|Final_Claim|54,404","Paragraph_2|Primary_Claim|0,146; Paragraph_4|Primary_Claim|0,132"
"133b_MSU_essay|Paragraph_3|Data|70,383",Paragraph_3,"(70, 383)","What is original is not always accepted by society. Almost as if it was taboo, originality comes at price, but i heard once that ""if it cost to be the boss, then well I guess I got to pay."" If people wanna be original they have to step up to the plate, go for a home run, and expect the backlash from the opposers.",Data,adequate,"Paragraph_3|Primary_Claim|0,68",-
"133b_MSU_essay|Paragraph_4|Primary_Claim|0,132",Paragraph_4,"(0, 132)","Uniqueness and originality are indeed valuable and although what was once original is being copied, it does not devalue the original.",Primary_Claim,adequate,"Paragraph_1|Final_Claim|54,404","Paragraph_2|Primary_Claim|0,146; Paragraph_3|Primary_Claim|0,68"
"133b_MSU_essay|Paragraph_4|Data|134,304",Paragraph_4,"(134, 304)","In fact, imitations increase the value of a unique work. Some people even say imitation is the highest form of flattery. If it is worth copying it must be worth something.",Data,adequate,"Paragraph_4|Primary_Claim|0,132",-
"133b_MSU_essay|Paragraph_5|Concluding_Summary|0,187",Paragraph_5,"(0, 187)","New inventions are brought out every day. People invent new skateboards, new cures for disease, new computer programs. All of that is original. So yes, people really can truly be original.",Concluding_Summary,adequate,"Paragraph_1|Final_Claim|54,404",-
