﻿discourse_id,discourse_part,discourse_boundary,discourse_text,adjudicated_discourse_type,adjudicated_effectiveness,adjudicated_hierarchical,adjudicated_parallel
"134_MSU_essay|Paragraph_1|Final_Claim|0,302",Paragraph_1,"(0, 302)","Uniqueness is one attribute that many people crave. If we see someone who is starting their own thing and not following the crowd, he or she is viewed as a trendsetter if the activity that is taking place is not to out there. But, in reality now a days there really don't exist any trendsetters anymore.",Final_Claim,adequate,-,-
"134_MSU_essay|Paragraph_1|Primary_Claim|1126,1223",Paragraph_1,"(1126, 1223)",The best thing individuals can do to overall help people out is to take old ideas and better them.,Primary_Claim,adequate,"Paragraph_1|Final_Claim|0,302","Paragraph_1|Primary_Claim|304,507"
"134_MSU_essay|Paragraph_1|Data|1225,1566",Paragraph_1,"(1225, 1566)","For example, a scientist can take the old idea of using a natural gas for fuel and come up with a way to make it be produced into energy more efficiently. If a sceintist did come up with a new route to using an already used natural gas as energy, one can see that the scientist took an old idea or way of producing enegy and just improved it.",Data,effective,"Paragraph_1|Primary_Claim|1126,1223",-
"134_MSU_essay|Paragraph_1|Primary_Claim|304,507",Paragraph_1,"(304, 507)",So much has already been done in the world that if an individual tries to seperate from the crowd and start something new that person is just copying something another person has already done in the past.,Primary_Claim,effective,"Paragraph_1|Final_Claim|0,302","Paragraph_1|Primary_Claim|1126,1223"
"134_MSU_essay|Paragraph_1|Data|509,1124",Paragraph_1,"(509, 1124)","This attribute makes it hard for individual scientist, performers, and every day people to really start something new. When one looks at the big picture when one sees anohter individual starting an unique activity, the individual sees that the activity has already been done in the past and that person is just trying to bring it back in another fashion. For example, when one wears a clothing article from many years ago. To some looking at that clothing article one may thing that he or she has started a new style, but on the contrarty he or she has just brougth back that style from one that died many years ago.",Data,effective,"Paragraph_1|Primary_Claim|304,507",-
"134_MSU_essay|Paragraph_2|Concluding_Summary|0,450",Paragraph_2,"(0, 450)","Overall true originality has died and the definition has been changed. Instead of seeing people come up with a brand new idea that has never been thought of before, one gets individuals who take old ideas and better them. This creates people who look at the indiviual who is trying to be original a sensation that he or she has come up with a new idea. In reality it has just been an old activity that has been reformed to fit that individual's taste.",Concluding_Summary,effective,"Paragraph_1|Final_Claim|0,302",-
