﻿discourse_id,discourse_part,discourse_boundary,discourse_text,adjudicated_discourse_type,adjudicated_effectiveness,adjudicated_hierarchical,adjudicated_parallel
"135_MSU_essay|Paragraph_1|Nonannotated|0,128",Paragraph_1,"(0, 128)",Every day people claim to be original but they fail to realize that whatever they say is original has proabably been done before.,Nonannotated,-,-,-
"135_MSU_essay|Paragraph_1|Final_Claim|130,224",Paragraph_1,"(130, 224)",At best people can reinvent what has already been so no most people can ever be truly original.,Final_Claim,effective,-,-
"135_MSU_essay|Paragraph_2|Data|0,317",Paragraph_2,"(0, 317)","For instance, most advanceds in the medical or scientific fields are just advances of early people's works. Take scientists there work today is based largely on the principles Albert einstien's work. The same can be said about businessmen who use John D. Rockfeller's format of verictal intergation to gain a monopoly.",Data,adequate,"Paragraph_1|Final_Claim|130,224",-
"135_MSU_essay|Paragraph_3|Concluding_Summary|0,118",Paragraph_3,"(0, 118)",While we belive that as humans we can be original at best we can only be reinventers. That is the role of us as humans.,Concluding_Summary,adequate,"Paragraph_1|Final_Claim|130,224",-
