﻿discourse_id,discourse_part,discourse_boundary,discourse_text,adjudicated_discourse_type,adjudicated_effectiveness,adjudicated_hierarchical,adjudicated_parallel
"136_MSU_essay|Paragraph_1|Nonannotated|0,223",Paragraph_1,"(0, 223)",Originality has always been a way for people to try to set them selves apart and be noticed. Humans have always tried to be original so that they can be set apart form others or to simply be so that other people notice them.,Nonannotated,-,-,-
"136_MSU_essay|Paragraph_1|Final_Claim|225,413",Paragraph_1,"(225, 413)","However even though people try to be original to be set apart or get a step ahead,their originality has already been produced and is often the same thing ever one else is trying to achieve.",Final_Claim,adequate,-,-
"136_MSU_essay|Paragraph_2|Primary_Claim|0,159",Paragraph_2,"(0, 159)","Originality has never be original this is mostly true do to the simple fact that we are only human, since the beginning of time humans have always thought alike",Primary_Claim,adequate,"Paragraph_1|Final_Claim|225,413","Paragraph_3|Primary_Claim|260,388"
"136_MSU_essay|Paragraph_2|Data|161,787",Paragraph_2,"(161, 787)","there has been many occasions through out history where two different cultures who could not possibly have had influence over one another have developed the same technology and ideas. Even the ancient game of backgammon is a testament to this. Backgammon is one of the oldest games known to man kind but it was also developed by the ancient Egyptians ,however backgammon was also developed around the same time in the ancient Mayan civilization. This is just proof that much of the time humans often have the same thought patterns and ideas to lead them to be similar and therefore making originality very difficult to achieve.",Data,effective,"Paragraph_2|Primary_Claim|0,159",-
"136_MSU_essay|Paragraph_3|Data|0,258",Paragraph_3,"(0, 258)",People have also tried to be original in order to stand out and be recognized. This is ironic in that trying to be original it self is not original and has been attempted by many to be notice by other may it be for social reasons or to become more successful.,Data,adequate,"Paragraph_3|Primary_Claim|260,388",-
"136_MSU_essay|Paragraph_3|Primary_Claim|260,388",Paragraph_3,"(260, 388)",The act of being original therefore is only truly original if it is caused by accident and is the newest development of its time.,Primary_Claim,adequate,"Paragraph_1|Final_Claim|225,413","Paragraph_2|Primary_Claim|0,159"
"136_MSU_essay|Paragraph_4|Concluding_Summary|0,242",Paragraph_4,"(0, 242)",Therefore it is very improbable that those who try to be original are. It has been tried by many throughout time but has been shown to be ironic at most. Originality is only the product of accident and is therefore uncommon and truly original.,Concluding_Summary,adequate,"Paragraph_1|Final_Claim|225,413",-
