﻿discourse_id,discourse_part,discourse_boundary,discourse_text,adjudicated_discourse_type,adjudicated_effectiveness,adjudicated_hierarchical,adjudicated_parallel
"137_MSU_essay|Paragraph_1|Final_Claim|0,101",Paragraph_1,"(0, 101)",Can people ever by truly original? Yes they can. It depends on what they are trying to be original in.,Final_Claim,adequate,-,-
"137_MSU_essay|Paragraph_1|Primary_Claim|103,188",Paragraph_1,"(103, 188)","In terms of art, there is always someone who draws, sculpt, or paint something unique.",Primary_Claim,effective,"Paragraph_1|Final_Claim|0,101","Paragraph_1|Primary_Claim|389,451; Paragraph_2|Primary_Claim|0,86"
"137_MSU_essay|Paragraph_1|Data|190,387",Paragraph_1,"(190, 387)","They might have an idea of painting a city scene, but instead of finding people in the painting, you find animals. Art is always original and you can expect that it will be that way for a long time.",Data,adequate,"Paragraph_1|Primary_Claim|103,188",-
"137_MSU_essay|Paragraph_1|Primary_Claim|389,451",Paragraph_1,"(389, 451)",Another place you can find originality is in the medical field.,Primary_Claim,adequate,"Paragraph_1|Final_Claim|0,101","Paragraph_1|Primary_Claim|103,188; Paragraph_2|Primary_Claim|0,86"
"137_MSU_essay|Paragraph_1|Data|453,855",Paragraph_1,"(453, 855)","People in the medical field have found unusual diseases and genetic problems that have happen to at least one person. Some of these problems can be cured, in terms for diseases, but not in terms of a genetic problem. Who knows, maybe someone can find a cure for something as simple as hemophilia, a genetic disease, or something complex, like down syndrome. It is possible, but maybe, not at the moment.",Data,adequate,"Paragraph_1|Primary_Claim|389,451",-
"137_MSU_essay|Paragraph_2|Primary_Claim|0,86",Paragraph_2,"(0, 86)",There are a lot of original ideas that have been thought of but are only seen in media.,Primary_Claim,adequate,"Paragraph_1|Final_Claim|0,101","Paragraph_1|Primary_Claim|103,188; Paragraph_1|Primary_Claim|389,451"
"137_MSU_essay|Paragraph_2|Data|88,247",Paragraph_2,"(88, 247)",Someone could invent something like a flying car or shoes that can make a person run at the speed of sound. These are items that are seen and used in the media.,Data,adequate,"Paragraph_2|Primary_Claim|0,86",-
"137_MSU_essay|Paragraph_3|Concluding_Summary|0,225",Paragraph_3,"(0, 225)","Anyone can be original. It does not matter how something is made or how similar it looks or sounds with something else. As long as there is one thing about something that makes it different from something else, it is original.",Concluding_Summary,adequate,"Paragraph_1|Final_Claim|0,101",-
