﻿discourse_id,discourse_part,discourse_boundary,discourse_text,adjudicated_discourse_type,adjudicated_effectiveness,adjudicated_hierarchical,adjudicated_parallel
"138_MSU_essay|Paragraph_1|Final_Claim|0,95",Paragraph_1,"(0, 95)",People use sources to backup what they already know about the information him or her know about.,Final_Claim,ineffective,-,-
"138_MSU_essay|Paragraph_1|Data|184,485",Paragraph_1,"(184, 485)","This helps to develop new ideas and assist one in brainstorming before researching. while doing research during writing a paper one can credit whom ever ideas or suggestions they use to assist them. There are many research sources avaivable such as , the internet , newspapers, books and documentaries.",Data,adequate,"Paragraph_1|Primary_Claim|97,182",-
"138_MSU_essay|Paragraph_1|Primary_Claim|97,182",Paragraph_1,"(97, 182)",The reason people use other sources is to stregthen and support there own experiences.,Primary_Claim,adequate,"Paragraph_1|Final_Claim|0,95","Paragraph_2|Primary_Claim|0,81"
"138_MSU_essay|Paragraph_2|Primary_Claim|0,81",Paragraph_2,"(0, 81)",Researching on the interenet allows one to explore and get good details and ideas.,Primary_Claim,adequate,"Paragraph_1|Final_Claim|0,95","Paragraph_1|Primary_Claim|97,182"
"138_MSU_essay|Paragraph_2|Data|83,446",Paragraph_2,"(83, 446)","The internet have websites that can lend assistance during research, the ones I primarily use are google and yahoo. When im doing my research on google or either yahoo I just type in what ever information I need and it gives you a listed of websites related to the information you need. On the internet one can also find books, newpaper articles and documentaries.",Data,adequate,"Paragraph_2|Primary_Claim|0,81",-
