﻿discourse_id,discourse_part,discourse_boundary,discourse_text,adjudicated_discourse_type,adjudicated_effectiveness,adjudicated_hierarchical,adjudicated_parallel
"139_MSU_essay|Paragraph_1|Nonannotated|0,262",Paragraph_1,"(0, 262)","As with many assignments, similar instructions or goals end in similar results. Therefire, while I am trying to create a unique essay for this assignment, 30 other freshmen are trying to do the same and are we are therefore likely to come up with similar results.",Nonannotated,-,-,-
"139_MSU_essay|Paragraph_1|Final_Claim|264,482",Paragraph_1,"(264, 482)","However, although our essays may end up arguing similar points, it is the individuality in point-of-view as welll as life experiences that enable writers and artists to bring out something original in every masterpiece.",Final_Claim,adequate,-,-
"139_MSU_essay|Paragraph_2|Data|0,1172",Paragraph_2,"(0, 1172)","When pondering over masterpieces in art, the first one tht comes to mind is ""Mona Lisa"" by Leonardo Da Vinci. Scholars have for decades discussedher beauty and uniqueness even thiough each scholar seems to come up with a different reason for this originality. Secondly, there is the paintting ""Mademoiselles d' Avignon"" by Picasso, another great work of art. Although thw two paintings can be argued to be quite similar in nature as they are both famous paintings on canvases depicting women, they are each considered unique. Some will argue that teh uniqueness lie in the techniques used, that ""Mona Lisa's"" rich colors make her sntad out next to Picassos surreal cubist painting. ON the other hand, looking at the two paintings for a longer period of time, brings out something different. One can clearly tell by looking at Da Vinci's painting that he knew her and anted to make her beauty justice. Picasso on the other hand, wa painting for a different reason and thus his personal point-of view was different from Da Vinci's. Picasso who had seen a different age and therefore pictured th eworld in a different manner, wanted to break the world down into simple shapes.",Data,effective,"Paragraph_1|Final_Claim|264,482",-
"139_MSU_essay|Paragraph_2|Concluding_Summary|1174,1249",Paragraph_2,"(1174, 1249)","Overall, the reasons as well as our surrounding determine our individuality.",Concluding_Summary,ineffective,"Paragraph_1|Final_Claim|264,482",-
