﻿discourse_id,discourse_part,discourse_boundary,discourse_text,adjudicated_discourse_type,adjudicated_effectiveness,adjudicated_hierarchical,adjudicated_parallel
"13_MSU_essay|Paragraph_1|Nonannotated|0,153",Paragraph_1,"(0, 153)","To be truly original, one must be the first to come up with an idea. New ideas are created everyday, but the ideas that are created come from other ideas.",Nonannotated,-,-,-
"13_MSU_essay|Paragraph_1|Final_Claim|155,239",Paragraph_1,"(155, 239)",I believe that people cannot be truly original because no new idea is truly original.,Final_Claim,adequate,-,-
"13_MSU_essay|Paragraph_2|Data|0,403",Paragraph_2,"(0, 403)","Musicians are always experimenting with new ideas and ways to create new and improved instruments and different types of music styles. They get their ideas from other types of musics and add different ideas to it. These musicians probably spend many hours coming up with all of these ideas and try to create something original, but they are studying old music and spending much of their time researching.",Data,adequate,"Paragraph_1|Final_Claim|155,239","Paragraph_3|Data|0,262; Paragraph_4|Data|0,321"
"13_MSU_essay|Paragraph_3|Data|0,262",Paragraph_3,"(0, 262)","When movie directors are creating this new movie that no one has ever tried before, they have to get their information from other movies and other people. It takes time and a lot of thought for these people but in my opinion no one can have a truly original idea.",Data,adequate,"Paragraph_1|Final_Claim|155,239","Paragraph_2|Data|0,403; Paragraph_4|Data|0,321"
"13_MSU_essay|Paragraph_4|Data|0,321",Paragraph_4,"(0, 321)","Even now, our government is trying to come up with a new plan to improve the economy. The government officials are most likely looking back on older presidents and viewing how they treated the economy, so they come to conclusions from other peoples old works. It might be a new idea for today, but it has been done before.",Data,adequate,"Paragraph_1|Final_Claim|155,239","Paragraph_2|Data|0,403; Paragraph_3|Data|0,262"
"13_MSU_essay|Paragraph_5|Concluding_Summary|0,206",Paragraph_5,"(0, 206)","New ideas are created from ideas in the past. There can be new inventions made everyday, but those ideas come from other ideas. People can create new and improved ideas; however, we cannot be truly original.",Concluding_Summary,adequate,"Paragraph_1|Final_Claim|155,239",-
