﻿discourse_id,discourse_part,discourse_boundary,discourse_text,adjudicated_discourse_type,adjudicated_effectiveness,adjudicated_hierarchical,adjudicated_parallel
"13b_MSU_essay|Paragraph_1|Nonannotated|0,75",Paragraph_1,"(0, 75)",The term original means that it waqs the first of its exact kind to be made.,Nonannotated,-,-,-
"13b_MSU_essay|Paragraph_1|Final_Claim|77,225",Paragraph_1,"(77, 225)",I belive the amount of original things is vastly shrinking but will not ever stop. I think there will always be new original things to be discovered.,Final_Claim,adequate,-,-
"13b_MSU_essay|Paragraph_2|Data|0,506",Paragraph_2,"(0, 506)","Its a fact that everyone in the world wants to be different in some way or another than anyone else, and that a musican wants to make music people have never heard before. Human beings are far to imaginative for creations or original work to stop. Today is a hard day for originality, people have become far to stereotypical and cruel towards their fellow man. its seems like everytime somone in america tries to be different or original that there are ten other people shooting his ambitions to the ground.",Data,adequate,"Paragraph_1|Final_Claim|77,225","Paragraph_3|Data|194,517"
"13b_MSU_essay|Paragraph_3|Nonannotated|0,192",Paragraph_3,"(0, 192)",We the people of american and the world today need to be more supportive of originality and hope that new ideas will save our people fromt he self destructive path that many feel were on today.,Nonannotated,-,-,-
"13b_MSU_essay|Paragraph_3|Data|194,517",Paragraph_3,"(194, 517)",There are certain topics where originality is becoming harder to achieve such as the music industry. Today it would be very hard to put out a peice of music that would not sound like something someone has already composed. Without the invention of new instruments this path with only become more difficult to be original in.,Data,adequate,"Paragraph_1|Final_Claim|77,225","Paragraph_2|Data|0,506"
"13b_MSU_essay|Paragraph_4|Concluding_Summary|0,157",Paragraph_4,"(0, 157)","So, do I feel that people can be truly original yes i think they can. the real question is weather or not they want to take the scrutiny that usually follows.",Concluding_Summary,ineffective,"Paragraph_1|Final_Claim|77,225",-
