﻿discourse_id,discourse_part,discourse_boundary,discourse_text,adjudicated_discourse_type,adjudicated_effectiveness,adjudicated_hierarchical,adjudicated_parallel
"140_MSU_essay|Paragraph_1|Nonannotated|0,341",Paragraph_1,"(0, 341)","Society is constantly pressuring people to follow a certain ""norm"" presented to them by the media, celebrities, musicians, etc. Many in this day and age are bored with society's ""norm"" and long to stand out and make their name known. Many often wonder if this is possible because everything they try to do seems like it has already been done.",Nonannotated,-,-,-
"140_MSU_essay|Paragraph_1|Final_Claim|343,536",Paragraph_1,"(343, 536)","Although many people think that it is impossible to create something original, it can be done because every individual is different therefore, what ever they create will be unique to themselves.",Final_Claim,effective,-,-
"140_MSU_essay|Paragraph_2|Primary_Claim|0,107",Paragraph_2,"(0, 107)",Take writers for example. The works of many of the great authors are as varied as the people who write them.,Primary_Claim,effective,"Paragraph_1|Final_Claim|343,536","Paragraph_3|Primary_Claim|0,65; Paragraph_4|Primary_Claim|0,138"
"140_MSU_essay|Paragraph_2|Data|109,543",Paragraph_2,"(109, 543)","Jane Austen's ""Pride and Prejudice"" is completely different from ""Romeo and Juliet"" by William Shakespeare. Every individual has different thoughts and feelings and no two people's thoughts are the same. Therefore, every thought is considered original. Just because someone's writings may be similar to each other does not mean they are the same. Thoughts and feelings are as different from person to person as the ones who think them.",Data,effective,"Paragraph_2|Primary_Claim|0,107",-
"140_MSU_essay|Paragraph_3|Primary_Claim|0,65",Paragraph_3,"(0, 65)","When comparing original works in art, the same concept is applied.",Primary_Claim,adequate,"Paragraph_1|Final_Claim|343,536","Paragraph_2|Primary_Claim|0,107; Paragraph_4|Primary_Claim|0,138"
"140_MSU_essay|Paragraph_3|Data|67,460",Paragraph_3,"(67, 460)","Art is something from the soul and no two souls are exactly the same. Through art, it is very easy for one to become original. When creating art, whether it be a poem or a painting, one uses not thoughts or ideas but feelings. What is art but feelings painted on canvas? Therefore, it is impossible for any two paintings to be the same because art moves outside the realm of thought and reason.",Data,effective,"Paragraph_3|Primary_Claim|0,65",-
"140_MSU_essay|Paragraph_4|Primary_Claim|0,138",Paragraph_4,"(0, 138)",Another way to be original is for people to start acting and being who they want to be rather than what everyone else wants them to become.,Primary_Claim,adequate,"Paragraph_1|Final_Claim|343,536","Paragraph_2|Primary_Claim|0,107; Paragraph_3|Primary_Claim|0,65"
"140_MSU_essay|Paragraph_4|Data|140,354",Paragraph_4,"(140, 354)",Being one's self is the simplest way to stand out and be original. No one can imitate someone else quite the way that person can. Others began to notice the individuality of that person and are immediately inspired.,Data,adequate,"Paragraph_4|Primary_Claim|0,138",-
"140_MSU_essay|Paragraph_5|Concluding_Summary|0,384",Paragraph_5,"(0, 384)","Society may try to tell the public that it is impossible for anyone to stand out and become original in this world but it is very possible. Just by being one's self people can be original. Everyone is different so everything they create will be different in its own way. Many do not believe this to be true but it is because every individual has different thoughts, feelings and ideas.",Concluding_Summary,effective,"Paragraph_1|Final_Claim|343,536",-
