﻿discourse_id,discourse_part,discourse_boundary,discourse_text,adjudicated_discourse_type,adjudicated_effectiveness,adjudicated_hierarchical,adjudicated_parallel
"141_MSU_essay|Paragraph_1|Final_Claim|0,393",Paragraph_1,"(0, 393)",People in this day and age have little or no hope of being original. Trying to be original when so many others works have already been done will probably just cause a lot of stress and lead to a mental breakdown. Originality is based upon if the artist is the first to ever attempt anything new. But when so many works have been done already finding original works becomes seemingly impossible.,Final_Claim,adequate,-,-
"141_MSU_essay|Paragraph_2|Counterclaim|0,113",Paragraph_2,"(0, 113)","In our soceity, people would like very much to think that people are full of new and original ideals and thoughts.",Counterclaim,adequate,"Paragraph_1|Final_Claim|0,393","Paragraph_3|Primary_Claim|0,86"
"141_MSU_essay|Paragraph_2|Rebuttal|115,179",Paragraph_2,"(115, 179)",Contrary to that statement in this society we are all very human.,Rebuttal,ineffective,"Paragraph_2|Counterclaim|0,113",-
"141_MSU_essay|Paragraph_2|Data|181,421",Paragraph_2,"(181, 421)",Soceity as a whole would like to believe it is special. The fact is soceities rise and fall throughout history. So many soceities have risen and fallen over the years and many lasted far longer than this modern soceity can ever hope to last.,Data,adequate,"Paragraph_2|Rebuttal|115,179",-
"141_MSU_essay|Paragraph_3|Primary_Claim|0,86",Paragraph_3,"(0, 86)",Many historians have stated that there are no new events only history repeating itself.,Primary_Claim,adequate,"Paragraph_1|Final_Claim|0,393","Paragraph_2|Counterclaim|0,113"
"141_MSU_essay|Paragraph_3|Data|88,804",Paragraph_3,"(88, 804)","This statement seems as valid as any to prove why people in soceities wish to be original but cannot no matter how much the try. Societies have existed ever since humans began to band together. In these societies many things have been created that no one had ever dreamed of. But those times of originality have long since passed. modern society has just been repeating past forms of art, music, science, and entertainment while adding its own personal touches and slapping a sticker on it that say new and original. THe fact is no matter how much this society wishes for originality, if a person looks through history, a person will most certainly find that every new idea or original art has already been conceived.",Data,adequate,"Paragraph_3|Primary_Claim|0,86",-
"141_MSU_essay|Paragraph_4|Concluding_Summary|0,309",Paragraph_4,"(0, 309)",This fact alone should prove that societies have no hope for originality. In the future societies as a whole will continue to try and seek originality in many ways of life. All these original ideas will just end up being repeats of some long ago society actually being original and coming up with some newness.,Concluding_Summary,adequate,"Paragraph_1|Final_Claim|0,393",-
