﻿discourse_id,discourse_part,discourse_boundary,discourse_text,adjudicated_discourse_type,adjudicated_effectiveness,adjudicated_hierarchical,adjudicated_parallel
"142_MSU_essay|Paragraph_1|Nonannotated|0,533",Paragraph_1,"(0, 533)","Originality, it is one of the most important piece to every puzzle, whether if its music, books, or movies. In my point of view, people these days can not truly be original and at best is to copy others' work. Everything seen to have been done by someone at a point of time. People just bring the original idea back and maybe change it a little. Even though originality is essential, it is rarely seen in works these days, because everything seen to been done and people just copy or change the original to make it a little different.",Nonannotated,-,-,-
"142_MSU_essay|Paragraph_2|Final_Claim|0,80",Paragraph_2,"(0, 80)","Can people be truly original? My answer to that is yes, but only some rarely few.",Final_Claim,adequate,-,-
"142_MSU_essay|Paragraph_2|Data|199,313",Paragraph_2,"(199, 313)",I think the person that spend the time copying others can use those time and come up with his or her original idea.,Data,ineffective,"Paragraph_2|Primary_Claim|82,197",-
"142_MSU_essay|Paragraph_2|Primary_Claim|315,389",Paragraph_2,"(315, 389)",People just go with the crow now and rarely look for originality in things.,Primary_Claim,adequate,"Paragraph_2|Final_Claim|0,80","Paragraph_2|Primary_Claim|82,197"
"142_MSU_essay|Paragraph_2|Data|391,932",Paragraph_2,"(391, 932)","The focus on originality or people that seek it are less then before. For example, movies are now made from story out of books or live action movies turning cartoon into real people. Those are not original, it is just copying thing and making something else with it. We seek new ideas for things. But once we get brain freeze and can not come up with a new idea, we copy what others' works or idea. I copy ideas of other when i can not come up with an original one. even when i do come up with an idea, it is not original or it has been done.",Data,adequate,"Paragraph_2|Primary_Claim|315,389",-
"142_MSU_essay|Paragraph_2|Primary_Claim|82,197",Paragraph_2,"(82, 197)",Most people these days are just copying and change what was done before because they lack the skills to be original.,Primary_Claim,effective,"Paragraph_2|Final_Claim|0,80","Paragraph_2|Primary_Claim|315,389"
"142_MSU_essay|Paragraph_3|Concluding_Summary|0,417",Paragraph_3,"(0, 417)","I think there is originality, but it is rarely to be found or discovered. Most everything either has been done before or a modify version of something else. People are just too lazy to seek for new ideas and take the easy route to copy things that had been done. We might seek for originality but can not find it because most everything had been done before. Less and less originality are appearing in our world today.",Concluding_Summary,effective,"Paragraph_2|Final_Claim|0,80",-
