﻿discourse_id,discourse_part,discourse_boundary,discourse_text,adjudicated_discourse_type,adjudicated_effectiveness,adjudicated_hierarchical,adjudicated_parallel
"143_MSU_essay|Paragraph_1|Final_Claim|0,292",Paragraph_1,"(0, 292)","While it is true that many things in life have already been done or made, I believe that it is possible for many people to create new things or be themselves. This is because no two people are the same, nor are two peoples' lives the same. All people are different and unique in their own way.",Final_Claim,effective,-,-
"143_MSU_essay|Paragraph_2|Primary_Claim|0,74",Paragraph_2,"(0, 74)","No two people, no matter how alike they may seem are the exact same person.",Primary_Claim,effective,"Paragraph_1|Final_Claim|0,292","Paragraph_2|Primary_Claim|258,363"
"143_MSU_essay|Paragraph_2|Primary_Claim|258,363",Paragraph_2,"(258, 363)",People who act like or try to imitate others or what others have done lose their own personal originality.,Primary_Claim,adequate,"Paragraph_1|Final_Claim|0,292","Paragraph_2|Primary_Claim|0,74"
"143_MSU_essay|Paragraph_2|Data|365,742",Paragraph_2,"(365, 742)","Sometimes people, especially young people will go to great lengths to be like others when they would be just fine acting normal. For example, I can remember being in junior high school and seeing some of my friends doing things to try and be like people who were in high school. I saw this and wondered why these people wanted to be like other people and not just be themselves.",Data,adequate,"Paragraph_2|Primary_Claim|258,363",-
"143_MSU_essay|Paragraph_2|Data|76,256",Paragraph_2,"(76, 256)","Everyone is different in some way, not necessarily better or worse, just different. That being said, every single person is original and unique. People are and should be themselves.",Data,adequate,"Paragraph_2|Primary_Claim|0,74",-
"143_MSU_essay|Paragraph_3|Concluding_Summary|0,313",Paragraph_3,"(0, 313)","In conclusion, if people want to be original and unique all they have to do is be themselves and not attempt to be someone else's twin. This is true no matter if someone is rich or poor, famous or unheard of, popular or unpopular. In my opinion, being yourself is the best way for anyone to be original and unique.",Concluding_Summary,adequate,"Paragraph_1|Final_Claim|0,292",-
