﻿discourse_id,discourse_part,discourse_boundary,discourse_text,adjudicated_discourse_type,adjudicated_effectiveness,adjudicated_hierarchical,adjudicated_parallel
"14_MSU_essay|Paragraph_1|Final_Claim|0,311",Paragraph_1,"(0, 311)",Is it possible to be truly original? Yes. There are so many people over the course of history who have been. Although it does seem to be getting increasingly more difficult to be truly unique and different I think there will always be a select few from each generation who will be known as truly original people.,Final_Claim,-,-,-
"14_MSU_essay|Paragraph_2|Data|0,2044",Paragraph_2,"(0, 2044)","When I think of people who are truly original I think of the entertainment industry. Actors, musicians, and athletes have the ability to do things no one has done before. Actors who immediately strike me as unique and great are Heath Ledger, Johnny Depp, and Robert Downey Jr. These men each have an astounding wealth of talent and each uses his in a way that is truly original. Performances turned in by these actors are not mere imitations but are reinventing the male actor in Hollywood productions. In music today, there are several eccentric and original artists. Michael Jackson was the epitome of original. I had the pleasure of watching his recent film: This Is It and I was amazed at the things this man could do. Not only was he 50 years old and singing and dancing but he was doing it better than anyone I have ever seen. His backup dancers, who were all in their 20s, could not do some of the dance moves Michael was pulling off. From his voice, to his dance moves, to his fashion, to his persona Michael Jackson was a true original. As far as athletes go, there are a few originals from each generation as well. In basketball there was Wilt Chamberlain, who once scored over 100 points in a game, a feat that no other has accomplished since. Then there was Michael Jordan, who won 6 NBA championships, rewrote the record books, and capitalized on marketing deals like no other athlete had before him. He single-handedly changed professional sports into what it is today. Today, there is Tiger Woods. He, more than any other athlete, is essential to the success of his sport. He changed golf more than Jordan changed basketball. No one before Tiger ever dominated a professional sport like he does. He took golf from being an obscure sport for old white men and has made it relevant in popular culture. Teenagers, foreigners, and women are becoming increasingly involved in what had been a very secluded and closed off sport. He has made a billion dollar empire for himself, becoming the first athlete to ever make a billion dollars.",Data,-,"Paragraph_1|Final_Claim|0,311",-
"14_MSU_essay|Paragraph_3|Nonannotated|0,111",Paragraph_3,"(0, 111)","If these athletes, entertainers, and actors don't prove that people can be truly original I don't know what can.",Nonannotated,-,-,-
"14_MSU_essay|Paragraph_3|Nonannotated|0,290",Paragraph_3,"(0, 290)","Another key type of person who can be original are the political and religious leaders. Unfortunately I don't have time to give examples of them, but hopefully you get the point.",Nonannotated,-,-,-
"14_MSU_essay|Paragraph_3|Concluding_Summary|292,382",Paragraph_3,"(292, 382)","People always have the opportunity to be original, and every generation has its select few.",Concluding_Summary,-,"Paragraph_1|Final_Claim|0,311",-
