﻿discourse_id,discourse_part,discourse_boundary,discourse_text,adjudicated_discourse_type,adjudicated_effectiveness,adjudicated_hierarchical,adjudicated_parallel
"14b_MSU_essay|Paragraph_1|Nonannotated|0,117",Paragraph_1,"(0, 117)",Some people consider the modern-day celebrities heros.,Nonannotated,-,-,-
"14b_MSU_essay|Paragraph_1|Nonannotated|0,62",Paragraph_1,"(0, 62)","Many people have admirers, and many people consider them heros.",Nonannotated,-,-,-
"14b_MSU_essay|Paragraph_1|Final_Claim|119,247",Paragraph_1,"(119, 247)","Heros should not be solely defined as a person with admires, they should also have many accomplishments, and a past of hard work.",Final_Claim,adequate,-,-
"14b_MSU_essay|Paragraph_2|Counterclaim|0,38",Paragraph_2,"(0, 38)",Some people consider celebrities heros.,Counterclaim,adequate,"Paragraph_1|Final_Claim|119,247","Paragraph_3|Primary_Claim|315,358; Paragraph_4|Primary_Claim|0,90"
"14b_MSU_essay|Paragraph_2|Data|126,369",Paragraph_2,"(126, 369)","One major example of a praised celebrity that hasn't done anything honorable enough to be considered a hero is Paris Hilton. Ms. Hilton is only a heirist, and has done nothing to make herself worthy of hero status althought many see her as one.",Data,adequate,"Paragraph_2|Rebuttal|40,124",-
"14b_MSU_essay|Paragraph_2|Rebuttal|40,124",Paragraph_2,"(40, 124)","Many celebrities in the modern day haven't done much, and some haven't done anything.",Rebuttal,adequate,"Paragraph_2|Counterclaim|0,38",-
"14b_MSU_essay|Paragraph_3|Data|0,313",Paragraph_3,"(0, 313)","Marvel and Capcom created heroes in comic books. These heroes stood for something, and had a purpose. They accomplished much and put in a lot of hard work. There have been many celebrities that have worked hard and put in there time like those that have contributed to society by donating to or starting charities.",Data,adequate,"Paragraph_3|Primary_Claim|315,358",-
"14b_MSU_essay|Paragraph_3|Primary_Claim|315,358",Paragraph_3,"(315, 358)",Celebrities who care are hero status worthy.,Primary_Claim,adequate,"Paragraph_1|Final_Claim|119,247","Paragraph_2|Counterclaim|0,38; Paragraph_4|Primary_Claim|0,90"
"14b_MSU_essay|Paragraph_4|Primary_Claim|0,90",Paragraph_4,"(0, 90)","In recent years, celebrities have started to become less and less worthy of the title hero.",Primary_Claim,adequate,"Paragraph_1|Final_Claim|119,247","Paragraph_2|Counterclaim|0,38; Paragraph_3|Primary_Claim|315,358"
"14b_MSU_essay|Paragraph_4|Data|92,660",Paragraph_4,"(92, 660)","Many of them are becoming highly admired for doing nothing. Some are just seen in the right place at the right time, and instanly become heroes. There was a show on television called ""Flavor of Love"" and it was a dating show where one guy had to pick from a lot of about 20 women. After 2 seasons of this show, one specific imfamous lady that was rejected twice, once on each season, and they gave her her own dating show. This is an example of a person that did nothing worth anything yet became a celebrity, and is one that should not be praised or given hero status.",Data,adequate,"Paragraph_4|Primary_Claim|0,90",-
"14b_MSU_essay|Paragraph_5|Concluding_Summary|0,327",Paragraph_5,"(0, 327)","The modern world is constanly blinded by the celebrity status, and mold there lives by these people, considering them as heroes. Some of these so called heroes aren't worthy but have admirers anyway. If the person hasn't acomplished much, or hasn't put in much hard work then they should not be considered worthy of hero status.",Concluding_Summary,adequate,"Paragraph_1|Final_Claim|119,247",-
