﻿discourse_id,discourse_part,discourse_boundary,discourse_text,adjudicated_discourse_type,adjudicated_effectiveness,adjudicated_hierarchical,adjudicated_parallel
"152b_MSU_essay|Paragraph_1|Nonannotated|0,135",Paragraph_1,"(0, 135)",Uniqueness and origianlity are words that only a few can relate to. People try everyday to come up with something new and more moderate.,Nonannotated,-,-,-
"152b_MSU_essay|Paragraph_1|Final_Claim|137,376",Paragraph_1,"(137, 376)","In today's society, most materials are just a updated version of the original. Even though uniqueness and originality are hard to come by, people can still be orgininal because there are still many new materials to be created or discovered.",Final_Claim,effective,-,-
"152b_MSU_essay|Paragraph_2|Primary_Claim|0,147",Paragraph_2,"(0, 147)",Originality is a new idea or vision that people come up with to improve their society.Uniqueness is a special way to create or obtain that new idea.,Primary_Claim,adequate,"Paragraph_1|Final_Claim|137,376","Paragraph_2|Primary_Claim|378,503"
"152b_MSU_essay|Paragraph_2|Data|149,376",Paragraph_2,"(149, 376)","For example walking on the moon, it may was not a original idea; however, it was the uniqueness that made this vision come to life. This breakthrough was huge in the 1960's and still hard to believe the achivement of its succes.",Data,effective,"Paragraph_2|Primary_Claim|0,147",-
"152b_MSU_essay|Paragraph_2|Primary_Claim|378,503",Paragraph_2,"(378, 503)","Although not all original ideas are on a crtical scales, originality and uniqueness can come from a person's hobby or passion.",Primary_Claim,effective,"Paragraph_1|Final_Claim|137,376","Paragraph_2|Primary_Claim|0,147"
"152b_MSU_essay|Paragraph_2|Data|505,782",Paragraph_2,"(505, 782)","Specfically, when Micheal Jackson stunned the world by doing the ""moon walk"" across stage at Mowtown 25th anniversary. This is a perfect example of originality because no one saw this dance moved before. This small orginality started Micheal Jackson or ""The King of Pop"" career.",Data,effective,"Paragraph_2|Primary_Claim|378,503",-
"152b_MSU_essay|Paragraph_3|Concluding_Summary|0,269",Paragraph_3,"(0, 269)",Most of all originality and uniqueness is the ambition to come up with new ideas and to show a person's indivisuality.There are still many new materials to be created or discovered that by many people are considered to be original or unique just use a little imagnation.,Concluding_Summary,adequate,"Paragraph_1|Final_Claim|137,376",-
