﻿discourse_id,discourse_part,discourse_boundary,discourse_text,adjudicated_discourse_type,adjudicated_effectiveness,adjudicated_hierarchical,adjudicated_parallel
"153b_MSU_essay|Paragraph_1|Nonannotated|0,408",Paragraph_1,"(0, 408)","Originality is one of the key ways that people are unique individuals. Whether it is with writing, music, art, or something else entirely, people enjoy leaving their unique stamp on the world. But in this day in age, many people have found it diifficult to find new ideas to inspire them. Now the question remains: can one truly be original in their ideas? Or are we as a world stuck in the ideas of the past?",Nonannotated,-,-,-
"153b_MSU_essay|Paragraph_1|Final_Claim|410,661",Paragraph_1,"(410, 661)","Even though many creative, original ideas have been created in the past, making new original ideas harder to create, it does not mean that no new original ideas can be formed because we as a world will always be moving forward, searching for new ideas.",Final_Claim,effective,-,-
"153b_MSU_essay|Paragraph_2|Primary_Claim|0,73",Paragraph_2,"(0, 73)","Walt Disney once said, ""We keep moving forward; in search of new ideas...""",Primary_Claim,adequate,"Paragraph_1|Final_Claim|410,661","Paragraph_3|Primary_Claim|0,50; Paragraph_4|Primary_Claim|0,75"
"153b_MSU_essay|Paragraph_2|Data|75,641",Paragraph_2,"(75, 641)","If anyone knew about innovation, it was Walt Disney. He alone pioneered thousands of new, original ideas for his theme parks. When Disney did this, the world was not lacking in technological advancement. In fact, the world had just hit the brink of the industrial revolution. Some could have argued then that there was not room for new original ideas; that too many ingenious things had already been created. Disney, though, refused to settle. He decided to dream and create his own original ideas. Where would the world be today if not for pioneers like Walt Disney?",Data,effective,"Paragraph_2|Primary_Claim|0,73",-
"153b_MSU_essay|Paragraph_3|Primary_Claim|0,50",Paragraph_3,"(0, 50)",Walt Disney was not the only person to be original.,Primary_Claim,adequate,"Paragraph_1|Final_Claim|410,661","Paragraph_2|Primary_Claim|0,73; Paragraph_4|Primary_Claim|0,75"
"153b_MSU_essay|Paragraph_3|Data|52,574",Paragraph_3,"(52, 574)","Just think of all the inspiring people winning Nobel Peace Prizes, Grammys, Oscars, and more. Do they choose to rely on old ideas? I surely don't think so. If that were true, all movies would be in black and white and have fancy musical numbers. Songs would be on eight-track tapes and the singers would be backed by full orchestras. It has been monumental that all areas of society have kept moving forward. Someone had to invent color television and MP3 players. Why can't it be anyone? Anybody can have an original idea.",Data,effective,"Paragraph_3|Primary_Claim|0,50",-
"153b_MSU_essay|Paragraph_4|Primary_Claim|0,75",Paragraph_4,"(0, 75)",One thing to keep in mind is that original ideas truly can happen to anyone.,Primary_Claim,adequate,"Paragraph_1|Final_Claim|410,661","Paragraph_2|Primary_Claim|0,73; Paragraph_3|Primary_Claim|0,50"
"153b_MSU_essay|Paragraph_4|Data|77,493",Paragraph_4,"(77, 493)","Did Donald Trump or Bill Gates ever dream that they would be where they are today? I would guess that they would have laughed their heads off it they were told that they would be millionaires about forty years ago. Nevertheless, they had original ideas to get them started. Whose to say that someone on my university campus or sitting right next to me will not be the next Donald Trump because of their original idea.",Data,adequate,"Paragraph_4|Primary_Claim|0,75",-
"153b_MSU_essay|Paragraph_5|Concluding_Summary|0,294",Paragraph_5,"(0, 294)","Originalty is something to be cherished. It is what distinguishes one person from the next. Even though it may seem as though there is no more room for new originality, there surely is. Everyone has the potential to be one-hundred percent original in their ideas and to make good on those ideas.",Concluding_Summary,adequate,"Paragraph_1|Final_Claim|410,661",-
