﻿discourse_id,discourse_part,discourse_boundary,discourse_text,adjudicated_discourse_type,adjudicated_effectiveness,adjudicated_hierarchical,adjudicated_parallel
"154b_MSU_essay|Paragraph_1|Nonannotated|0,120",Paragraph_1,"(0, 120)",Thesedays people is sensitive about copying someone's ideas or products. But is it possible people can be truly original?,Nonannotated,-,-,-
"154b_MSU_essay|Paragraph_1|Final_Claim|122,323",Paragraph_1,"(122, 323)","Even though we think copying is bad idea, we cannot be truly creative because every single invention is based on other's ideas or products first and our progression also based on ancestors' progression.",Final_Claim,effective,-,-
"154b_MSU_essay|Paragraph_2|Primary_Claim|0,68",Paragraph_2,"(0, 68)","Firstly, people cannot invent something without other peoples' ideas.",Primary_Claim,adequate,"Paragraph_1|Final_Claim|122,323","Paragraph_3|Primary_Claim|0,94"
"154b_MSU_essay|Paragraph_2|Data|300,507",Paragraph_2,"(300, 507)","Let's see the case of a car. Someone who invented a car was really creative? No, he just added something from a carrige. How about a carrage? Someone who invented a carrige added box from just riding a horse.",Data,adequate,"Paragraph_2|Primary_Claim|0,68","Paragraph_2|Data|70,298"
"154b_MSU_essay|Paragraph_2|Data|70,298",Paragraph_2,"(70, 298)","Let's think about building. When you construct a building, you can add a stone on the groud, but you cannot make new ground for making new building. Like building, we cannot invent something without others' ideas like the ground.",Data,adequate,"Paragraph_2|Primary_Claim|0,68","Paragraph_2|Data|300,507"
"154b_MSU_essay|Paragraph_3|Primary_Claim|0,94",Paragraph_3,"(0, 94)","secondly, In peoples' history, we can see our progression only based on ancestors' progression.",Primary_Claim,adequate,"Paragraph_1|Final_Claim|122,323","Paragraph_2|Primary_Claim|0,68"
"154b_MSU_essay|Paragraph_3|Data|96,294",Paragraph_3,"(96, 294)","For example, making an axe. Making an axe was based on ancestors' progression who made stone sharp and link stone and a strip of tree. We cannot make stone and tree newly because it was already made.",Data,adequate,"Paragraph_3|Primary_Claim|0,94",-
"154b_MSU_essay|Paragraph_4|Concluding_Summary|0,93",Paragraph_4,"(0, 93)",We can easily think copying is bad idea but without copying we cannot make something original.,Concluding_Summary,adequate,"Paragraph_1|Final_Claim|122,323",-
