﻿discourse_id,discourse_part,discourse_boundary,discourse_text,adjudicated_discourse_type,adjudicated_effectiveness,adjudicated_hierarchical,adjudicated_parallel
"157b_MSU_essay|Paragraph_1|Nonannotated|0,261",Paragraph_1,"(0, 261)","Uniqueness and originality in the artistic world is beginning to cease. After so many centuries of great music, paintings, movies, and books, musicians, artists, and writers come across many hardships developing their own ideas that have not been created before.",Nonannotated,-,-,-
"157b_MSU_essay|Paragraph_1|Final_Claim|263,378",Paragraph_1,"(263, 378)","Although it can be difficult to be unique and original, a person can be truly original if they set their mind to it.",Final_Claim,adequate,-,-
"157b_MSU_essay|Paragraph_2|Data|0,460",Paragraph_2,"(0, 460)","There have been many great creations in artwork, music, novels, and movies that may make it difficult for others to seek new ideas; however, it can be quite simple to accomplish as well. Trying to be unique and original can be a simple task. Adding one's own personal experience will make it original because it has happened to him or her, and only him or her. There is noone that has experienced the exact same situation, having the same feelings and emotions.",Data,adequate,"Paragraph_2|Primary_Claim|462,570Paragraph_2|Primary_Claim|572,680",-
"157b_MSU_essay|Paragraph_2|Primary_Claim|462,570",Paragraph_2,"(462, 570)","Therefore, adding personal details will add to the originality of the work that is trying to be accomplished.",Primary_Claim,adequate,"Paragraph_1|Final_Claim|263,378","Paragraph_2|Primary_Claim|572,680"
"157b_MSU_essay|Paragraph_2|Primary_Claim|572,680",Paragraph_2,"(572, 680)","Once one has added the personal experience, including in depth details can add to the uniqueness of the work.",Primary_Claim,adequate,"Paragraph_1|Final_Claim|263,378","Paragraph_2|Primary_Claim|462,570"
"157b_MSU_essay|Paragraph_2|Data|682,1020",Paragraph_2,"(682, 1020)","Using certain colors in paintings can express a specific emotion throughout the piece of artwork. Using detailed words that express emotion will set the mood one is trying to accomplish in writing. In novels and movies, the writer can also incorporate his or her outlook on life that will add to the originality and uniqueness of the work.",Data,adequate,"Paragraph_2|Primary_Claim|572,680",-
"157b_MSU_essay|Paragraph_3|Concluding_Summary|0,414",Paragraph_3,"(0, 414)","Even though it may be hard to come up with a completely original yet still unique idea, musicians, artist, and writers are still able to be truly original if they try hard enough. Adding personal details and an outlook on life will add to the originality of the piece of work that is trying to be completely. If one tries his or her hardest to succeed in uniqueness and originality, it can and will be accomplished.",Concluding_Summary,effective,"Paragraph_1|Final_Claim|263,378",-
