﻿discourse_id,discourse_part,discourse_boundary,discourse_text,adjudicated_discourse_type,adjudicated_effectiveness,adjudicated_hierarchical,adjudicated_parallel
"158b_MSU_essay|Paragraph_1|Nonannotated|0,148",Paragraph_1,"(0, 148)","Being original is now very difficult to achieve. People try to be original every day either with the things he or she wear, or does on a daily basis.",Nonannotated,-,-,-
"158b_MSU_essay|Paragraph_1|Final_Claim|150,299",Paragraph_1,"(150, 299)","Even though people use his or her own ideas and attempt to say that he or she came up with the idea, but we cannot be actually ever be truly origanal.",Final_Claim,adequate,-,-
"158b_MSU_essay|Paragraph_2|Primary_Claim|0,272",Paragraph_2,"(0, 272)","To begin with, everyday, one may walk around thinking that he or she is strutting in his or her own trend or fashion or has his or her own ""swagg"". Nevertheless, when one actually thinks about it, the trend or fashion one is trying to pursue has already been thought about.",Primary_Claim,adequate,"Paragraph_1|Final_Claim|150,299","Paragraph_3|Primary_Claim|0,77"
"158b_MSU_essay|Paragraph_2|Data|274,494",Paragraph_2,"(274, 494)","Either he or she knows, or he or she does not know, the trend has already been put together but maybe in a slight different way. In my opinion, that is not original. That is in fact creative, but it is not truly original.",Data,ineffective,"Paragraph_2|Primary_Claim|0,272",-
"158b_MSU_essay|Paragraph_3|Primary_Claim|0,77",Paragraph_3,"(0, 77)","Today, people have his or her own recipe for preparing a certain meal or food.",Primary_Claim,adequate,"Paragraph_1|Final_Claim|150,299","Paragraph_2|Primary_Claim|0,272"
"158b_MSU_essay|Paragraph_3|Data|79,598",Paragraph_3,"(79, 598)","For example, one may have a special pie he or she prepares for the family on every holiday. In his or her personal opinion, the recipe is very original because he or she has put his or her own idea into it to get a specific taste. On the other, using anything that has been used by someone else to complement one's own distinct recipe, is not truly original. Therefore, in some form or fashion, one must create ingredients that has not ever been used or thought of and originate his or her own recipe to become original.",Data,effective,"Paragraph_3|Primary_Claim|0,77",-
"158b_MSU_essay|Paragraph_4|Concluding_Summary|0,448",Paragraph_4,"(0, 448)","Being original has to be anything that was originate by someone with no outside ideas from anything or anyone else. Therefore, being original is a very difficult task for a person. Now, everything that one puts together either has already been thought of, or the things being used have been originated by other person before. Although people are creative and put things together, using his or her own ideas, he or she is not actually truly original.",Concluding_Summary,adequate,"Paragraph_1|Final_Claim|150,299",-
