﻿discourse_id,discourse_part,discourse_boundary,discourse_text,adjudicated_discourse_type,adjudicated_effectiveness,adjudicated_hierarchical,adjudicated_parallel
"159b_MSU_essay|Paragraph_1|Nonannotated|0,322",Paragraph_1,"(0, 322)",How you ever wondered why more than one person has been created on earth? Everyone wants to know that question but it only takes a matter of time to find out. Just think about all the differences in each person on the earth. Everybody does not have the same characteristics. We do not always act the same or think the same.,Nonannotated,-,-,-
"159b_MSU_essay|Paragraph_1|Final_Claim|324,543",Paragraph_1,"(324, 543)","This is why everyone should be truly original because we came to this earth original. Even though some people often take advantage of some other people ideas, it is very essential that they should come up with their own.",Final_Claim,adequate,-,-
"159b_MSU_essay|Paragraph_2|Primary_Claim|0,40",Paragraph_2,"(0, 40)",Style is very important to an individual.,Primary_Claim,adequate,"Paragraph_1|Final_Claim|324,543","Paragraph_3|Primary_Claim|0,41; Paragraph_4|Primary_Claim|0,73"
"159b_MSU_essay|Paragraph_2|Data|42,366",Paragraph_2,"(42, 366)","A person should want to be their own self; meaning that instead of copying someone else's ideas, they should use their own mind to seek their own ideas. Why would you want to be like someone else? The key to success is not about following somebody else's lead. It is about taking the lead and doing what inspire you the most.",Data,adequate,"Paragraph_2|Primary_Claim|0,40",-
"159b_MSU_essay|Paragraph_3|Primary_Claim|0,41",Paragraph_3,"(0, 41)",Confidence is also involved in this issue.,Primary_Claim,adequate,"Paragraph_1|Final_Claim|324,543","Paragraph_2|Primary_Claim|0,40; Paragraph_4|Primary_Claim|0,73"
"159b_MSU_essay|Paragraph_3|Data|43,442",Paragraph_3,"(43, 442)","If a person is confident about theirself, there would be no need for them to copy someone else. It will take the mind a long way which what makes them the person they are desired to be. If a person do decides to copy something from somebody, they should at least try to be original with it;by putting a spice of their personality into it. This advice should go out to writers, artists, and musicians.",Data,adequate,"Paragraph_3|Primary_Claim|0,41",-
"159b_MSU_essay|Paragraph_4|Primary_Claim|0,73",Paragraph_4,"(0, 73)",Personality is very essential toward the needs of a person being original.,Primary_Claim,adequate,"Paragraph_1|Final_Claim|324,543","Paragraph_2|Primary_Claim|0,40; Paragraph_3|Primary_Claim|0,41"
"159b_MSU_essay|Paragraph_4|Data|75,465",Paragraph_4,"(75, 465)","A individual's personality is what brings out the different ideas that are place down on the table. For instance, a writer's personality can be filled with all types of information that can be turned into ideas;only if the writer manage them quite well. The same thing goes for any other profession. A person can only try before they know they can do something different from another person.",Data,adequate,"Paragraph_4|Primary_Claim|0,73",-
"159b_MSU_essay|Paragraph_5|Concluding_Summary|0,350",Paragraph_5,"(0, 350)","I have always been taught to be my own person no matter what the situation is. My personality is what makes me who I am today. Being original will take you a long way and I can witness that it has taken me a long way. I have sat back and observed that ones that are followers will always end up further behind, so be original and follow your own mind.",Concluding_Summary,ineffective,"Paragraph_1|Final_Claim|324,543",-
