﻿discourse_id,discourse_part,discourse_boundary,discourse_text,adjudicated_discourse_type,adjudicated_effectiveness,adjudicated_hierarchical,adjudicated_parallel
"15_MSU_essay|Paragraph_1|Nonannotated|0,163",Paragraph_1,"(0, 163)",What does it mean to be truly original? Originality can be simply defined as someone or something being unique. Meaning that there is nothing else like it anywhere.,Nonannotated,-,-,-
"15_MSU_essay|Paragraph_1|Concluding_Summary|1281,1419",Paragraph_1,"(1281, 1419)","With that said, I do believe that one can be truly original and unique, although it might be hard sometimes, especially as time progresses.",Concluding_Summary,adequate,-,-
"15_MSU_essay|Paragraph_1|Final_Claim|165,288",Paragraph_1,"(165, 288)",Every person on the planet is original in their own way.,Final_Claim,adequate,-,-
"15_MSU_essay|Paragraph_1|Data|222,1279",Paragraph_1,"(222, 1279)","Now some of the ideas that people come up with may not be original. Some people chose not to be original simply because they are too lazy to think of something of their own so they just copy something that has been done before and put their name on it. There is the idea of ""it's already been done before,"" and this is why many artists, musicians, and writers struggle to make something of their own. Today there is such a wide variety of books, songs, movies, and ideas that it might be hard to come up with something that is truly original. When it comes down to it, this group of people might have to take an idea that is already out there, put a spin on it to make it better or even different, and put there name on it to make their own little piece of history. I believe as time passes on, it will be more difficult to make something original because someone has already done it. However, speaking in terms of science, new technology will always become available leading to new discoveries whether it be a new element, planet or even multiple universes.",Data,adequate,"Paragraph_1|Final_Claim|165,288",-
