﻿discourse_id,discourse_part,discourse_boundary,discourse_text,adjudicated_discourse_type,adjudicated_effectiveness,adjudicated_hierarchical,adjudicated_parallel
"15b_MSU_essay|Paragraph_1|Nonannotated|0,451",Paragraph_1,"(0, 451)","Originality, one might say, is the outpouring of one's soul. For the last several decades, men have questioned rather originality can truly exist anymore. It seems that, no matter what people try to come up with, man's accomplishments can always be compared to similar pedastals that have been previously reached. However, there are reasons to believe that originality still exists, that people can still express themselves in a way that only they can.",Nonannotated,-,-,-
"15b_MSU_essay|Paragraph_1|Final_Claim|453,571",Paragraph_1,"(453, 571)","Due to historical proof, unlimited creative potential, and man's individuality, originality must certainly still exist.",Final_Claim,effective,-,-
"15b_MSU_essay|Paragraph_2|Primary_Claim|0,228",Paragraph_2,"(0, 228)","It is easy to assume that, in man's first centuries on Earth, originality was abundant. However, although trillions of accomplishments have been made since that point, history shows that there is always room for new developments.",Primary_Claim,effective,"Paragraph_1|Final_Claim|453,571","Paragraph_4|Primary_Claim|0,55; Paragraph_5|Primary_Claim|0,42"
"15b_MSU_essay|Paragraph_2|Data|230,900",Paragraph_2,"(230, 900)","""The Fountainhead"" by Ayn Rand is a book about architecture that mentions this fact. The main character states that traditional architects do nothing but copy the work of others who, in turn, have copied the work of others (and so on, and so forth). The character then goes on to say that, even though he faces extreme criticism, he wants to be original; he wishes to create his own buildings that he pictures in his own mind. Now, over the last several decades, architects have begun bulding skyscrapers, new buildings with unique designs, etc., despite what they were taught to build previously. It appears that originality came when men thought no more could be found.",Data,effective,"Paragraph_2|Primary_Claim|0,228","Paragraph_3|Data|0,401"
"15b_MSU_essay|Paragraph_3|Data|0,401",Paragraph_3,"(0, 401)","The history of the entertainment industry also shows evidence of originality. Where were punk rock, heavy metal, and scream-o twenty years ago? Where were games systems and the internet? There were times before today when men thought originality had perished, and yet we keep seeing more. History makes it clear that the world is continuously changing, despite the era we live in and what people claim.",Data,adequate,"Paragraph_2|Primary_Claim|0,228","Paragraph_2|Data|230,900"
"15b_MSU_essay|Paragraph_4|Primary_Claim|0,55",Paragraph_4,"(0, 55)",Man's creative potential has yet to find any boundaries.,Primary_Claim,adequate,"Paragraph_1|Final_Claim|453,571","Paragraph_2|Primary_Claim|0,228; Paragraph_5|Primary_Claim|0,42"
"15b_MSU_essay|Paragraph_4|Data|57,535",Paragraph_4,"(57, 535)","While man used to wield sticks and flint to produce fire, he now wields flamethrowers. While he used to ride in a horse-drawn carriage, he now has automobiles that can reach hundreds of miles per hour. Clearly there is always more to be accomplished and create. Surely there is more room for development. Even spacecraft, which, at one time, were thought impossible, have reached destinations we can not imagine. Man's unlimited potential leaves exponential room for originality.",Data,effective,"Paragraph_4|Primary_Claim|0,55",-
"15b_MSU_essay|Paragraph_5|Primary_Claim|0,42",Paragraph_5,"(0, 42)",Men are unique in their own individual way.,Primary_Claim,adequate,"Paragraph_1|Final_Claim|453,571","Paragraph_2|Primary_Claim|0,228; Paragraph_4|Primary_Claim|0,55"
"15b_MSU_essay|Paragraph_5|Data|44,424",Paragraph_5,"(44, 424)","We all possess something different that make us who we are. We al lhave different ways to express our souls. Through music, poetry, stories, and art, we all show what we have to offer. Because we are all different, orginality must still exist. There have to be ways to express ourselves in ways that have yet to be accomplished because we are, in fact, completely different people.",Data,adequate,"Paragraph_5|Primary_Claim|0,42",-
"15b_MSU_essay|Paragraph_6|Concluding_Summary|0,359",Paragraph_6,"(0, 359)","By looking at history, man's unlimited creative potential, and the individuality of men, one can see that originality still exists. Though people have questioned originality's livelihood in the past, it always appears to show back up over time.",Concluding_Summary,effective,"Paragraph_1|Final_Claim|453,571",-
"15b_MSU_essay|Paragraph_6|Nonannotated|245,359",Paragraph_6,"(245, 359)","Instead of questioning its existence, we should now be wondering why we are allowing it to stay hidden for so long.",Nonannotated,-,-,-
