﻿discourse_id,discourse_part,discourse_boundary,discourse_text,adjudicated_discourse_type,adjudicated_effectiveness,adjudicated_hierarchical,adjudicated_parallel
"160b_MSU_essay|Paragraph_1|Nonannotated|0,293",Paragraph_1,"(0, 293)","It is true that many things have already been done, like songs, works of art, or a book, but that should not hold anyone back from trying to create that masterpiece that they are trying to create. Weather it is a song, piece of art, or maybe just an image for yourself, do what makes you happy.",Nonannotated,-,-,-
"160b_MSU_essay|Paragraph_1|Final_Claim|295,348",Paragraph_1,"(295, 348)",I believe that anyone can be original if they want to.,Final_Claim,adequate,-,-
"160b_MSU_essay|Paragraph_1|Data|350,1417",Paragraph_1,"(350, 1417)","People today are so worried about whats going on around them and trying to keep up with the latest style that many people have forgotten what originality is. It is very simple to be original: just be yourself. There is only one of yourself in the world, and that is you. This means that everyone is original without even trying to be. It seams like in today's society that everyone has to belong to a certain group of people, or be labeled a certain way. The label that one gets can depend on the type of clothes he or she wears, or what type of music he or she listens to. Some people feel like they have to conform to a group to feel original, and that is alright, but the only way to be truly genuine is to do your own thing, and not worry about what everyone else is doing. It may seem hard to just be yourself, because there are so many groups of people that someone might label you as. Who cares what other people think? If every single person in the world worried about what their neighbor thought of them, no one would be comfortable being who they really are.",Data,adequate,"Paragraph_1|Final_Claim|295,348",-
"160b_MSU_essay|Paragraph_2|Concluding_Summary|0,268",Paragraph_2,"(0, 268)","My answer to the question is yes, people can be truly original. No matter how many books are published, or songs are written, no one can ever take away your originality. Your originality is something that is unique to you. Just be yourself, and that is what is original",Concluding_Summary,effective,"Paragraph_1|Final_Claim|295,348",-
