﻿discourse_id,discourse_part,discourse_boundary,discourse_text,adjudicated_discourse_type,adjudicated_effectiveness,adjudicated_hierarchical,adjudicated_parallel
"161b_MSU_essay|Paragraph_1|Nonannotated|0,250",Paragraph_1,"(0, 250)",On the covers of magazines and newspapers are stories about young celebrity socialites going out to the clubs and getting drunk. They look trashy and give a false image of beauty. Sex tapes are often involved so why should children admire these women?,Nonannotated,-,-,-
"161b_MSU_essay|Paragraph_1|Final_Claim|252,371",Paragraph_1,"(252, 371)",Society needs to channel who is looked upon as a hero. Lindsay Lohan should not be adored and children's parents should.,Final_Claim,adequate,-,-
"161b_MSU_essay|Paragraph_2|Primary_Claim|0,48",Paragraph_2,"(0, 48)",Lindsay Lohan is a celebrity but far from a hero.,Primary_Claim,adequate,"Paragraph_1|Final_Claim|252,371","Paragraph_3|Primary_Claim|0,34"
"161b_MSU_essay|Paragraph_2|Data|50,350",Paragraph_2,"(50, 350)","She is too skinny, has gross blonde hair, and is a drug addict. Young girls should not admire a person who goes out to clubs five nights out of the week and gets wasted. She has done nothing to prove her acting talents besides maybe The Parent Trap and Mean Girls. Lindsay does not deserve admiration.",Data,adequate,"Paragraph_2|Primary_Claim|0,48",-
"161b_MSU_essay|Paragraph_3|Primary_Claim|0,34",Paragraph_3,"(0, 34)",People's parents should be admired.,Primary_Claim,adequate,"Paragraph_1|Final_Claim|252,371","Paragraph_2|Primary_Claim|0,48"
"161b_MSU_essay|Paragraph_3|Data|36,388",Paragraph_3,"(36, 388)",Parents are the one's who are usually (or should be) the greatest influence in a child's life. Most parents do not go around getting wasted and doing drugs in front of their children and try to lead by example. If children admired their parents more maybe the world would not be such a bad place. Parents need to the be heroes in their children's lives.,Data,adequate,"Paragraph_3|Primary_Claim|0,34",-
