﻿discourse_id,discourse_part,discourse_boundary,discourse_text,adjudicated_discourse_type,adjudicated_effectiveness,adjudicated_hierarchical,adjudicated_parallel
"162b_MSU_essay|Paragraph_1|Nonannotated|0,201",Paragraph_1,"(0, 201)",My Grandmother has always said that there is nothing new under the sun and she was correct but there is always another side to a story. I have found this out for myself and I see it in my everyday life.,Nonannotated,-,-,-
"162b_MSU_essay|Paragraph_1|Final_Claim|203,288",Paragraph_1,"(203, 288)",There is a such thing as being truly original but it is hard to accomplish and obtain.,Final_Claim,adequate,-,-
"162b_MSU_essay|Paragraph_2|Counterclaim|0,116",Paragraph_2,"(0, 116)",Some people say that being original does not exist anymore in a world that has so many influences and well connected.,Counterclaim,effective,"Paragraph_1|Final_Claim|203,288","Paragraph_3|Primary_Claim|0,48"
"162b_MSU_essay|Paragraph_2|Rebuttal|118,353",Paragraph_2,"(118, 353)","I do not believe that because although it may be true that there is nothing new under the sun and fashion just like only repeats itself is true but what about the other less noticeable things for instance the World Wide Web, or Facebook",Rebuttal,adequate,"Paragraph_2|Counterclaim|0,116",-
"162b_MSU_essay|Paragraph_2|Data|356,514",Paragraph_2,"(356, 514)",These things are truly original and although some other things may come in life and try to be like we have to realize that they imitated the idea from someone.,Data,adequate,"Paragraph_2|Rebuttal|118,353",-
"162b_MSU_essay|Paragraph_3|Primary_Claim|0,48",Paragraph_3,"(0, 48)",Originality can be achieved but it is only rarely,Primary_Claim,adequate,"Paragraph_1|Final_Claim|203,288","Paragraph_2|Counterclaim|0,116"
"162b_MSU_essay|Paragraph_3|Data|50,549",Paragraph_3,"(50, 549)","some people tend to forget that in order to copy someone has to do it first. Old things can be modified in other new things and have other uses other than the ones that was given to them at first. Some technological advances have invented new things because they saw that it was a need for it. For example, text message writing. Someone saw a need for it and it is a very useful tool used today. Text message writing has never been done before and the thought of the idea itself is still fascinating.",Data,adequate,"Paragraph_3|Primary_Claim|0,48",-
