﻿discourse_id,discourse_part,discourse_boundary,discourse_text,adjudicated_discourse_type,adjudicated_effectiveness,adjudicated_hierarchical,adjudicated_parallel
"163b_MSU_essay|Paragraph_1|Nonannotated|0,103",Paragraph_1,"(0, 103)",Originality is a huge part of society today. Everyone wants to stand out and be set apart from the norm.,Nonannotated,-,-,-
"163b_MSU_essay|Paragraph_1|Final_Claim|105,323",Paragraph_1,"(105, 323)","Even though originality and uniqueness seems easy enough to reach without repeating something, people are more than likely to copy a work or an idea, because uniqueness and originality is influenced by a former concept.",Final_Claim,effective,-,-
"163b_MSU_essay|Paragraph_2|Counterclaim|0,105",Paragraph_2,"(0, 105)","In today's world, it seems that the most common form of reaching uniqueness is through physical appearance.",Counterclaim,adequate,"Paragraph_1|Final_Claim|105,323","Paragraph_3|Primary_Claim|0,128"
"163b_MSU_essay|Paragraph_2|Data|108,296",Paragraph_2,"(108, 296)",Typically people tend to wear outlandish clothes and accessories to set them apart from everyone else. The point of dressing so oddly or original is to express themselves in a peculiar way.,Data,adequate,"Paragraph_2|Counterclaim|0,105",-
"163b_MSU_essay|Paragraph_2|Rebuttal|298,494",Paragraph_2,"(298, 494)","The general population tends to look at the way they present themselves and find it quite different and unique, but the truth of the matter is that they aren't bringing original taste to the table.",Rebuttal,adequate,"Paragraph_2|Counterclaim|0,105",-
"163b_MSU_essay|Paragraph_2|Data|496,911",Paragraph_2,"(496, 911)","The same issue lays with tattoos and body piercings. They may not have been as prevalent back in the day, but body art and piercings that people tend to get are influenced by pictures they have seen. With clothes, people see how the oddballs and unique ones dressed back in the day when they were trying to be set apart from society. They then begin to speculate ideas based off of former styles to create their own.",Data,adequate,"Paragraph_2|Rebuttal|298,494",-
"163b_MSU_essay|Paragraph_3|Primary_Claim|0,128",Paragraph_3,"(0, 128)","Aside from physical appearance, musicians and artists are in the same boat when it comes to finding that original sound or paint.",Primary_Claim,adequate,"Paragraph_1|Final_Claim|105,323","Paragraph_2|Counterclaim|0,105"
"163b_MSU_essay|Paragraph_3|Data|130,794",Paragraph_3,"(130, 794)","Many great musicians today will admit that they were influenced by other great artists decades before themselves. Yeah there are different sounds, but generally all of the time moving bands derive there sounds and tempos from musical prodigies before their time. This is the same deal with artists as well. They see former artists that have inspired them such as, Van Gough or Rockwell, and usually blend the two styles together to create their own original look. The inspired artists' and musicians' thoughts and feelings may be different from their influenced role models, but the general form of the music or art is simply a modified knock off of previous works.",Data,adequate,"Paragraph_3|Primary_Claim|0,128",-
"163b_MSU_essay|Paragraph_4|Concluding_Summary|0,781",Paragraph_4,"(0, 781)","Thus saying, true uniqueness and originality is almost impossible to reach today. Music, art, and physical appearance are only a few examples of the many ways people try to be original. There is nothing wrong with copying copies of copies, just as long as it is known that true originality is not there. The fact that this generation is following great philosophers, scientists, inventors, musicians, scholars, and writers makes it impossible to create original ideas and works. The only reason is because people do not realize that their so called ideas or musical master-pieces are influenced from former works that they admire. That is why I believe that people are more than likely to copy a work or an idea, because uniqueness and originality is influenced by a former concept.",Concluding_Summary,effective,"Paragraph_1|Final_Claim|105,323",-
