﻿discourse_id,discourse_part,discourse_boundary,discourse_text,adjudicated_discourse_type,adjudicated_effectiveness,adjudicated_hierarchical,adjudicated_parallel
"164b_MSU_essay|Paragraph_1|Nonannotated|0,199",Paragraph_1,"(0, 199)",With today's abundant population it may sometimes seem very hard to be different from anyone else. There are just so many ideas out there that it is hard to come up with something completely original.,Nonannotated,-,-,-
"164b_MSU_essay|Paragraph_1|Final_Claim|201,299",Paragraph_1,"(201, 299)",This is because every new idea builds off of an older one and is therefore not completely original.,Final_Claim,adequate,-,-
"164b_MSU_essay|Paragraph_2|Data|0,766",Paragraph_2,"(0, 766)","As far as new ideas and concepts, the very early ones were original. This is because they were a completely new idea and solved a problem previously unaddressed. Todays society is constanly seeking to improve its knowlege and technology. This means that everyone has a chance to find the next new, and original thing. The only problem with this idea is that even if, for example, a new form of technology is found, it is probably based on or created to improve a pevious form of technology. Is something original if it is based on something of a similar nature? In a way it is not, because it simply builds on earlier ideas instead of creating a completely new one. Improving a idea is not the same as coming up with a new one and is therefore not completly original.",Data,adequate,"Paragraph_1|Final_Claim|201,299",-
"164b_MSU_essay|Paragraph_3|Concluding_Summary|0,230",Paragraph_3,"(0, 230)","As time goes on, it is becoming more difficult to come up with a new idea or concept. This is because the people of the previous generations have already addressed almost everything. This makes truely original ideas harder to find.",Concluding_Summary,adequate,"Paragraph_1|Final_Claim|201,299",-
