﻿discourse_id,discourse_part,discourse_boundary,discourse_text,adjudicated_discourse_type,adjudicated_effectiveness,adjudicated_hierarchical,adjudicated_parallel
"165b_MSU_essay|Paragraph_1|Nonannotated|0,302",Paragraph_1,"(0, 302)","Everyone has their own opinions, ideas and ways of coming up with things. I think people can be truely original in many different ways. There is always something new in the world that someone can come up with. Most people are always thinking of new stuff to try and are always coming up with new things.",Nonannotated,-,-,-
"165b_MSU_essay|Paragraph_1|Final_Claim|304,509",Paragraph_1,"(304, 509)","Although most artists, musicians and writers feel it is incapable to be truely original, I fell that it is possible because every person has their own way of coming up with different things to come up with.",Final_Claim,effective,-,-
"165b_MSU_essay|Paragraph_2|Data|0,475",Paragraph_2,"(0, 475)",As we all know it is very hard to come up with your own personal originality. Most artists say it can not be done. Everything they come up with is something that is already established. I am sure that most artists feel that way but that is not always the case. If artists did not come up with new stuff we would all be seeing the same paintings over and over again. Every artist has their own unique originality in their work which makes it very different from everyone elses.,Data,adequate,"Paragraph_1|Final_Claim|304,509","Paragraph_3|Data|0,505; Paragraph_4|Data|0,348"
"165b_MSU_essay|Paragraph_3|Data|0,505",Paragraph_3,"(0, 505)",Musicians also feel that they can not come up with their own original work. I think it is possible for them to be original because all musicians like to play different things. There are not many songs that sound exactly alike. Every musician has come up with thier own original tune. They have their own way of expressing their music which makes it very original. As new musicians come into the world they will all learn which style suits them and they will come up with an original music style themselves.,Data,adequate,"Paragraph_1|Final_Claim|304,509","Paragraph_2|Data|0,475; Paragraph_4|Data|0,348"
"165b_MSU_essay|Paragraph_4|Data|0,348",Paragraph_4,"(0, 348)",Writers also feel that it is hard to be original. They think their story is like anyone elses who writes. I do not feel that all writers are the same. I think each writer can come up with their own original unique work. Any writer can make their story different from anyone elses. They can change it to make their own original unique way of writing.,Data,adequate,"Paragraph_1|Final_Claim|304,509","Paragraph_2|Data|0,475; Paragraph_3|Data|0,505"
"165b_MSU_essay|Paragraph_5|Concluding_Summary|0,328",Paragraph_5,"(0, 328)","In conclusion, I think that it is possible to be truely original. I think artists, musicians and writers are all very unique in their own way. They are capable of showing their own work. I think that every artist, musician, and writer's works are all very different from each other. They are all capable of being truely original.",Concluding_Summary,effective,"Paragraph_1|Final_Claim|304,509",-
