﻿discourse_id,discourse_part,discourse_boundary,discourse_text,adjudicated_discourse_type,adjudicated_effectiveness,adjudicated_hierarchical,adjudicated_parallel
"166b_MSU_essay|Paragraph_1|Nonannotated|0,397",Paragraph_1,"(0, 397)","Is it possible for anyone to be truely original in their work anymore? In the beginning the obvious answer was yes, due to the blank canvas that man had in front of him. However, as time has evolved, the ability for man to be original has slowely disappeared. It has become increasingly more difficult for anyone to come up with something that isnt piggybacking something that is already out there.",Nonannotated,-,-,-
"166b_MSU_essay|Paragraph_1|Final_Claim|399,575",Paragraph_1,"(399, 575)","Although some may argue that new inventions are original, because of everything that is already out there these ideas are nothing more then a recreation of what we already have.",Final_Claim,adequate,-,-
"166b_MSU_essay|Paragraph_2|Data|0,1118",Paragraph_2,"(0, 1118)","The first example of how it is not possible to be truely original is found in movies. Since the early twentith century, people have enjoyed going to the theater for a night of entertainment. It was in a way a night away from reality where one second you could be in your home town and now you are taken to the depths of the universe. It would not be to much of a stretch to say that watching movies is a favorite activity among most Americans. However, America's favorite activity is quickly becoming less original as the time passes. Directors and writers are beginning to run out of ideas and are now turning to old movies as the source of their new ideas. The technology has come a long way since the original creation of the movie, but the plot line remains. In short, ""It's been done."" The graphics or special effects may make the movie look more appealing but it does not change the fact that it is not original. Take for example a movie like King Kong. Just recently it was made and released as the hot movie of the summer. Sure the graphics were a lot better then the original, but the story was the exact same.",Data,effective,"Paragraph_1|Final_Claim|399,575","Paragraph_3|Data|0,784"
"166b_MSU_essay|Paragraph_3|Data|0,784",Paragraph_3,"(0, 784)","Another example of how it is impossible to be truly oringinal can be found in music. It seems that as the years go by, the more and more musicans steal or borrow from music from a prior generation. Songs may be sung by a different artist but if you listen close you will find that it is ripping off an older song. This has always been true for a genre like Hip Hop. Hip Hop was founded on the basis of sampling another artist's music. However, the ideas of musicans are running out and now other generes of music are turning to this practice. Most recently the band Coldplay was involved in a scandel where it was found they were ripping of the work of a former artist. Sure they changed a few things around and it sounded a little different, but in the end it was not original at all.",Data,effective,"Paragraph_1|Final_Claim|399,575","Paragraph_2|Data|0,1118"
"166b_MSU_essay|Paragraph_4|Concluding_Summary|0,404",Paragraph_4,"(0, 404)","It is not a fault of society that as time passes we become less original. Very few things that are created or invented in today are original. It is simpily to hard to come up with something that hasn't already been done before. Although some may argue that new inventions are original, because of everything that is already out there these ideas are nothing more then a recreation of what we already have.",Concluding_Summary,adequate,"Paragraph_1|Final_Claim|399,575",-
