﻿discourse_id,discourse_part,discourse_boundary,discourse_text,adjudicated_discourse_type,adjudicated_effectiveness,adjudicated_hierarchical,adjudicated_parallel
"167b_MSU_essay|Paragraph_1|Nonannotated|0,163",Paragraph_1,"(0, 163)","Originality is something that does not change, it just goes with the flow of everyday life. Even if some situations have been changed in ways, it is still original.",Nonannotated,-,-,-
"167b_MSU_essay|Paragraph_1|Final_Claim|165,245",Paragraph_1,"(165, 245)",Although some people are original the majority of people are unique in many ways.,Final_Claim,adequate,-,-
"167b_MSU_essay|Paragraph_1|Primary_Claim|247,357",Paragraph_1,"(247, 357)",The only way to be unique is to go beyond what others do and create something that rivals what can be original.,Primary_Claim,adequate,"Paragraph_1|Final_Claim|165,245",-
"167b_MSU_essay|Paragraph_1|Data|359,909",Paragraph_1,"(359, 909)","Everyone strives to be the best at what they do, yet others are stuck in the rut and are never encouraged to expand their horizon of how they think. Eventhough some people stay original being unique is how society works. There are different ways to be unique and thats what makes the world so great. If everyone in the world was original and the same there would be no reason to go on with our daily lives. People would be robots doing the same thing every day but instead being unique is the reason we have gotten so far in science, music, and style.",Data,adequate,"Paragraph_1|Primary_Claim|247,357",-
"167b_MSU_essay|Paragraph_1|Concluding_Summary|911,988",Paragraph_1,"(911, 988)",Being original is allright in ways but uniqueness is why the world goes round.,Concluding_Summary,adequate,"Paragraph_1|Final_Claim|165,245",-
