﻿discourse_id,discourse_part,discourse_boundary,discourse_text,adjudicated_discourse_type,adjudicated_effectiveness,adjudicated_hierarchical,adjudicated_parallel
"169b_MSU_essay|Paragraph_1|Nonannotated|0,428",Paragraph_1,"(0, 428)","Similar to the concept of squares being rectangles while rectangles are not necessarily squares, heroes are celebrities while celebrities are not necessarily heroes. A role model should have qualities that people look up to; admirable traits such as loyalty, kindness, and courage are some traits that could be found in one's hero. While some celebrities do have these traits and more, some simply aren't good role models at all.",Nonannotated,-,-,-
"169b_MSU_essay|Paragraph_1|Final_Claim|430,549",Paragraph_1,"(430, 549)","We should admire heroes even if that hero is a celebrity, but we should not admire celebrities who are just celebrities.",Final_Claim,effective,-,-
"169b_MSU_essay|Paragraph_2|Primary_Claim|0,118",Paragraph_2,"(0, 118)",There are some famous people out there who have decided to be the bigger person and use their wealth and fame for good.,Primary_Claim,effective,"Paragraph_1|Final_Claim|430,549","Paragraph_3|Primary_Claim|0,56; Paragraph_4|Primary_Claim|0,92"
"169b_MSU_essay|Paragraph_2|Data|120,449",Paragraph_2,"(120, 449)","More and more celebrities are working with charities and becoming ""green"" than ever before. These celebrities are the ones that should be a role model to people. These ordinary people who became famous for various reasons have turned into heroes because of their works in the world and admirable traits that have or have acquired.",Data,adequate,"Paragraph_2|Primary_Claim|0,118",-
"169b_MSU_essay|Paragraph_3|Primary_Claim|0,56",Paragraph_3,"(0, 56)",Some celebrities are simply celebrities and nothing more.,Primary_Claim,effective,"Paragraph_1|Final_Claim|430,549","Paragraph_2|Primary_Claim|0,118; Paragraph_4|Primary_Claim|0,92"
"169b_MSU_essay|Paragraph_3|Data|58,843",Paragraph_3,"(58, 843)","There will always be someone out there who takes the fame and glory to their head and believes they are all that matters in life. These celebrities are the ones who do not need to be considered role models. If people looked up to the pop star who was arrested for drinking and driving, then those tragic accidents would only increase. Teenage girls tend to look up to the newest and youngest singer or actress without realizing that they are teenagers as well and will ten to make the same mistakes that ordinary teenagers make. As a result, many girls are crushed when they see their Miley Cirus in the tabloids making mistakes. Some girls may think that their role model is no longer worth idolizing while others believe that what their role model did was fine for them to do as well.",Data,adequate,"Paragraph_3|Primary_Claim|0,56",-
"169b_MSU_essay|Paragraph_4|Primary_Claim|0,92",Paragraph_4,"(0, 92)","People who became famous for heroic deeds should always be admired, at least for that action.",Primary_Claim,effective,"Paragraph_1|Final_Claim|430,549","Paragraph_2|Primary_Claim|0,118; Paragraph_3|Primary_Claim|0,56"
"169b_MSU_essay|Paragraph_4|Data|94,434",Paragraph_4,"(94, 434)","One should always remember that heroes are people as well and they have just as much potential to do wrong as a celebrity. This makes it hard to distinguish a good role model from a bad one, but as long as one remembers that everyone makes mistakes and recognizes those made by heroes and celebrities, then most anyone could be a role model.",Data,adequate,"Paragraph_4|Primary_Claim|0,92",-
"169b_MSU_essay|Paragraph_5|Concluding_Summary|0,610",Paragraph_5,"(0, 610)","Whether a person is a hero or a celebrity, they are still human; there is room for both admirable traits and also mistakes. One must learn to recognize both in order to know who is a good role model. Oprah Winfrey is both a hero and celebrity, but she is not perfect. One must see that she made mistakes too. We should admire heroes-those who became famous because of being a hero. We should also admire heroic celebrities-those who use their fame to do heroic deeds. There are many good role models out there; we just have to remember that a square is a square, but only so many rectangles are squares as well.",Concluding_Summary,effective,"Paragraph_1|Final_Claim|430,549",-
