﻿discourse_id,discourse_part,discourse_boundary,discourse_text,adjudicated_discourse_type,adjudicated_effectiveness,adjudicated_hierarchical,adjudicated_parallel
"16_MSU_essay|Paragraph_1|Final_Claim|0,126",Paragraph_1,"(0, 126)","Although, people try to create new things or ideas,but it is just an improvement on what had already been done by someone else.",Final_Claim,adequate,-,-
"16_MSU_essay|Paragraph_1|Nonannotated|128,248",Paragraph_1,"(128, 248)","Lets look at this in different area of specialization such as Information technology, Banking, Education and Engineering.",Nonannotated,-,-,-
"16_MSU_essay|Paragraph_2|Data|0,267",Paragraph_2,"(0, 267)","Firstly, people who specialize in information technology try to bring about the birth of new things,such people spend a lot of time to make research and found new ideas,at the end it is based on concept that someone else had already discovered but just an improvement.",Data,adequate,"Paragraph_1|Final_Claim|0,126","Paragraph_3|Data|0,162; Paragraph_4|Data|0,427; Paragraph_5|Data|0,232"
"16_MSU_essay|Paragraph_3|Data|0,162",Paragraph_3,"(0, 162)",An example of this is the mobile phone we use. Every year mobile phone companies try to produce new model of phone adding new features that old models do not have.,Data,ineffective,"Paragraph_1|Final_Claim|0,126","Paragraph_2|Data|0,267; Paragraph_4|Data|0,427; Paragraph_5|Data|0,232"
"16_MSU_essay|Paragraph_4|Data|0,427",Paragraph_4,"(0, 427)","Secondly, banking in past years tend to be manually, in which check is issued to workers and they have to make wait for long period of time before the check is verified. Nowadays it is automatic in which checks can be confirmed instantly and money given to customers. It just an improvement on the old concept not and entire new concept.checks presented by customers are confirmed in same way but now through an online database.",Data,adequate,"Paragraph_1|Final_Claim|0,126","Paragraph_2|Data|0,267; Paragraph_3|Data|0,162; Paragraph_5|Data|0,232"
"16_MSU_essay|Paragraph_5|Data|0,232",Paragraph_5,"(0, 232)","Lastly, Engineers and educators wish to discover new principles to teach students, but it is just an improvement on what have been discovered in the past by old professionals in this field. It is just updated base on the old concept.",Data,adequate,"Paragraph_1|Final_Claim|0,126","Paragraph_2|Data|0,267; Paragraph_3|Data|0,162; Paragraph_4|Data|0,427"
"16_MSU_essay|Paragraph_6|Concluding_Summary|0,177",Paragraph_6,"(0, 177)","In conclusion, people can never be original because they try to work on concepts discovered by someone else, and try to make an improvement to make it better and more acceptable.",Concluding_Summary,adequate,"Paragraph_1|Final_Claim|0,126",-
