﻿discourse_id,discourse_part,discourse_boundary,discourse_text,adjudicated_discourse_type,adjudicated_effectiveness,adjudicated_hierarchical,adjudicated_parallel
"16b_MSU_essay|Paragraph_1|Nonannotated|0,402",Paragraph_1,"(0, 402)","Originality is said to be the uniqueness of an idea. As we now are living in a world where information is easily accessable and abundant some question whether there are any more ""original"" ideas. Although one can still think up an idea or device that is new to him/her and his/her generation, can it be determined if this very idea has not been thought up by one of the millions that have already lived?",Nonannotated,-,-,-
"16b_MSU_essay|Paragraph_2|Data|0,282",Paragraph_2,"(0, 282)","One stance on this issue is if people do not have prior knowledge of an idea and create it, then it is an original idea. This is a more case by case standpoint than the overall idea of originality. In this case one could be a very original person by being ingenious, ignorant person.",Data,ineffective,"Paragraph_3|Final_Claim|0,92",-
"16b_MSU_essay|Paragraph_3|Final_Claim|0,92",Paragraph_3,"(0, 92)","Due to these viewpoints one must conclude that anyone can be original, if only to themselves.",Final_Claim,adequate,-,-
"16b_MSU_essay|Paragraph_3|Nonannotated|94,307",Paragraph_3,"(94, 307)",Modern times also allow ownership of these original ideas in the form of patents. This creates interesting prospects for the future. Will it become harder and harder to create an original idea for one's generation?,Nonannotated,-,-,-
