﻿discourse_id,discourse_part,discourse_boundary,discourse_text,adjudicated_discourse_type,adjudicated_effectiveness,adjudicated_hierarchical,adjudicated_parallel
"170b_MSU_essay|Paragraph_1|Nonannotated|0,376",Paragraph_1,"(0, 376)","Are people starting to become less original? Some may say yes others may say no, but if we look at society from the outside you'll see originality is losing its touch. The entertainment business, scholars, business are all losing the creativity that spawns originality. it has been happening for quite some time now. some good reason can be that people start beiing themselves.",Nonannotated,-,-,-
"170b_MSU_essay|Paragraph_1|Final_Claim|378,519",Paragraph_1,"(378, 519)",people can't say that everything has been done because looking into the entertainment business you can see that are few traces of originality.,Final_Claim,adequate,-,-
"170b_MSU_essay|Paragraph_2|Primary_Claim|0,101",Paragraph_2,"(0, 101)",Music has an heavy influence on society which can bear down on creativity and eliminating originality.,Primary_Claim,adequate,"Paragraph_1|Final_Claim|378,519","Paragraph_2|Primary_Claim|103,211"
"170b_MSU_essay|Paragraph_2|Primary_Claim|103,211",Paragraph_2,"(103, 211)","the way people dress, behave, and what they do can be traced back to some form of original idea from someone.",Primary_Claim,adequate,"Paragraph_1|Final_Claim|378,519","Paragraph_2|Primary_Claim|0,101"
"170b_MSU_essay|Paragraph_2|Data|213,860",Paragraph_2,"(213, 860)","A good example of this can be youth's baggy clothes.This fashion came from prison and the reason for sagging is not one the youth want to hear. baggy clothes then made it's way in to hip hop, and now you have all these entertainers wearing all these baggy clothes and jewelry. You have the youth mostly watching them,and then they imitate the styles because they want to be like them. This can put a limit on ones creativity because those who don't follow this so called movement are misunderstood. People don't like being misunderstood so they tend to follow. When people start to follow they begin to lose their creativity and losing originality.",Data,effective,"Paragraph_2|Primary_Claim|103,211",-
