﻿discourse_id,discourse_part,discourse_boundary,discourse_text,adjudicated_discourse_type,adjudicated_effectiveness,adjudicated_hierarchical,adjudicated_parallel
"171b_MSU_essay|Paragraph_1|Nonannotated|0,333",Paragraph_1,"(0, 333)","Many people in today's society find the role of being a hero and the role of being a celebrity essentially interchangeable, which simply is not true. Heroes are those who put something on the line in order to better another person or society in general. Although celebrities can do heroic acts, they, themselves, are often not heroes.",Nonannotated,-,-,-
"171b_MSU_essay|Paragraph_1|Final_Claim|335,466",Paragraph_1,"(335, 466)","Heroes are vital to the world of today, while celebrites contribute very little, so heroes should be admired instead of celebrities.",Final_Claim,effective,-,-
"171b_MSU_essay|Paragraph_2|Primary_Claim|0,92",Paragraph_2,"(0, 92)",One great fallacy in today's culture is that celebrities are almost always put before heroes.,Primary_Claim,adequate,"Paragraph_1|Final_Claim|335,466","Paragraph_3|Primary_Claim|0,92"
"171b_MSU_essay|Paragraph_2|Data|94,558",Paragraph_2,"(94, 558)","It is far from being unheard of to see a headline of a newspaper or the cover of a magazine involving the newest update on the trivial aspects of a celebrity's personal life. Then, in the depths of the same newspaper and magazine, there might be a small article about how a brave man saved a significant number of lives. This shows that society pays too much attention to the lives of celebrities and not enough to the achievements of heroes, who should be admired.",Data,effective,"Paragraph_2|Primary_Claim|0,92",-
"171b_MSU_essay|Paragraph_3|Primary_Claim|0,92",Paragraph_3,"(0, 92)","Celebrites typically do not contribute very much, but heroes are what holds society together.",Primary_Claim,adequate,"Paragraph_1|Final_Claim|335,466","Paragraph_2|Primary_Claim|0,92"
"171b_MSU_essay|Paragraph_3|Data|94,289",Paragraph_3,"(94, 289)","Many celebrites are essentially worthless in the progression of today. Paris Hilton, for example, gives nothing to society. She is barely educated and is only famous because of her wealthy father.",Data,adequate,"Paragraph_3|Primary_Claim|0,92",-
"171b_MSU_essay|Paragraph_4|Concluding_Summary|0,384",Paragraph_4,"(0, 384)","In the world of today, heroes should be repected and recognized more often for their acts of selflessness. They should be looked upon like celebrities are today: with admiration. The roles of being a hero and being a celebrity are confused and need to be switched. The world needs to realize that many celebrities are not worthy of being a role model and that heroes should be admired.",Concluding_Summary,effective,"Paragraph_1|Final_Claim|335,466",-
