﻿discourse_id,discourse_part,discourse_boundary,discourse_text,adjudicated_discourse_type,adjudicated_effectiveness,adjudicated_hierarchical,adjudicated_parallel
"172b_MSU_essay|Paragraph_1|Nonannotated|0,229",Paragraph_1,"(0, 229)","The question of whether or not people can ever truly be original is one that is posed often in western society. Particularly, Americans try to be unique when creating outfits to wear to class, work, or out for a night on the time.",Nonannotated,-,-,-
"172b_MSU_essay|Paragraph_1|Final_Claim|231,890",Paragraph_1,"(231, 890)","However, these efforts are wasted because western society looks towards those in the public eye for ideas on who to be. Women look to their favorite celebrities for tips on how they should wear their hair, clothes, and accessories. Men seek assistance from their favorite athletes and musicians for inspiration for a new hair cut or a new pair of shoes. Not only do Americans look to those in the public eye for hints on how to better fit into society, but they also look to each other for inspiration. This example can be seen from the styles on red carpets in Hollywood, to the runways of New York City, and even on the campus of Mississippi State University.",Final_Claim,adequate,-,-
"172b_MSU_essay|Paragraph_2|Primary_Claim|0,53",Paragraph_2,"(0, 53)",The trends that flow through Hollywood are infectious.,Primary_Claim,effective,"Paragraph_1|Final_Claim|231,890","Paragraph_3|Primary_Claim|0,120; Paragraph_4|Primary_Claim|0,95"
"172b_MSU_essay|Paragraph_2|Data|55,762",Paragraph_2,"(55, 762)","They stem from runways and designer boutiques and reach as far as small, rural towns in the south much like Starkville, Mississippi. During award show season celebrities turn to their most trusted stylists to dress them for red carpets and after parties. The stylists they go to follow a regime of the fit, color, and design pattern that is in that season. Thus, some celebs end up wearing very similar gowns and tuxes or, even worse, the same exact outfit. The ""who wore it better"" war ensues, and said actor is forever humiliated when their opponent wins. As much as people try to be unique in Hollywood, there will always be someone who has worn a similar outfit whether it was last season or last decade.",Data,effective,"Paragraph_2|Primary_Claim|0,53",-
"172b_MSU_essay|Paragraph_3|Primary_Claim|0,120",Paragraph_3,"(0, 120)",Another case where imitation is avoided but never truly avoidable is on the runways of New York City during fashion week.,Primary_Claim,effective,"Paragraph_1|Final_Claim|231,890","Paragraph_2|Primary_Claim|0,53; Paragraph_4|Primary_Claim|0,95"
"172b_MSU_essay|Paragraph_3|Data|122,687",Paragraph_3,"(122, 687)","Runway shows are elaborate, confusing, and sometimes ghastly experiences. Designers do their best to make clothes so ridiculously flashy in order to stand out. However, no matter how much effort the designers for Versace put into a gown, it is almost guarunteed that Chanel produced nearly the same dress twenty years ago. Designers go to great lengths in an effort to make them stand out from their competitors. Unfortunately to stay on the radar, they must conform to a certain style or else their prized creations may forever be lost in a Macy's one day sale bin.",Data,effective,"Paragraph_3|Primary_Claim|0,120",-
"172b_MSU_essay|Paragraph_4|Primary_Claim|0,95",Paragraph_4,"(0, 95)",More immediate examples of this principle can be seen on campus at Mississippi State University.,Primary_Claim,adequate,"Paragraph_1|Final_Claim|231,890","Paragraph_2|Primary_Claim|0,53; Paragraph_3|Primary_Claim|0,120"
"172b_MSU_essay|Paragraph_4|Data|595,895",Paragraph_4,"(595, 895)","The fraternity trend is Ralph Lauren Polo shirts. Fraternity boys have a polo shirt in every color: long-sleeved, short-sleeved, no-sleeved. These shirts cost well over eighty dollars, so their parents are probably not happy that these shirts are the only acceptable form of clothing for fraternities.",Data,adequate,"Paragraph_4|Primary_Claim|0,95","Paragraph_4|Data|97,593"
"172b_MSU_essay|Paragraph_4|Data|97,593",Paragraph_4,"(97, 593)","One cannot turn a corner without seeing girls in Nike running shorts. These particular shorts were designed for exercising, not for sitting in class. It is a trend that was sponned by a sorority, probably as a joke, and unfortunately caught on to the point where it is the norm for girls here in Starkville to walk around in gym shorts all day long. It would be understandable if they intended to work out after class, but from the looks of most of them they do not do much in the way of exercise.",Data,adequate,"Paragraph_4|Primary_Claim|0,95","Paragraph_4|Data|595,895"
"172b_MSU_essay|Paragraph_5|Concluding_Summary|0,333",Paragraph_5,"(0, 333)","Whether it is on the red carpet or on campus, people relentlessly and shamelessly follow trends. There is no hope for individuality, not just because people imitate one another, but because it really has all been done. Maybe someday a brilliant designer will find a way to make shirts out of styrofoam and originality will live again.",Concluding_Summary,effective,"Paragraph_1|Final_Claim|231,890",-
