﻿discourse_id,discourse_part,discourse_boundary,discourse_text,adjudicated_discourse_type,adjudicated_effectiveness,adjudicated_hierarchical,adjudicated_parallel
"17_MSU_essay|Paragraph_1|Final_Claim|0,202",Paragraph_1,"(0, 202)","For many reasons, I think that it is possible for people to be truly original. I believe this because things done in the past were once original, and that some people have open minds and are very unique.",Final_Claim,effective,-,-
"17_MSU_essay|Paragraph_1|Nonannotated|204,475",Paragraph_1,"(204, 475)","Original can be taken from the past ideas of something, but if it is taken to a completely different level, then I would consider it original. To me, original is simply a definition that people would consider ""different"", and it is accomplished everyday in different ways.",Nonannotated,-,-,-
"17_MSU_essay|Paragraph_2|Primary_Claim|0,131",Paragraph_2,"(0, 131)","The first reason I believe that people can be original is because at some point in time, the first copy of it was the original copy.",Primary_Claim,adequate,"Paragraph_1|Final_Claim|0,202","Paragraph_3|Primary_Claim|0,155; Paragraph_4|Primary_Claim|0,123"
"17_MSU_essay|Paragraph_2|Data|133,341",Paragraph_2,"(133, 341)","For an example, a book has its original copy and the author made up their story from their own thoughts or beliefs. While some try to copy the story and change it up a bit, it still was original at some point.",Data,adequate,"Paragraph_2|Primary_Claim|0,131",-
"17_MSU_essay|Paragraph_3|Primary_Claim|0,155",Paragraph_3,"(0, 155)","Another reason I believe that people can be original is because not all people care what others think about them, and are not afraid to step out of the box.",Primary_Claim,adequate,"Paragraph_1|Final_Claim|0,202","Paragraph_2|Primary_Claim|0,131; Paragraph_4|Primary_Claim|0,123"
"17_MSU_essay|Paragraph_3|Data|157,368",Paragraph_3,"(157, 368)","While there is a large percentage of people who are too afraid to be different, there is still some that are not. All of the time people think of outrageous things to invent, that has not come from anything else.",Data,adequate,"Paragraph_3|Primary_Claim|0,155",-
"17_MSU_essay|Paragraph_4|Primary_Claim|0,123",Paragraph_4,"(0, 123)","Although some people do still invent things that come from something else, it is from opinion whether it is original or not.",Primary_Claim,adequate,"Paragraph_1|Final_Claim|0,202","Paragraph_2|Primary_Claim|0,131; Paragraph_3|Primary_Claim|0,155"
"17_MSU_essay|Paragraph_4|Data|125,360",Paragraph_4,"(125, 360)","I would agree that some of the products made that was given the idea by others are not original. While some are simply a knock off or a more complex invention, there are still a number of them that I would definitely think are original.",Data,adequate,"Paragraph_4|Primary_Claim|0,123",-
"17_MSU_essay|Paragraph_5|Concluding_Summary|0,331",Paragraph_5,"(0, 331)","Basically everything that we use today is something that was original at some point. It shows that it is possible for a person to be original, and that it has been completed before. Originality is something that people often judge, but if they look deep into it, they find that a lot of things in the world today are truly original.",Concluding_Summary,adequate,"Paragraph_1|Final_Claim|0,202",-
