﻿discourse_id,discourse_part,discourse_boundary,discourse_text,adjudicated_discourse_type,adjudicated_effectiveness,adjudicated_hierarchical,adjudicated_parallel
"17b_MSU_essay|Paragraph_1|Nonannotated|0,389",Paragraph_1,"(0, 389)",Originality is hard to in this time and era. So many things have already been done and its hard to come up with something new. Yes we value originality and uniqueness but there is not too much more that someone can just come up with that no one else has ever tried. I think that in this modern time of technology and advancements that it would be very difficult for some one to be original.,Nonannotated,-,-,-
"17b_MSU_essay|Paragraph_1|Final_Claim|391,419",Paragraph_1,"(391, 419)",No one can truly be original.,Final_Claim,adequate,-,-
"17b_MSU_essay|Paragraph_2|Data|0,543",Paragraph_2,"(0, 543)","As a race of people we have come along way. Eventhough that is true, I don't think that anything has been truly original in recent history At best people have made many advancements to things that have already existed. For instance, the wheel goes back to the caveman's times. Certainly the wheel is different and we have many different versions for many different things now but none of it is new. A more recent thing is texting. This is not new at all. It's just a more advanced Morse Code. Things today are just more advanced and efficient.",Data,adequate,"Paragraph_1|Final_Claim|391,419","Paragraph_3|Data|0,326"
"17b_MSU_essay|Paragraph_3|Data|0,326",Paragraph_3,"(0, 326)","I can't think of anything that hasn't been done, tried, or people are attempting now. Sure there are things that do not exist, for example, cures for many diseases. No, there isn't any for alot of them but its not like we aren't trying or have tried. Today everything comes down to who can make it better. There is nothing new.",Data,adequate,"Paragraph_1|Final_Claim|391,419","Paragraph_2|Data|0,543"
"17b_MSU_essay|Paragraph_4|Concluding_Summary|0,307",Paragraph_4,"(0, 307)","Being truly original is impossible. We have too much technology now. In this era, the focus has to be how can I make this product, process, and etc.., more efficient. How can I make it better, cheaper, faster, safer, etc... Possibilities are unlimited for improving things, but nothing can truly be original.",Concluding_Summary,adequate,"Paragraph_1|Final_Claim|391,419",-
