﻿discourse_id,discourse_part,discourse_boundary,discourse_text,adjudicated_discourse_type,adjudicated_effectiveness,adjudicated_hierarchical,adjudicated_parallel
"181b_MSU_essay|Paragraph_1|Nonannotated|0,306",Paragraph_1,"(0, 306)","In today's society, there are two types of people who are admired- heroes and celebrities. Heros are people who have done something to become great, and thusly have become famous from this action. Celebrities are people who have become famous for acting or other aspects in life, and are then seen as great.",Nonannotated,-,-,-
"181b_MSU_essay|Paragraph_1|Final_Claim|308,454",Paragraph_1,"(308, 454)","Both heroes and celebrities deserve to receive admiratiation, although heroes deserve to receive admiration for different reasons than celebrities.",Final_Claim,adequate,-,-
"181b_MSU_essay|Paragraph_2|Primary_Claim|0,190",Paragraph_2,"(0, 190)","Heroes are people who have completed a heroic task such as changing a life or doing something unbelievable, causing others to look up to them and wanting to live their life in the same manner.",Primary_Claim,effective,"Paragraph_1|Final_Claim|308,454","Paragraph_3|Primary_Claim|0,159"
"181b_MSU_essay|Paragraph_2|Data|193,739",Paragraph_2,"(193, 739)","These heroes are everyday people in the lives of those around them and possess no special admiration until they are classified as a hero. They usually live in a happy, serving way, and are willing to step up when called to take an action. Although some heroes may complete a task for the attention, many have no thoughts about receiving attention, but feel they must do what they believe is right at the time they are needed. While heroes are infamous until greatness aspires , the greatness of celebrities seemingly arrives with the famous title.",Data,adequate,"Paragraph_2|Primary_Claim|0,190",-
"181b_MSU_essay|Paragraph_3|Primary_Claim|0,159",Paragraph_3,"(0, 159)","Celebrities are people who have acheived monetary well-being, hold large portions of companies, or those who possess a vast amount of material goods and skills.",Primary_Claim,adequate,"Paragraph_1|Final_Claim|308,454","Paragraph_2|Primary_Claim|0,190"
"181b_MSU_essay|Paragraph_3|Data|161,901",Paragraph_3,"(161, 901)","Many celebrities fall under the category of movie star. They reveive their admiration from their performance in movies and other media that shows over the entire country. Although they have done nothing like heroes to deserve admiration, they deserve to be admired in their own way. Many peeople admire them for the large amounts of money they posess and the fact that they seem to live the easy life. Everyone admires them since they appear to have found a way to escape the life of the entire nation. The famous, although they are admired by many, have completed no tasks that have made them seem great. They receive their greatness by becoming famous and appearing in the public eye as someone who has dome something that no one else has.",Data,adequate,"Paragraph_3|Primary_Claim|0,159",-
"181b_MSU_essay|Paragraph_4|Concluding_Summary|0,302",Paragraph_4,"(0, 302)","Although many celebrities receive admiriation for greatness, their position as a famous person has provided them with the possibility to be hailed as a great person. Many heroes receive their famousness by completing a great task. Although both are admired, both should be admired for different reasons.",Concluding_Summary,effective,"Paragraph_1|Final_Claim|308,454",-
