﻿discourse_id,discourse_part,discourse_boundary,discourse_text,adjudicated_discourse_type,adjudicated_effectiveness,adjudicated_hierarchical,adjudicated_parallel
"182b_MSU_essay|Paragraph_1|Nonannotated|0,288",Paragraph_1,"(0, 288)","Many people have come up with ideas, plans, and other things that they think of or they want to do something new. Some just go off and step forth to what they want to do, but do they ever wonder was it truly their idea, were they the first to think of doing or coming up with such a thing.",Nonannotated,-,-,-
"182b_MSU_essay|Paragraph_1|Final_Claim|290,376",Paragraph_1,"(290, 376)",Just because someone thought of doing something does not mean they thought of it first.,Final_Claim,ineffective,-,-
"182b_MSU_essay|Paragraph_2|Data|0,542",Paragraph_2,"(0, 542)","Everybody has ideas that come up, that they think is something new. The first thing they think of is how excited they are that they came up with this idea or plan. There are millions and billions of people on this earth that are doing the same thing as the rest of us, THINGING. Sure we all want to come up with the next big thing, yes we want to set the next stage of something great. But with all these people, somebody out there has the same idea or plan that you have, or they might have already done what another person is now thinking.",Data,adequate,"Paragraph_1|Final_Claim|290,376","Paragraph_3|Data|0,764; Paragraph_4|Data|0,620"
"182b_MSU_essay|Paragraph_3|Data|0,764",Paragraph_3,"(0, 764)","In life at some point as people grow, they will be competing for a job or the next big song, music video, or whatever may come. But not only do we have to come up with a great idea but always turn these ideas into something real. Pretty sure the guy that made the movie titanic was not the first guy to want to make this movie. Sure their was probably one before his, but he took his idea and made it happen before anyone else could make their movie and make it seem like he stole their idea. The person that came up with this idea for us to do these papers did not just come up with this and nobody else in the English department always thinking of the same idea. But whoever it was, came out with a good plan, and caught other peoples attention with their idea.",Data,adequate,"Paragraph_1|Final_Claim|290,376","Paragraph_2|Data|0,542; Paragraph_4|Data|0,620"
"182b_MSU_essay|Paragraph_4|Data|0,620",Paragraph_4,"(0, 620)","Behind every good idea there must be a good plan and a smart person behind it, to make that idea come reality. There are plenty of people who probably came up with good ideas but never made them happen because they did not have a good plan behind it to set it up for success. Somewhere was a guy that thought, I wish there was a way to call my wife on a phone while she is at the store, because he forgot he needed something and that was the cell phone but he probably called it the carry phone or something. But he never got his great idea of the ground, because he did not have a plan and did not know where to start.",Data,adequate,"Paragraph_1|Final_Claim|290,376","Paragraph_2|Data|0,542; Paragraph_3|Data|0,764"
"182b_MSU_essay|Paragraph_5|Concluding_Summary|0,160",Paragraph_5,"(0, 160)","A idea is only good if a person puts it to use, with the right plan, and puts it out there before the next person slides in and has the same thing on their mind.",Concluding_Summary,ineffective,"Paragraph_1|Final_Claim|290,376",-
