﻿discourse_id,discourse_part,discourse_boundary,discourse_text,adjudicated_discourse_type,adjudicated_effectiveness,adjudicated_hierarchical,adjudicated_parallel
"183b_MSU_essay|Paragraph_1|Nonannotated|0,76",Paragraph_1,"(0, 76)","Why are celebrities famous? Beauty in society is highly prized, as is wealth.",Nonannotated,-,-,-
"183b_MSU_essay|Paragraph_1|Final_Claim|78,257",Paragraph_1,"(78, 257)","While self-made heroes offer a more firm basis of reality as role models, celebrities get more attention because of the allure behind their fame, their life style and their beauty.",Final_Claim,adequte,-,-
"183b_MSU_essay|Paragraph_2|Primary_Claim|0,43",Paragraph_2,"(0, 43)",The appeal of a celebrities job is the fame.,Primary_Claim,adequate,"Paragraph_1|Final_Claim|78,257","Paragraph_3|Primary_Claim|0,115; Paragraph_4|Primary_Claim|0,71; Paragraph_5|Primary_Claim|0,63"
"183b_MSU_essay|Paragraph_2|Data|45,602",Paragraph_2,"(45, 602)","Now a days more than ever, children want fame. They look up to these people always in the lime light and think how nice it must be to be so well known. Why is this? Because with fame comes privilege. Even the youngest celebrities can get into the most popular clubs just because of their name. Not only this but because of their status they get to associate with other high class celebrities. Children don't see the slander and the life under constant scrutiny, and if they do, it is all just part and parcel to the benefits that come from being a celebrity.",Data,adequate,"Paragraph_2|Primary_Claim|0,43",-
"183b_MSU_essay|Paragraph_3|Primary_Claim|0,115",Paragraph_3,"(0, 115)",Celebrities are known for the ostentacious lifestyles and the reason behind this is the extreme wealth they acquire.,Primary_Claim,adequate,"Paragraph_1|Final_Claim|78,257","Paragraph_2|Primary_Claim|0,43; Paragraph_4|Primary_Claim|0,71; Paragraph_5|Primary_Claim|0,63"
"183b_MSU_essay|Paragraph_3|Data|117,620",Paragraph_3,"(117, 620)","Fancy cars, huge houses, a new different outfit for every day of every year; when you have the kind of money the celebrities have, you can afford anything you want. Money buys status and because these people have the fame and the money they have the power to accomplish anything they want, whether it be a fashion line designed just for them or writing a book of their life story just because. Their wealth allows for unlimited open doors. No desire is to crazy when you have the money to make it happen.",Data,adequate,"Paragraph_3|Primary_Claim|0,115",-
"183b_MSU_essay|Paragraph_4|Primary_Claim|0,71",Paragraph_4,"(0, 71)",Beauty has always stood as the distinguishing characteristic of society.,Primary_Claim,adequate,"Paragraph_1|Final_Claim|78,257","Paragraph_2|Primary_Claim|0,43; Paragraph_3|Primary_Claim|0,115; Paragraph_5|Primary_Claim|0,63"
"183b_MSU_essay|Paragraph_4|Data|73,742",Paragraph_4,"(73, 742)","War was fought over Helen of Troy's beauty. Today beauty is found in celebrities. Even if it is artificial and behind the plastic surgery, personal trainer and personal stylist, the celebrity looks just like every one else, a large percentage of the general population only sees the mirage. But because of this beauty, the celebrities have recognizable marketing campaign everywhere they go. They get people to buy them things or enjoy pre paid outings, just for having their face associated with something. Today's society is so materialistic and shallow that beauty is almost a qualifier for worth. Because celebrities are beautiful, they are obviously more important.",Data,adequate,"Paragraph_4|Primary_Claim|0,71",-
"183b_MSU_essay|Paragraph_5|Primary_Claim|0,63",Paragraph_5,"(0, 63)",What do celebrities have the real people don't? They have power.,Primary_Claim,adequate,"Paragraph_1|Final_Claim|78,257","Paragraph_2|Primary_Claim|0,43; Paragraph_3|Primary_Claim|0,115; Paragraph_4|Primary_Claim|0,71"
"183b_MSU_essay|Paragraph_5|Data|65,577",Paragraph_5,"(65, 577)","When children look for a role model, they do not see the value of the fire fighter or the doctor because as far as society goes these real life heroes do not have power. Children aspire to have the kind of money, power, and beauty that celebrity offers because then they too will have power. How does it change society? This makes for a highly materialistic, shallow society lacking in value motivated children. And the sad thing is, what do we do about it? We continue to pay celebrities to corrupt our children.",Data,adequate,"Paragraph_5|Primary_Claim|0,63",-
