﻿discourse_id,discourse_part,discourse_boundary,discourse_text,adjudicated_discourse_type,adjudicated_effectiveness,adjudicated_hierarchical,adjudicated_parallel
"184b_MSU_essay|Paragraph_1|Final_Claim|0,166",Paragraph_1,"(0, 166)","When it comes to society and the 21st century, people consider themselves original, not realizing that, that which they consider to be original existed many years ago.",Final_Claim,adequate,-,-
"184b_MSU_essay|Paragraph_2|Primary_Claim|0,89",Paragraph_2,"(0, 89)",In the era of the 70's the high heel shoes were the biggest platform and fashion in style.,Primary_Claim,adequate,"Paragraph_1|Final_Claim|0,166","Paragraph_3|Primary_Claim|0,31; Paragraph_4|Primary_Claim|0,102"
"184b_MSU_essay|Paragraph_2|Data|91,479",Paragraph_2,"(91, 479)","The big hair, bellbottom jeans and the jerry curl were hot and original, but years later that fashion faded until the 1980's. Around 1980 my brother was born and he and his friends brought the afros back along with the curly hair, thinking it was something they invented, but little did they know they were being original. The style had come and gone long before they arrived on the scene.",Data,adequate,"Paragraph_2|Primary_Claim|0,89",-
"184b_MSU_essay|Paragraph_3|Primary_Claim|0,31",Paragraph_3,"(0, 31)",The 60's was also a popular era.,Primary_Claim,adequate,"Paragraph_1|Final_Claim|0,166","Paragraph_2|Primary_Claim|0,89; Paragraph_4|Primary_Claim|0,102"
"184b_MSU_essay|Paragraph_3|Data|33,344",Paragraph_3,"(33, 344)","The females rocked the big hairstyle, known as ""the hump"" and the males wore their hair slicked back, jelled smoothly. Today that style is now back as many students, mainly females, wear their hair in the big hump at the top of their heads. Something that is very original and was here before their time as well.",Data,adequate,"Paragraph_3|Primary_Claim|0,31",-
"184b_MSU_essay|Paragraph_4|Primary_Claim|0,102",Paragraph_4,"(0, 102)","Lastly, in the era we live in today, 2010, everything that is worn by people has already been in style.",Primary_Claim,adequate,"Paragraph_1|Final_Claim|0,166","Paragraph_2|Primary_Claim|0,89; Paragraph_3|Primary_Claim|0,31"
"184b_MSU_essay|Paragraph_4|Data|104,314",Paragraph_4,"(104, 314)","The leather jackets, the bell bottom jeans, the pretty hairstyles from curly to natural straight have all existed before. The high heel pumps, big loop earrings and the accessories. All of those items were here.",Data,adequate,"Paragraph_4|Primary_Claim|0,102",-
"184b_MSU_essay|Paragraph_5|Concluding_Summary|0,289",Paragraph_5,"(0, 289)","People can be original in their own sense, but they must remember deep down that fashion is fashion. No matter how much they try to change it, rearrange their clothes to fit certain jewelry, and mitch match them with different shoes, the styles were here long before they came on the scene.",Concluding_Summary,adequate,"Paragraph_1|Final_Claim|0,166",-
