﻿discourse_id,discourse_part,discourse_boundary,discourse_text,adjudicated_discourse_type,adjudicated_effectiveness,adjudicated_hierarchical,adjudicated_parallel
"185b_MSU_essay|Paragraph_1|Nonannotated|0,164",Paragraph_1,"(0, 164)","In America the media ultimately controls what we see and how we act. If all we see are rich, pretty, self-absorbed people, that is who we will model our lives after.",Nonannotated,-,-,-
"185b_MSU_essay|Paragraph_1|Final_Claim|166,285",Paragraph_1,"(166, 285)","Unfortunately the media shows us heroes as celebrities instead of just as heroes, making it hard to tell the difference.",Final_Claim,ineffective,-,-
"185b_MSU_essay|Paragraph_2|Primary_Claim|0,123",Paragraph_2,"(0, 123)","Just like when a celebrity is caught in a scandal, the media rushes to publicize insignificant evens in the lives of heroes.",Primary_Claim,ineffective,"Paragraph_1|Final_Claim|166,285","Paragraph_3|Primary_Claim|0,93"
"185b_MSU_essay|Paragraph_2|Data|125,394",Paragraph_2,"(125, 394)","Many of these events are blown out of proportion and put the hero in a bad light. Sometimes the hero turns himself into a celebrity. He sees the attention the media gives him and does whatever he can to get that attention again, even if it means acting out of character.",Data,adequate,"Paragraph_2|Primary_Claim|0,123",-
"185b_MSU_essay|Paragraph_3|Primary_Claim|0,93",Paragraph_3,"(0, 93)",Too much media coverage can also cause a hero to act more like a celebrity rather than a hero.,Primary_Claim,adequate,"Paragraph_1|Final_Claim|166,285","Paragraph_2|Primary_Claim|0,123"
"185b_MSU_essay|Paragraph_3|Data|95,354",Paragraph_3,"(95, 354)","A recent example is Tiger Woods. Before this week millions of people looked up to him and he was even called a golf prodigy. No one knows his reason for his immoral behavior but if this had happened to any other family, it never would have made it to the news.",Data,adequate,"Paragraph_3|Primary_Claim|0,93",-
"185b_MSU_essay|Paragraph_4|Concluding_Summary|0,551",Paragraph_4,"(0, 551)","Because we live in such a superficial culture, it is hard for us to not idolize people who are in the media's spot light. When the actions of celebrities and heroes become very similar, it is hard for us to tell the difference between the good and the popular. Humans would rather hear something bad or scandalous about some one than something good about that person and the media knows this. We should admire heroes, but sometimes it is hard to tell who the heroes are because the media drags out the worst in everyone and puts them on an equal level.",Concluding_Summary,adequate,"Paragraph_1|Final_Claim|166,285",-
