﻿discourse_id,discourse_part,discourse_boundary,discourse_text,adjudicated_discourse_type,adjudicated_effectiveness,adjudicated_hierarchical,adjudicated_parallel
"186b_MSU_essay|Paragraph_1|Nonannotated|0,139",Paragraph_1,"(0, 139)","In this world today, originality is important in almost every creative function of everyday life, examples being music, movies, and science.",Nonannotated,-,-,-
"186b_MSU_essay|Paragraph_1|Final_Claim|141,280",Paragraph_1,"(141, 280)",Yes it is possible for a person to original but I feel that originality is hard to come by because most of everything has been done already.,Final_Claim,adequate,-,-
"186b_MSU_essay|Paragraph_2|Primary_Claim|0,158",Paragraph_2,"(0, 158)","Music has been around since the dawn of mankind and some will say since the beginning of time. Over many years up to present time, music has become repetitive.",Primary_Claim,effective,"Paragraph_1|Final_Claim|141,280","Paragraph_2|Primary_Claim|1110,1190; Paragraph_4|Primary_Claim|0,143"
"186b_MSU_essay|Paragraph_2|Primary_Claim|1110,1190",Paragraph_2,"(1110, 1190)",The way music has evolved over the years is the same way how movies have evolved.,Primary_Claim,adequate,"Paragraph_1|Final_Claim|141,280","Paragraph_2|Primary_Claim|0,158; Paragraph_4|Primary_Claim|0,143"
"186b_MSU_essay|Paragraph_2|Data|160,1108",Paragraph_2,"(160, 1108)","Take one of the most popular forms of music in today's society for an example: Hip Hop. When hip hop first came to the mainstream, it was mostly about having a good time, rappers would talk about material objects in their songs that he or she did not really have. Then as Hip Hop grew so did the things rappers talked about; the genre went from party type music to gangster rap to politically charged to personal life of struggle or wealthy. Today the type of music has reverted back to the partying ways of the early days of Hip Hop. Rappers today talk about the same things that rappers did in the 1970's like money they do not have, cars they cannot afford, women they cannot get, and the lavish lifestyle of partying. Creative originality in music has been long gone in this society because songs that are played on the radio have the same story line or talk about the same repetitive thing, the only difference is the words are switched around.",Data,effective,"Paragraph_2|Primary_Claim|0,158",-
"186b_MSU_essay|Paragraph_3|Data|0,428",Paragraph_3,"(0, 428)","Movies offer the watchers a brief escape into a different world of excitement, action, romance, horror, or sadness. Usually if a person has seen one type of movie that person has seen the rest of that type of movie. Most movies, people can guess what is going to happen next because the story writers are not that creative when writing the movies out. It is the same repetitive actions over and over until the climax of the film.",Data,adequate,"Paragraph_2|Primary_Claim|1110,1190",-
"186b_MSU_essay|Paragraph_4|Primary_Claim|0,143",Paragraph_4,"(0, 143)","In science, the scientific law is already been done so what most scientist do is add on to the theory of something until it is proven to be law.",Primary_Claim,adequate,"Paragraph_1|Final_Claim|141,280","Paragraph_2|Primary_Claim|0,158; Paragraph_2|Primary_Claim|1110,1190"
"186b_MSU_essay|Paragraph_5|Concluding_Summary|0,236",Paragraph_5,"(0, 236)","Originality is hard to have in today's society because many ideas have already been done in the past so that future people would be copying if they did the same thing. Music, movies, and science have all gotten repetitive over the years.",Concluding_Summary,adequate,"Paragraph_1|Final_Claim|141,280",-
