﻿discourse_id,discourse_part,discourse_boundary,discourse_text,adjudicated_discourse_type,adjudicated_effectiveness,adjudicated_hierarchical,adjudicated_parallel
"187b_MSU_essay|Paragraph_1|Nonannotated|0,123",Paragraph_1,"(0, 123)","Celebrities are seen in everyday life. People watch the on t.v., see them in magazines, and read about them on the internet.",Nonannotated,-,-,-
"187b_MSU_essay|Paragraph_1|Final_Claim|125,402",Paragraph_1,"(125, 402)","While these celebrities may seem great, they are not heroes. The only exception in when a celebrity does something great to help better mankind. With this said, heroes should be admired, while celebrities should only be admired when they do something that is not for themselves.",Final_Claim,effective,-,-
"187b_MSU_essay|Paragraph_2|Primary_Claim|0,275",Paragraph_2,"(0, 275)","Heroes are the people who either risk their lives for others or use their skills to save the lives of others. They are selfless people who help others because it is the right thing to do. They should be admired because they think of others, not how other people think of them.",Primary_Claim,effective,"Paragraph_1|Final_Claim|125,402","Paragraph_3|Primary_Claim|0,71; Paragraph_4|Primary_Claim|0,122"
"187b_MSU_essay|Paragraph_2|Data|277,679",Paragraph_2,"(277, 679)","After the events of 9/11, information came out that members of some of the flights tried to stop the terrorists from crashing the planes, and even attempted and succeeded at keeping a plane from crashing into the White House. These people became heroes and are still admired today because they thought about not just the safety of the other passengers, but of the safety of all the people on the ground.",Data,effective,"Paragraph_2|Primary_Claim|0,275",-
"187b_MSU_essay|Paragraph_3|Primary_Claim|0,71",Paragraph_3,"(0, 71)",Celebrities should not be admired just because they have money and fame.,Primary_Claim,effective,"Paragraph_1|Final_Claim|125,402","Paragraph_2|Primary_Claim|0,275; Paragraph_4|Primary_Claim|0,122"
"187b_MSU_essay|Paragraph_3|Data|73,635",Paragraph_3,"(73, 635)","The media presents celebrities as amazing, wonderful people, and that is not always the case. Many celebrities break the law or act out in public, and are praised for their courage when they get in trouble, yet they tend to make the same mistakes more than once. Take Martha Stewart, for example; she broke the law with an insider trading scandal. Even though she did go to prison, she was praised for her courage while she was there; she even got another talk show when she got out. Many still thought of her as a great person, even though she committed a crime.",Data,effective,"Paragraph_3|Primary_Claim|0,71",-
"187b_MSU_essay|Paragraph_4|Primary_Claim|0,122",Paragraph_4,"(0, 122)","The only reason celebrities should be admired is if they do something great or help others, without thinking of themselves.",Primary_Claim,effective,"Paragraph_1|Final_Claim|125,402","Paragraph_2|Primary_Claim|0,275; Paragraph_3|Primary_Claim|0,71"
"187b_MSU_essay|Paragraph_4|Data|124,380",Paragraph_4,"(124, 380)","Angelina Jolie, using her fame, is able to donate large amounts of money to numerous charities, which, in turn, helps many people. She is one example of a celebrity that thinks more about others than about herself; this allows them to deserve to be admired.",Data,effective,"Paragraph_4|Primary_Claim|0,122",-
"187b_MSU_essay|Paragraph_5|Concluding_Summary|0,342",Paragraph_5,"(0, 342)","While many celebrities are admired greatly, it is unjustly deserved. There are rare exceptions,such as the celebrities that use their fame and money for the betterment of mankind. When this happens, it is acceptable to admire them. Heroes are the ones who are constantly selfless, which allows them to be admired; they deserve the recognition.",Concluding_Summary,effective,"Paragraph_1|Final_Claim|125,402",-
