﻿discourse_id,discourse_part,discourse_boundary,discourse_text,adjudicated_discourse_type,adjudicated_effectiveness,adjudicated_hierarchical,adjudicated_parallel
"188b_MSU_essay|Paragraph_1|Final_Claim|0,212",Paragraph_1,"(0, 212)","A common phrase heard in today's society is ""there is nothing new under the sun."" This statement is true for many things in today's culture, events, and science. There is nothing truly original in today's society.",Final_Claim,adequate,-,-
"188b_MSU_essay|Paragraph_2|Primary_Claim|0,53",Paragraph_2,"(0, 53)",The least original aspect of today's culture is music.,Primary_Claim,adequate,"Paragraph_1|Final_Claim|0,212","Paragraph_3|Primary_Claim|0,54; Paragraph_4|Primary_Claim|0,85"
"188b_MSU_essay|Paragraph_2|Data|55,328",Paragraph_2,"(55, 328)","In nearly every ""new"" song released, the rhythm, melody, or beat has been used before, whether in the Classical or Baroque Periods, or in more recent modern music. most music may sound different, but everything is simply a new ""twist"" to something that has been done before.",Data,adequate,"Paragraph_2|Primary_Claim|0,53",-
"188b_MSU_essay|Paragraph_3|Primary_Claim|0,54",Paragraph_3,"(0, 54)","Like music, events that occur in life are not original.",Primary_Claim,adequate,"Paragraph_1|Final_Claim|0,212","Paragraph_2|Primary_Claim|0,53; Paragraph_4|Primary_Claim|0,85"
"188b_MSU_essay|Paragraph_3|Data|56,328",Paragraph_3,"(56, 328)","History has seen the rise and fall of empires, the raging of war, and heartbreaks that many experience today. Any situation that one may be struggling with has burdened another in the past. While the world seems to be changing, change always seems to occur in the same way.",Data,adequate,"Paragraph_3|Primary_Claim|0,54",-
"188b_MSU_essay|Paragraph_4|Primary_Claim|0,85",Paragraph_4,"(0, 85)","While some things appear to be new, they are just a new appearance of an old practice.",Primary_Claim,adequate,"Paragraph_1|Final_Claim|0,212","Paragraph_2|Primary_Claim|0,53; Paragraph_3|Primary_Claim|0,54"
"188b_MSU_essay|Paragraph_4|Data|87,393",Paragraph_4,"(87, 393)","Scientific discoveries are often something new that no one has seen before, but scientists have used their same method to make new discoveries. Discoveries themselves are not very new; we have simply found something that has been around since the dawn of time. There is no true originality in science today.",Data,adequate,"Paragraph_4|Primary_Claim|0,85",-
"188b_MSU_essay|Paragraph_5|Concluding_Summary|0,258",Paragraph_5,"(0, 258)","From the beginning until now, there has simply been a repetition of music, events, and discoveries without any true originality. There is no true change in the world; there is only a new cycle of unoriginal events. There really is ""nothing new under the sun.""",Concluding_Summary,effective,"Paragraph_1|Final_Claim|0,212",-
