﻿discourse_id,discourse_part,discourse_boundary,discourse_text,adjudicated_discourse_type,adjudicated_effectiveness,adjudicated_hierarchical,adjudicated_parallel
"189b_MSU_essay|Paragraph_1|Nonannotated|0,359",Paragraph_1,"(0, 359)","Some ""famous"" people such as rappers, television actresses and actors, and some movie stars take to much credit for being famous. Many of these people are famous merely becaues of their parents, explicit music, or dirty movies. When the youth of today see people behaving like this and making millions, what kind of message are we sending as to what a hero is?",Nonannotated,-,-,-
"189b_MSU_essay|Paragraph_2|Primary_Claim|0,72",Paragraph_2,"(0, 72)",Youth of each decade become more and more deprived of decent role models.,Primary_Claim,adequate,"Paragraph_7|Final_Claim|0,100","Paragraph_5|Primary_Claim|0,172; Paragraph_7|Primary_Claim|102,204"
"189b_MSU_essay|Paragraph_2|Data|74,280",Paragraph_2,"(74, 280)","On television they are faced with shows not like, ""Leave it to Beaver"", but things such as ""I wanna work for Diddy"" and ""The Dallas Cowboy Cheerleaders."" Both of these shows can send mixed messages to youth.",Data,adequate,"Paragraph_2|Primary_Claim|0,72","Paragraph_3|Data|0,323; Paragraph_4|Data|0,392"
"189b_MSU_essay|Paragraph_3|Data|0,323",Paragraph_3,"(0, 323)","""I wanna work for Diddy"" is a show were people compete just to work for a rapper, and it is not a glorious route. These people go through all of this just to work for him because he has a record label. This message can send young boys the wrong impression of how men should treat women and what is simply ok and what is not.",Data,effective,"Paragraph_2|Primary_Claim|0,72","Paragraph_2|Data|74,280; Paragraph_4|Data|0,392"
"189b_MSU_essay|Paragraph_4|Data|0,392",Paragraph_4,"(0, 392)","Also ""Dallas Cowboy Cheerleaders"" should not be seen as heroes for any reason. The only thing that any young girl looking up to them is going to come away with is anorexia. These cheerleaders are told even when they weigh one hundred and ten pounds that they are to big, and will have to lose to weight in order to remain. This is teaching young girls that their body size is all that matters.",Data,effective,"Paragraph_2|Primary_Claim|0,72","Paragraph_2|Data|74,280; Paragraph_3|Data|0,323"
"189b_MSU_essay|Paragraph_5|Primary_Claim|0,172",Paragraph_5,"(0, 172)",Some movie stars are not fit to be on the big screen not because they are bad actors or actresses but because they do not have the morals to be that influential over people.,Primary_Claim,effective,"Paragraph_7|Final_Claim|0,100","Paragraph_2|Primary_Claim|0,72; Paragraph_7|Primary_Claim|102,204"
"189b_MSU_essay|Paragraph_5|Data|174,400",Paragraph_5,"(174, 400)","Movies themselves are to explicit. PG-13 does not mean the same as it used to. Parents have to keep a watch over what their children are watching and can even be critized for keeping them from ""being exposed to the real world"".",Data,adequate,"Paragraph_5|Primary_Claim|0,172","Paragraph_6|Data|0,485"
"189b_MSU_essay|Paragraph_6|Data|0,485",Paragraph_6,"(0, 485)","Which brings up to the MTV hit series ""The Real World"". This show is not real at all. Fifteen to twenty men and women between the ages of eighteen and thirty parade around in huge penthouses learning to live with each other and complete task. This show draws millions of users who honestly believe that nothing is ever faked. Also the people who are chosen to be on the show are usually people with disturbed or dramatic backgrounds who will automatically cause disruption in the house.",Data,adequate,"Paragraph_5|Primary_Claim|0,172","Paragraph_5|Data|174,400"
"189b_MSU_essay|Paragraph_7|Final_Claim|0,100",Paragraph_7,"(0, 100)","In answer to the question, should we admire the select few who are famous beause they are great; yes.",Final_Claim,adequate,-,-
"189b_MSU_essay|Paragraph_7|Primary_Claim|102,204",Paragraph_7,"(102, 204)","People like Michael Jordan, Jennifer Aniston, and Martin Luther King Jr. are all qualifying candidates.",Primary_Claim,effective,"Paragraph_7|Final_Claim|0,100","Paragraph_2|Primary_Claim|0,72; Paragraph_5|Primary_Claim|0,172"
"189b_MSU_essay|Paragraph_7|Data|206,426",Paragraph_7,"(206, 426)","Micheal Jordan is the number one basketball player of all time. The thing that makes him great is that he did not buy his talent, he met with it everyday on a court and expanded it until he was the player he is known for.",Data,adequate,"Paragraph_7|Primary_Claim|102,204","Paragraph_7|Data|428,695; Paragraph_7|Data|697,934"
"189b_MSU_essay|Paragraph_7|Data|428,695",Paragraph_7,"(428, 695)","Jennifer Aniston, is indeed an actress, but she is one of the largest St. Jude Children's Research Hospital supporters. Funding millions of dollars, commercials, and making visits with the kids at St. Jude, Aniston does not have to do any of these things yet she does.",Data,effective,"Paragraph_7|Primary_Claim|102,204","Paragraph_7|Data|206,426; Paragraph_7|Data|697,934"
"189b_MSU_essay|Paragraph_7|Data|697,934",Paragraph_7,"(697, 934)","Also Martin Luther King Jr, you cannot find a better example of a hero. King had nothing but a dream and hope that it would be fulfilled. He has made a big of an impact on American histroy as anyone, simply by standing up for his beliefs.",Data,effective,"Paragraph_7|Primary_Claim|102,204","Paragraph_7|Data|206,426; Paragraph_7|Data|428,695"
"189b_MSU_essay|Paragraph_8|Nonannotated|0,289",Paragraph_8,"(0, 289)","All in all these people are celebrities and heroes alike. The sad part is, that no matter how hard we try the line for us to decide between the two is changed. We cannot tell youth all of this everyday. They will go with what they see, we just all have to have faith that good will prevail.",Nonannotated,-,-,-
