﻿discourse_id,discourse_part,discourse_boundary,discourse_text,adjudicated_discourse_type,adjudicated_effectiveness,adjudicated_hierarchical,adjudicated_parallel
"18_MSU_essay|Paragraph_1|Nonannotated|0,67",Paragraph_1,"(0, 67)",Originality is a very important goal that many people try to obtain.,Nonannotated,-,-,-
"18_MSU_essay|Paragraph_1|Final_Claim|69,510",Paragraph_1,"(69, 510)",Sadly society is at a point in history where so much has been already been done making individuality is a dieing characteristic. If one thinks he or she has created something original he or she simply has to look to the past to realize that what that individual has created is simply just a copy or improvement of another individuals work. The best things people can do for society is to simply improve old ideas in order to better the world.,Final_Claim,adequate,-,-
"18_MSU_essay|Paragraph_2|Data|0,735",Paragraph_2,"(0, 735)",In the past there were many people that could be classified as individual in the world. Many new inventions were being made and new goods were made that no one has even seen before. An example of this is when the light bulb was made. This was truely original because it was the first time anyone has thought of running electiricity through an apparatus in order to create photons of light. Now a days people have only try to improve this idea of a light bulb instead of creating a whole new idea for having a source of light. For example people have just improved the amount of energy that is needed in order for light to appear with using the spiral bulb technique. This is still a light bulb but it is just an imprved way to make one.,Data,adequate,"Paragraph_1|Final_Claim|69,510","Paragraph_3|Data|0,646"
"18_MSU_essay|Paragraph_3|Data|0,646",Paragraph_3,"(0, 646)","Another example of the originallity today just being a copy of a characteristic of the past can be seen through clothing style. One might see a person wearing something complete different walking around in public with the intent of creating a new style. If one looked at the big picture one would see that that individual has simply copied a style from the past and either is bringing it back or trying to improve it. For example, a few years ago when people started wearing jeans that resembled styles of the past by the way they were made. The jeans looked to be a new style but it was simply an improvement of a style that was used in the past.",Data,effective,"Paragraph_1|Final_Claim|69,510","Paragraph_2|Data|0,735"
"18_MSU_essay|Paragraph_4|Concluding_Summary|0,330",Paragraph_4,"(0, 330)",Originality is one of the few characteristics that simply cannot be achieved in society today. Too much has already been done in the world today for a new invention to be made. The best goal for any trend setters or inventers is to improve old ideas that would benefit the world instead of trying to invent something completly new.,Concluding_Summary,effective,"Paragraph_1|Final_Claim|69,510",-
