﻿discourse_id,discourse_part,discourse_boundary,discourse_text,adjudicated_discourse_type,adjudicated_effectiveness,adjudicated_hierarchical,adjudicated_parallel
"18b_MSU_essay|Paragraph_1|Nonannotated|0,33",Paragraph_1,"(0, 33)",Can people ever truly be original?,Nonannotated,-,-,-
"18b_MSU_essay|Paragraph_1|Final_Claim|35,340",Paragraph_1,"(35, 340)","I believe the answer to this tough question is yes. As hard as it is, I think that many people can succeed and come up with their own new ideas. Peoples ideas vary greatly for what is original and what is not, but most people can come up with fresh ideas in the form of songs, writings, movies, and others.",Final_Claim,effective,-,-
"18b_MSU_essay|Paragraph_2|Primary_Claim|0,113",Paragraph_2,"(0, 113)","In a world where so many ideas and projects have already been done, there is still room for people to be original.",Primary_Claim,adequate,"Paragraph_1|Final_Claim|35,340","Paragraph_3|Primary_Claim|0,78"
"18b_MSU_essay|Paragraph_2|Data|115,217",Paragraph_2,"(115, 217)",One way in which people can be original is to create a new song or a create a different genre of music.,Data,adequate,"Paragraph_2|Primary_Claim|0,113","Paragraph_2|Data|219,302; Paragraph_2|Data|304,385"
"18b_MSU_essay|Paragraph_2|Data|219,302",Paragraph_2,"(219, 302)","Also, people can come up with new, original art styles for paintings and sculptures.",Data,adequate,"Paragraph_2|Primary_Claim|0,113","Paragraph_2|Data|115,217; Paragraph_2|Data|304,385"
"18b_MSU_essay|Paragraph_2|Data|304,385",Paragraph_2,"(304, 385)",Originality could also come in the form of a new style of clothing that one wears.,Data,adequate,"Paragraph_2|Primary_Claim|0,113","Paragraph_2|Data|115,217; Paragraph_2|Data|219,302"
"18b_MSU_essay|Paragraph_2|Nonannotated|387,470",Paragraph_2,"(387, 470)","The possibilities for originality are endless, and everyone is trying to achieve it.",Nonannotated,-,-,-
"18b_MSU_essay|Paragraph_3|Primary_Claim|0,78",Paragraph_3,"(0, 78)",There are many examples that can prove that people can still be truly original.,Primary_Claim,adequate,"Paragraph_1|Final_Claim|35,340","Paragraph_2|Primary_Claim|0,113"
"18b_MSU_essay|Paragraph_3|Data|231,411",Paragraph_3,"(231, 411)","Another case here on campus are the new symbols, or stickers, for the upcoming football season. These new symbols are different from the previous ones and show a more ""retro"" style",Data,adequate,"Paragraph_3|Primary_Claim|0,78","Paragraph_3|Data|413,802; Paragraph_3|Data|80,229"
"18b_MSU_essay|Paragraph_3|Data|413,802",Paragraph_3,"(413, 802)"," A case that everyone can relate to is in the music industry. Almost everyday, an artist in any genre is coming up with new and fresh ideas about what to sing or write about. An example of this is shown widely throughout country music. Each singer tells about their own personal experiences through their songs which are original because each persons experiences can not be exactly the same.",Data,effective,"Paragraph_3|Primary_Claim|0,78","Paragraph_3|Data|231,411; Paragraph_3|Data|80,229"
"18b_MSU_essay|Paragraph_3|Data|80,229",Paragraph_3,"(80, 229)",One case is the clothing that students here at MSU wear on campus. Each person has their own sense of style that is truly original and unique to them.,Data,adequate,"Paragraph_3|Primary_Claim|0,78","Paragraph_3|Data|231,411; Paragraph_3|Data|413,802"
"18b_MSU_essay|Paragraph_4|Concluding_Summary|0,290",Paragraph_4,"(0, 290)","The world today is full of ideas and works that have already been created. Because of this, most people find it hard to be original. But through hard work and strenuous research, I believe that citizens of this country can still come up with great, new ideas, and they can be truly original.",Concluding_Summary,adequate,"Paragraph_1|Final_Claim|35,340",-
