﻿discourse_id,discourse_part,discourse_boundary,discourse_text,adjudicated_discourse_type,adjudicated_effectiveness,adjudicated_hierarchical,adjudicated_parallel
"190b_MSU_essay|Paragraph_1|Nonannotated|0,710",Paragraph_1,"(0, 710)","Superheroes, love stories, coming of age, paranormal activity, war stories and mythical worlds are all things, stories or ideas that are not new to the world. Movies and stories are filled with these. The same phenomenon happens with scientists, mathematicians and scholars. Everyone is striving to find something new and original. The love stories, mathematical proofs, war movies and short stories may seem monotonous to some people and when someone wants to write a story about two lovers, one may find that people say its been done. Or even when someone wants to get a tattoo, change their hair, join a certain club or pursue a certain career they may come in contact with the idea that it is unoriginal.",Nonannotated,-,-,-
"190b_MSU_essay|Paragraph_1|Final_Claim|712,838",Paragraph_1,"(712, 838)","Perhaps the idea and basis, is unoriginal, but the situation and context of that idea is purely unique to each event or person.",Final_Claim,adequate,-,-
"190b_MSU_essay|Paragraph_2|Primary_Claim|0,309",Paragraph_2,"(0, 309)","Love stories, for instance, are based around the same thing: love, but the stories and what that love means to each individual, can be completely unique. No two people are the same and neither are their lives, so obviously their experiences with common things like love, will not be the same as everyone elses.",Primary_Claim,effective,"Paragraph_1|Final_Claim|712,838","Paragraph_3|Primary_Claim|0,288"
"190b_MSU_essay|Paragraph_2|Data|311,891",Paragraph_2,"(311, 891)","For instance, in The Notebook, one of the greatest love stories, boy and girl fall in love but a war and family drive them apart. Their love is ultimately rekindled but that love story is not the same as the one in other movies like Mama Mia where the mother is faced with three ex-lovers because of her daughters interest in finding her real father. The mother ultimately falls in love with one of the men. These two stories are nothing a like yet they are both off the everyday, common idea of love. Love is not original, but each person take on love and experience with it, is.",Data,effective,"Paragraph_2|Primary_Claim|0,309",-
"190b_MSU_essay|Paragraph_3|Primary_Claim|0,288",Paragraph_3,"(0, 288)","Tattoos, piercings and other alterations are often frowned upon as unoriginal ways to try to be original. While someone before you may have dyed their hair green or got a tattoo of their lovers or their deceased grandfathers name, the meaning behind it is not the same to every person.",Primary_Claim,effective,"Paragraph_1|Final_Claim|712,838","Paragraph_2|Primary_Claim|0,309"
"190b_MSU_essay|Paragraph_3|Data|290,1132",Paragraph_3,"(290, 1132)","While some may get tattoos because they think it sets them apart, others get tattoos in remembrance, for faith reasons or even to mark a new chapter in their lives. A cross is a common tattoo, but the meanings behind it can be varied. Some get it tattoo to show their devotion. Others get in remembrance of a lost family and a way to hope they made it to heaven while some may get it to mark a new chapter in their life or rebirth. A cross can even mean hope or simply to let others know what they believe. Personally, the tattoo that I am getting means a lot to me. The design isnt completely unique because it combines a heart, a yin yang, and a halo. It is obviously about love, which is not a new concept, but the background, experience, pain and thought that is going into that tattoo is immense and completely unique from anything else.",Data,effective,"Paragraph_3|Primary_Claim|0,288",-
"190b_MSU_essay|Paragraph_4|Concluding_Summary|0,981",Paragraph_4,"(0, 981)","Peoples lives are based around almost the same things and people in the same field are obviously going to have similar goals, but the possibilities to make those ideas, stories and experiences unique and original is endless. Just because the movie is about love, war, or family doesnt mean that youll come out of it without a new perspective. If that was true, there would only be one movie for war, one for love and one for age and so on. The basis and goal for a proof that a mathematician is working on may be the same as anothers, but the way they approach it could be different. We are all human, that is not original or unique but we are all our own people with original and unique lives. It is possible to be truly original and for your stories to be truly original because you will never do anything exactly the same as someone else and you will never have the same thoughts or feelings. You live your life separate from everyone else, therefore you are living uniquely.",Concluding_Summary,effective,"Paragraph_1|Final_Claim|712,838",-
