﻿discourse_id,discourse_part,discourse_boundary,discourse_text,adjudicated_discourse_type,adjudicated_effectiveness,adjudicated_hierarchical,adjudicated_parallel
"191b_MSU_essay|Paragraph_1|Nonannotated|0,200",Paragraph_1,"(0, 200)",The difference between heroes and celebrities greatly affects how a person looks up to them. Heroes are men or women who put forth a courageous effort by risking his or her life to save another person.,Nonannotated,-,-,-
"191b_MSU_essay|Paragraph_1|Final_Claim|202,455",Paragraph_1,"(202, 455)",Celebrities are not heroes; yet they are always looked up to because they are in movies or sing hit songs. Celebrities use the talents they have to help their career; however heroes have skill and wisdom to take advantage of the situation thrown at them.,Final_Claim,adequate,-,-
"191b_MSU_essay|Paragraph_2|Primary_Claim|0,111",Paragraph_2,"(0, 111)",Anybody can become a hero if they are in the right place and the right time and come out with a positive effect.,Primary_Claim,ineffective,"Paragraph_1|Final_Claim|202,455","Paragraph_3|Primary_Claim|0,301; Paragraph_4|Primary_Claim|0,27; Paragraph_6|Primary_Claim|0,98"
"191b_MSU_essay|Paragraph_2|Data|113,280",Paragraph_2,"(113, 280)",The pilot who landed the airplane in the Hudson River is looked upon as a hero because he saved over a hundred lives while he calming declined the plane into the water.,Data,effective,"Paragraph_2|Primary_Claim|0,111","Paragraph_2|Data|282,408; Paragraph_2|Data|410,618"
"191b_MSU_essay|Paragraph_2|Data|282,408",Paragraph_2,"(282, 408)",The men and women in the military are seen as heroes by all citizens because they have to fight in tours of duty and for peace.,Data,effective,"Paragraph_2|Primary_Claim|0,111","Paragraph_2|Data|113,280; Paragraph_2|Data|410,618"
"191b_MSU_essay|Paragraph_2|Data|410,618",Paragraph_2,"(410, 618)",Firefighters and policemen are also another example of heroes because they risk their life to save others from danger. Heroes possess a courageous mindset and choose the best way out of the problem every time.,Data,effective,"Paragraph_2|Primary_Claim|0,111","Paragraph_2|Data|113,280; Paragraph_2|Data|282,408"
"191b_MSU_essay|Paragraph_3|Primary_Claim|0,301",Paragraph_3,"(0, 301)","Celebrities are sometimes everyday people that have amazing voices or theatrical talent. Celebrities are looked up to because they are rich and famous, and many average people want to be just like them. Celebrities are more known for their notorious lifestyles than their positive effects on the world.",Primary_Claim,adequate,"Paragraph_1|Final_Claim|202,455","Paragraph_2|Primary_Claim|0,111; Paragraph_4|Primary_Claim|0,27; Paragraph_6|Primary_Claim|0,98"
"191b_MSU_essay|Paragraph_3|Data|303,878",Paragraph_3,"(303, 878)","Many celebrities have been put in jail from drunk driving, drug possession, or gun possession. Some celebrities choose this lifestyle because it's how they grew up and what their lyrics mean. Others buy anything and everything they want like mansions, Ferrari's, and expensive high end clothes. Celebrities live almost in a dream that some cannot wake up from because they have lived in it for far too long.  any people believe that actors and actresses or singers and songwriters should be looked upon as real role models; yet they are not saving lives for the better of man.",Data,adequate,"Paragraph_3|Primary_Claim|0,301",-
"191b_MSU_essay|Paragraph_4|Primary_Claim|0,27",Paragraph_4,"(0, 27)",Real role models are heroes.,Primary_Claim,effective,"Paragraph_1|Final_Claim|202,455","Paragraph_2|Primary_Claim|0,111; Paragraph_3|Primary_Claim|0,301; Paragraph_6|Primary_Claim|0,98"
"191b_MSU_essay|Paragraph_4|Data|29,306",Paragraph_4,"(29, 306)",The men and women who want the world to be better off than how it is in the present. Nobody expects to be a hero when they grow up; it just happens. We should admire heroes more than we do celebrities because they are not getting paid to make the lives of average people better.,Data,adequate,"Paragraph_4|Primary_Claim|0,27","Paragraph_5|Data|0,212"
"191b_MSU_essay|Paragraph_5|Data|0,212",Paragraph_5,"(0, 212)","Celebrities should not be admired less if not at all. Heroes are people who deserve every bit of the reputation they have earned, yet celebrities only become famous because the citizens like him and they are rich.",Data,adequate,"Paragraph_4|Primary_Claim|0,27","Paragraph_4|Data|29,306"
"191b_MSU_essay|Paragraph_6|Primary_Claim|0,98",Paragraph_6,"(0, 98)",Heroes should be admired more then celebrities because they are brave and risk taking human beings.,Primary_Claim,effective,"Paragraph_1|Final_Claim|202,455","Paragraph_2|Primary_Claim|0,111; Paragraph_3|Primary_Claim|0,301; Paragraph_4|Primary_Claim|0,27"
"191b_MSU_essay|Paragraph_6|Data|100,300",Paragraph_6,"(100, 300)",Most people would not do want heroes do to become one because they are either to lazy or to scared. Heroes are never scared; they use the sources they have to make the world and mankind a better place.,Data,adequate,"Paragraph_6|Primary_Claim|0,98",-
