﻿discourse_id,discourse_part,discourse_boundary,discourse_text,adjudicated_discourse_type,adjudicated_effectiveness,adjudicated_hierarchical,adjudicated_parallel
"192b_MSU_essay|Paragraph_1|Final_Claim|0,431",Paragraph_1,"(0, 431)","I do not believe that someone can truly be ""original."" Humanity has been around for many hundreds of years and virtually everything has already been done atleast once. I do not think that being original is that big of a deal, though. Just because someone did not do something first doesn't mean that they should not do it at all. I believe that people should do whatever they want to even if it has been done a million times before.",Final_Claim,adequate,-,-
"192b_MSU_essay|Paragraph_2|Primary_Claim|0,346",Paragraph_2,"(0, 346)",If all the people who have invented things were the first to use their invention and was seen as the original person behind a product and no one ever used the product because of this then it would be pointless to invent anything. Just because someone does something or uses something doesn't mean that you shouldn't be able to use or do something.,Primary_Claim,adequate,"Paragraph_1|Final_Claim|0,431","Paragraph_3|Primary_Claim|0,326; Paragraph_4|Primary_Claim|0,40; Paragraph_5|Primary_Claim|0,130; Paragraph_6|Primary_Claim|0,99; Paragraph_7|Primary_Claim|0,73"
"192b_MSU_essay|Paragraph_3|Primary_Claim|0,326",Paragraph_3,"(0, 326)","I think that with the media they have created this person who is ideal and someone who everyone should be modeled after, I do not think that it should be that way, I think that if you want to wear your hair like every other girl then you should be able to do so without being called names such as ""copycat, poser, or follower.""",Primary_Claim,adequate,"Paragraph_1|Final_Claim|0,431","Paragraph_2|Primary_Claim|0,346; Paragraph_4|Primary_Claim|0,40; Paragraph_5|Primary_Claim|0,130; Paragraph_6|Primary_Claim|0,99; Paragraph_7|Primary_Claim|0,73"
"192b_MSU_essay|Paragraph_4|Primary_Claim|0,40",Paragraph_4,"(0, 40)","Also, who is to say what is alike anyway?",Primary_Claim,adequate,"Paragraph_1|Final_Claim|0,431","Paragraph_2|Primary_Claim|0,346; Paragraph_3|Primary_Claim|0,326; Paragraph_5|Primary_Claim|0,130; Paragraph_6|Primary_Claim|0,99; Paragraph_7|Primary_Claim|0,73"
"192b_MSU_essay|Paragraph_4|Data|42,358",Paragraph_4,"(42, 358)","In means of art, so what if your painting looks similar to someone else's that was done hundreds of years ago, it doesn't mean that, that person's inspiration was the same or that the heart and soul they put into their art reflects them or what they feel inside and that, that has to be the same for those two people.",Data,adequate,"Paragraph_4|Primary_Claim|0,40",-
"192b_MSU_essay|Paragraph_5|Primary_Claim|0,130",Paragraph_5,"(0, 130)","There are only so many things that we can do in this world and anything and everything is going to be ""copied"" in some way or form.",Primary_Claim,adequate,"Paragraph_1|Final_Claim|0,431","Paragraph_2|Primary_Claim|0,346; Paragraph_3|Primary_Claim|0,326; Paragraph_4|Primary_Claim|0,40; Paragraph_6|Primary_Claim|0,99; Paragraph_7|Primary_Claim|0,73"
"192b_MSU_essay|Paragraph_5|Data|132,297",Paragraph_5,"(132, 297)","Whether intentional or not someone is going to do something you did yesterday somewhere in the world, you may not know it or even think about it but it is inevitable.",Data,ineffective,"Paragraph_5|Primary_Claim|0,130",-
"192b_MSU_essay|Paragraph_6|Primary_Claim|0,99",Paragraph_6,"(0, 99)","I think that everyone needs to accept the fact that people are alike, and that we are suppose to be.",Primary_Claim,adequate,"Paragraph_1|Final_Claim|0,431","Paragraph_2|Primary_Claim|0,346; Paragraph_3|Primary_Claim|0,326; Paragraph_4|Primary_Claim|0,40; Paragraph_5|Primary_Claim|0,130; Paragraph_7|Primary_Claim|0,73"
"192b_MSU_essay|Paragraph_6|Data|101,516",Paragraph_6,"(101, 516)","We may not be the same color, ethnicity, or even speak the same language but we are all human beings. We were designed the same way and we all think somewhat alike. Just because a lion lives on the other side of the jungle it doesn't mean that he hunts his food any differently, or that his instincts are better or worse; they are the same species so therefore have the same ideals, thinking patterns, and instincts.",Data,adequate,"Paragraph_6|Primary_Claim|0,99",-
"192b_MSU_essay|Paragraph_7|Primary_Claim|0,73",Paragraph_7,"(0, 73)","There is nothing wrong with repitition, we repeat the same cycle everyday;",Primary_Claim,adequate,"Paragraph_1|Final_Claim|0,431","Paragraph_2|Primary_Claim|0,346; Paragraph_3|Primary_Claim|0,326; Paragraph_4|Primary_Claim|0,40; Paragraph_5|Primary_Claim|0,130; Paragraph_6|Primary_Claim|0,99"
"192b_MSU_essay|Paragraph_7|Data|75,352",Paragraph_7,"(75, 352)","the sun sets in the west and rises in the east, granted it may be at different times each day different times of the year but it still does the same thing everyday. We cannot help but form patterns and habits in which we do the same or similar things over and over continuously.",Data,effective,"Paragraph_7|Primary_Claim|0,73",-
"192b_MSU_essay|Paragraph_8|Concluding_Summary|0,291",Paragraph_8,"(0, 291)","So, all in all, No I do not think that someone can be ""original"" or even that we are the right to say whether or not something IS in fact original. We all have our own opinions, ideas, and ways, but we all have the same instincts and the same makeup, so therefore can't be all that different.",Concluding_Summary,adequate,"Paragraph_1|Final_Claim|0,431",-
