﻿discourse_id,discourse_part,discourse_boundary,discourse_text,adjudicated_discourse_type,adjudicated_effectiveness,adjudicated_hierarchical,adjudicated_parallel
"193b_MSU_essay|Paragraph_1|Nonannotated|0,485",Paragraph_1,"(0, 485)","Role models play a vital role in the lives of developing youth in today's society. Young children admire figures such as Batman, Superman, or Spiderman. Teenagers admire prominant sports icons such as Lebron James, or Derek Jeter, but why do they look up to these figures? Children choose Batman and other cartoon figures because they fight crime and do good for the people they serve. Teenagers admire these sports icons because of their status. They are they greatest at what they do.",Nonannotated,-,-,-
"193b_MSU_essay|Paragraph_1|Primary_Claim|1445,1848",Paragraph_1,"(1445, 1848)","Many teenagers and young adults admire icons such as Lebron James, Barry Bonds, or Michael Vick who are considered some of the greatest at their sport. However, when one looks deeper he or she sees that the reason these celebrities are admired is not because of what they have done for others, but rather for what they have done for themselves, and what they have accomplished in their area of expertise.",Primary_Claim,effective,"Paragraph_1|Final_Claim|487,621","Paragraph_1|Primary_Claim|2304,2353; Paragraph_1|Primary_Claim|623,707"
"193b_MSU_essay|Paragraph_1|Data|1850,2302",Paragraph_1,"(1850, 2302)","For example, Michael Vick is a great quarterback who played for the Atlanta Falcons and now for the Philadelphia Eagles, but not to long ago he was suspended from the NFL for dog fighting. He bred pit bulls for the sake of watching them fight others and gambled on it. This illegal act is one of many that these celebrities commit and are still looked up to. If batman took part in dog fighting would the little children look up to him? Most likely not.",Data,effective,"Paragraph_1|Primary_Claim|1445,1848",-
"193b_MSU_essay|Paragraph_1|Primary_Claim|2304,2353",Paragraph_1,"(2304, 2353)","However, some celebrities can be good role models.",Primary_Claim,adequate,"Paragraph_1|Final_Claim|487,621","Paragraph_1|Primary_Claim|1445,1848; Paragraph_1|Primary_Claim|623,707"
"193b_MSU_essay|Paragraph_1|Data|2355,3037",Paragraph_1,"(2355, 3037)","Tim Tebow, the quarterback for the University of Florida is a great example of a celebrity who is also a hero. He won the Heisman trophy two years ago and when he did he took that money and went to the Philippines to work with the underprivileged children. From construction, to signing footballs, Tebow focused on the children rather than his football accomplishments. He has a bible verse painted under his eyes before every game and gives thanks to God after every game, win or lose. He is gracious, and courteous to his opponents. Yes he can be admired for who he is, but who he is is shown by his actions. People admire Tebow for what he has done and how he has handled himself.",Data,effective,"Paragraph_1|Primary_Claim|2304,2353",-
"193b_MSU_essay|Paragraph_1|Concluding_Summary|3039,3315",Paragraph_1,"(3039, 3315)","Role models are extremely influential in the lives of children and teenagers in today's society. From Batman and Superman to sports icons and celebrities, everyone has a role model, however, not all are admired for what they do. What defines a true hero is the actions they do.",Concluding_Summary,adequate,"Paragraph_1|Final_Claim|487,621",-
"193b_MSU_essay|Paragraph_1|Final_Claim|487,621",Paragraph_1,"(487, 621)","Although celebrities can be great role models, people should not admire one because of who they are but rather for what they stand for.",Final_Claim,adequate,-,-
"193b_MSU_essay|Paragraph_1|Primary_Claim|623,707",Paragraph_1,"(623, 707)",A hero is one who does good deeds and puts the needs of his or her group over theirs.,Primary_Claim,effective,"Paragraph_1|Final_Claim|487,621","Paragraph_1|Primary_Claim|1445,1848; Paragraph_1|Primary_Claim|2304,2353"
"193b_MSU_essay|Paragraph_1|Data|709,1443",Paragraph_1,"(709, 1443)","Batman protected the city of Gotham from numerous villains such as The Joker, The Riddiler, and Two Face. Although a fictional character, Batman represents good and the young children admire him for that. In today's society, our heroes do not fly around in masks and capes looking for a signal shown up in the sky. The heroes in today's society are the fire fighters who protect you when you left the iron or stove on, the paramedics who can bring you back to life when you have no hope, and the military who go overseas in order to ensure that our country is able to keep the values that it was founded on and to protect us from foreign enemies. These heroes are normal everyday people, but should be greatly admired for what they do.",Data,effective,"Paragraph_1|Primary_Claim|623,707",-
