﻿discourse_id,discourse_part,discourse_boundary,discourse_text,adjudicated_discourse_type,adjudicated_effectiveness,adjudicated_hierarchical,adjudicated_parallel
"194b_MSU_essay|Paragraph_1|Final_Claim|0,426",Paragraph_1,"(0, 426)","All human being are constantly recieving new information about the world around them. Every idea that a person learns is processed and rationalized through the mind of that person and slowly shape his/her life in the process. Even though the different views of other people unfluence each idividual, the unique processing of combining and seperating different views from other influences makes every person completely original.",Final_Claim,effective,-,-
"194b_MSU_essay|Paragraph_2|Primary_Claim|0,154",Paragraph_2,"(0, 154)","Even though music is classified into set categories, most bands tend to extract their own original music appeal from a variety of bands throughout history.",Primary_Claim,effective,"Paragraph_1|Final_Claim|0,426","Paragraph_3|Primary_Claim|0,131"
"194b_MSU_essay|Paragraph_2|Data|156,433",Paragraph_2,"(156, 433)","The mid seventies band, Lynyrd Skynyrd, is considered to be one of the first southern rock bands of their time. Even though they played differently than almost everyone, a mixure of musicians, such as B.B. King and the band Blackfoot, inspired the band to play the way they did.",Data,effective,"Paragraph_2|Primary_Claim|0,154","Paragraph_2|Data|435,760"
"194b_MSU_essay|Paragraph_2|Data|435,760",Paragraph_2,"(435, 760)","Eric Clapton is still considered on of the most influetual songwriter and musician while in past inerveiws, he admitted to owing much of his unique style the blues player, Robert Johnson. Through this process of learning from the greats and expanding on they're ideas, musicians are enabled to evolve into new genres of music.",Data,effective,"Paragraph_2|Primary_Claim|0,154","Paragraph_2|Data|156,433"
"194b_MSU_essay|Paragraph_3|Primary_Claim|0,131",Paragraph_3,"(0, 131)","While many far right and left winged political veiws exist, most people do not simply choose one side but use a combination of many.",Primary_Claim,effective,"Paragraph_1|Final_Claim|0,426","Paragraph_2|Primary_Claim|0,154"
"194b_MSU_essay|Paragraph_3|Data|133,302",Paragraph_3,"(133, 302)","Although a republican, President Lincoln went against his political category and tried to reform the south after the civil war. Even with his strong republican backround,",Data,adequate,"Paragraph_3|Primary_Claim|0,131",-
