﻿discourse_id,discourse_part,discourse_boundary,discourse_text,adjudicated_discourse_type,adjudicated_effectiveness,adjudicated_hierarchical,adjudicated_parallel
"195b_MSU_essay|Paragraph_1|Nonannotated|0,360",Paragraph_1,"(0, 360)","People have forgotten whay a true hero is. I true hero is someone that contributes to their society. Instead people are worshiping teen popstars, who are very good at what they do,but they are not heroes. In today's society it is more likely for a person to become famous for singing or acting, rather than someone who donated money for under provilaged people.",Nonannotated,-,-,-
"195b_MSU_essay|Paragraph_1|Final_Claim|362,409",Paragraph_1,"(362, 409)","However, we should start worshipping the heroes.",Final_Claim,adequate,-,-
"195b_MSU_essay|Paragraph_2|Primary_Claim|0,76",Paragraph_2,"(0, 76)",I think it is very important that people realize what really matters in life.,Primary_Claim,adequate,"Paragraph_1|Final_Claim|362,409","Paragraph_3|Primary_Claim|0,85; Paragraph_4|Primary_Claim|0,38"
"195b_MSU_essay|Paragraph_2|Data|78,345",Paragraph_2,"(78, 345)","Obviously a child actor's every day routine is not more important than a person's pure generosity. Although people like Hannah Montana are important as a child's role model, the child should not obsess over her. There are far better role models out there for children.",Data,adequate,"Paragraph_2|Primary_Claim|0,76",-
"195b_MSU_essay|Paragraph_3|Primary_Claim|0,85",Paragraph_3,"(0, 85)","Children need to see role models that give for the people, not just for the publicity.",Primary_Claim,adequate,"Paragraph_1|Final_Claim|362,409","Paragraph_2|Primary_Claim|0,76; Paragraph_4|Primary_Claim|0,38"
"195b_MSU_essay|Paragraph_3|Data|87,187",Paragraph_3,"(87, 187)",THere are people who donate money for new schools or churches. THis is who people need to look up to.,Data,adequate,"Paragraph_3|Primary_Claim|0,85",-
"195b_MSU_essay|Paragraph_4|Primary_Claim|0,38",Paragraph_4,"(0, 38)",It is not just the rich who are heroes.,Primary_Claim,adequate,"Paragraph_1|Final_Claim|362,409","Paragraph_2|Primary_Claim|0,76; Paragraph_3|Primary_Claim|0,85"
"195b_MSU_essay|Paragraph_4|Concluding_Summary|197,255",Paragraph_4,"(197, 255)",This is who our generation should really strive to be like.,Concluding_Summary,adequate,"Paragraph_1|Final_Claim|362,409",-
"195b_MSU_essay|Paragraph_4|Data|40,195",Paragraph_4,"(40, 195)",People with low incomes donate money all the time. These are true heroes. The people who give up everything they have to offer for the well being of others.,Data,adequate,"Paragraph_4|Primary_Claim|0,38",-
