﻿discourse_id,discourse_part,discourse_boundary,discourse_text,adjudicated_discourse_type,adjudicated_effectiveness,adjudicated_hierarchical,adjudicated_parallel
"196b_MSU_essay|Paragraph_1|Nonannotated|0,324",Paragraph_1,"(0, 324)","Most people are known for their style and originality. Lil' Wayne, a New Orleans rapper, is known for his style of rapping and metaphore inside his songs with a Louisianna accent, but he has also admitted to being inspired and using sample styles of his favorite rappers to make his own. Does not everyone do this in a sense?",Nonannotated,-,-,-
"196b_MSU_essay|Paragraph_2|Final_Claim|0,288",Paragraph_2,"(0, 288)","As human beings, we tend to learn and grow from instinct. We also often use what we've learned to grow. In growing one may add a different attribute to what he/she has learned or ""add their own spice"" to it. In doing so that person has already made it clear that they are their own person.",Final_Claim,adequate,-,-
"196b_MSU_essay|Paragraph_2|Data|290,711",Paragraph_2,"(290, 711)","For example babies are taught to walk and talk often in the household, but in addition to talking the child could learn to talk correctly and fluently in school or by someone else. Learning and growing is a basic outline of human development. Not all things that are learned by someone is taught. For example an infant and the reflex of moving its mouth toward anything that comes close to its face, or the rooting reflex.",Data,adequate,"Paragraph_2|Final_Claim|0,288",-
"196b_MSU_essay|Paragraph_2|Concluding_Summary|713,987",Paragraph_2,"(713, 987)",Overall every person is his/her own person Even though someone may do something the same way as someone else does not mean that they are not their own person. It could mean that someone has chosen to do something a certain way in response to witnessing someone else succeed.,Concluding_Summary,adequate,"Paragraph_2|Final_Claim|0,288",-
