﻿discourse_id,discourse_part,discourse_boundary,discourse_text,adjudicated_discourse_type,adjudicated_effectiveness,adjudicated_hierarchical,adjudicated_parallel
"197b_MSU_essay|Paragraph_1|Final_Claim|0,250",Paragraph_1,"(0, 250)","We, as a people, should admire anyone who has done something great. It does not matter if this person is a so called celebrity, or a hero. One's role model should not be a matter of question. It should be someone that you love for what they have done.",Final_Claim,effective,-,-
"197b_MSU_essay|Paragraph_2|Data|0,540",Paragraph_2,"(0, 540)","The definition of celibrity as shown in the prompt does not seem accurate. It claims that a celebrity is ""someone who simply seems great because they are famous."" This brings to mind a puzzling question that contradicts the definition; ""How did this ""celebrity"" become famous?"" Every person who has come into fame has done something of some sort to make themselves known. The general population does not choose a random person to become famous. They like someone for what they have done, whether it be acting or playing a professional sport.",Data,effective,"Paragraph_2|Primary_Claim|542,697",-
"197b_MSU_essay|Paragraph_2|Primary_Claim|542,697",Paragraph_2,"(542, 697)","Celebrities put in a lot of work to become famous, and I do not think that society realizes this. There is absolutely nothing wrong in admiring a celebrity.",Primary_Claim,effective,"Paragraph_1|Final_Claim|0,250","Paragraph_3|Primary_Claim|0,79"
"197b_MSU_essay|Paragraph_3|Primary_Claim|0,79",Paragraph_3,"(0, 79)",The same applies to heroes. One should choose their role model based on actions.,Primary_Claim,effective,"Paragraph_1|Final_Claim|0,250","Paragraph_2|Primary_Claim|542,697"
"197b_MSU_essay|Paragraph_3|Data|81,339",Paragraph_3,"(81, 339)","It should be one you want to be like. Sometimes it seems like heroes often become celebrities in today's world. Stories are told so much, and a hero's name becomes that of a celebrity. In this essence, there is not a difference between a celebrity and a hero.",Data,adequate,"Paragraph_3|Primary_Claim|0,79",-
"197b_MSU_essay|Paragraph_4|Concluding_Summary|0,417",Paragraph_4,"(0, 417)","One can choose to admire a celebrity, hero, or anyone of their choice. By admiring a celebrity, one does not ""deprive themselves of a real role model."" It is only right to admire someone who has worked hard and has done right. The same goes for heroes. Like the famous saying, ""Actions speak louder than words""; one should select their role model based on their actions, not whether they are a ""celebrity"" or a ""hero"".",Concluding_Summary,effective,"Paragraph_1|Final_Claim|0,250",-
