﻿discourse_id,discourse_part,discourse_boundary,discourse_text,adjudicated_discourse_type,adjudicated_effectiveness,adjudicated_hierarchical,adjudicated_parallel
"198b_MSU_essay|Paragraph_1|Nonannotated|0,28",Paragraph_1,"(0, 28)",Can people be truly original?,Nonannotated,-,-,-
"198b_MSU_essay|Paragraph_1|Final_Claim|30,420",Paragraph_1,"(30, 420)","I think so because originality is what has given us the technology,music, and movies that we enjoy so much. All a person needs to be original is an idea that no one else has and that no one else can duplicate unless they ar that person. Uniqueness comes from the attitude or the vibe that the original person gives off while they are coming up various things that are creative and different.",Final_Claim,effective,-,-
"198b_MSU_essay|Paragraph_2|Primary_Claim|0,146",Paragraph_2,"(0, 146)","In the technology world, Bill Gates was original because he had an idea about something that loved and about something he cared a great deal about.",Primary_Claim,effective,"Paragraph_1|Final_Claim|30,420","Paragraph_3|Primary_Claim|0,147; Paragraph_4|Primary_Claim|0,289"
"198b_MSU_essay|Paragraph_2|Data|148,305",Paragraph_2,"(148, 305)","Computers,Internet,Video Game Systems, this technology opened Gaes eyes to whole other world that he wanted to patent and share with everyone else around him.",Data,adequate,"Paragraph_2|Primary_Claim|0,146",-
"198b_MSU_essay|Paragraph_3|Primary_Claim|0,147",Paragraph_3,"(0, 147)",Musicians are always being accused of being fony or unoriginal. But if you think about it all songs and beats have been minipulated to sound better.,Primary_Claim,adequate,"Paragraph_1|Final_Claim|30,420","Paragraph_2|Primary_Claim|0,146; Paragraph_4|Primary_Claim|0,289"
"198b_MSU_essay|Paragraph_3|Data|149,658",Paragraph_3,"(149, 658)","Even old school artists like Luther Vandross,Whitney Houston,Marvin Gaye have all borrowed someones instrumental and sung that persons lyrics to the song and people will love that version of the song because of that persons voice on the song. That is unfair because it does not make sense to say someone is not original just because they use samples from others. The fact still remains that if the artists has the talent and they are doing something productive with their talent, that in itself is being unique",Data,adequate,"Paragraph_3|Primary_Claim|0,147",-
"198b_MSU_essay|Paragraph_4|Primary_Claim|0,289",Paragraph_4,"(0, 289)","In movies the originality factor is always questioned because of predictable fights, storylines, and plots. But the original factor most likely comes from the director or writer of the story. The director has to have a story in his head that he knows no one else can talk about like he can.",Primary_Claim,adequate,"Paragraph_1|Final_Claim|30,420","Paragraph_2|Primary_Claim|0,146; Paragraph_3|Primary_Claim|0,147"
"198b_MSU_essay|Paragraph_4|Data|291,471",Paragraph_4,"(291, 471)","Directors like Spike Lee, Denzel Washington, Clint Eastwood have acted and directed movies that were controversal and unique and thats how the movie business can produce originality",Data,adequate,"Paragraph_4|Primary_Claim|0,289",-
"198b_MSU_essay|Paragraph_5|Concluding_Summary|0,80",Paragraph_5,"(0, 80)",People can be original it all starts with one idea that you know no one else has.,Concluding_Summary,adequate,"Paragraph_1|Final_Claim|30,420",-
