﻿discourse_id,discourse_part,discourse_boundary,discourse_text,adjudicated_discourse_type,adjudicated_effectiveness,adjudicated_hierarchical,adjudicated_parallel
"199b_MSU_essay|Paragraph_1|Nonannotated|0,252",Paragraph_1,"(0, 252)",Many people in today's society get caught up in the latest gossip and drama in the lives of movie stars and celebrities. People Magazine and other media presses point out the flaws in the lives of the celebrities and set a bad example for today's youth.,Nonannotated,-,-,-
"199b_MSU_essay|Paragraph_1|Final_Claim|254,378",Paragraph_1,"(254, 378)","Although these celebrities are famous and wealthy, they are not the true role models that America's youth need to look up to.",Final_Claim,adequate,-,-
"199b_MSU_essay|Paragraph_2|Primary_Claim|0,156",Paragraph_2,"(0, 156)","Throughout it's history it is evident that our nation was built on the acts of everyday heroes such as George Washington, Ben Franklin, and Thomas Jefferson.",Primary_Claim,effective,"Paragraph_1|Final_Claim|254,378","Paragraph_3|Primary_Claim|0,49"
"199b_MSU_essay|Paragraph_2|Data|158,535",Paragraph_2,"(158, 535)","A hero doesn't have to be in a movie or in the latest headlines of People Magazine. A hero is someone who does the right thing and earns respect through their actions. Unlike a celebrity, heroes are amongst us everyday. Teachers, firefighters, and doctors can all be considered heroes despite not having their face on a big screen or the newest episode of Entertainment Tonight.",Data,effective,"Paragraph_2|Primary_Claim|0,156",-
"199b_MSU_essay|Paragraph_3|Primary_Claim|0,49",Paragraph_3,"(0, 49)",Fame and respect are two totally different things.,Primary_Claim,adequate,"Paragraph_1|Final_Claim|254,378","Paragraph_2|Primary_Claim|0,156"
"199b_MSU_essay|Paragraph_3|Data|51,537",Paragraph_3,"(51, 537)","Fame is earned by what you do to make yourself look better or to earn money for yourself. Respect, on the other hand, is earned by helping others and doing what is right no matter what the circumstance. Being a hero is simple and anyone can do it. In today's society it is hard to turn on the television and not hear something about the latest atrocity taking place in the live of a Hollywood star. While the celebrities and movie stars get all the recognition, many heroes go unnoticed.",Data,adequate,"Paragraph_3|Primary_Claim|0,49",-
"199b_MSU_essay|Paragraph_4|Concluding_Summary|0,407",Paragraph_4,"(0, 407)",Heroism is something that needs to find its way back to America. Drama and gossip have taken the place of ethics and good deeds and as result the youth of today are being deprived of true role models and are looking up to the celebrities of Hollywood instead of the heroes present in the child's everyday life. Heroes deserve more recognition for their actions and celebrities should receive less for theirs.,Concluding_Summary,effective,"Paragraph_1|Final_Claim|254,378",-
