﻿discourse_id,discourse_part,discourse_boundary,discourse_text,adjudicated_discourse_type,adjudicated_effectiveness,adjudicated_hierarchical,adjudicated_parallel
"19_MSU_essay|Paragraph_1|Nonannotated|0,659",Paragraph_1,"(0, 659)","The pursuit of uniqueness and originality is an age old struggle. Ancient peoples constantly yearned to create something new or discover new lands. These pursuits and conquests have resulted in new technologies, modern inventions and the dispersion of human kind across the face of the planet. When the planet was young one would assume that possibilities were endless and original ideas and inventions abounded. It has been within the past century, however, that things like electricity and flight have been discovered and there was a boom of invention. In lieu of these ""inventions"" question of originality arises. Were any of these inventors truly original.",Nonannotated,-,-,-
"19_MSU_essay|Paragraph_1|Rebuttal|1298,1531",Paragraph_1,"(1298, 1531)",I would therefore argue that though humans are incapable of truly creating something out of nothing they are able to use their resources to combine something into a new invention or make an observation that has never been made before.,Rebuttal,effective,"Paragraph_1|Counterclaim|661,918",-
"19_MSU_essay|Paragraph_1|Final_Claim|1533,1605",Paragraph_1,"(1533, 1605)",I would therefore say that people have the capacity to be truly original.,Final_Claim,adequate,-,-
"19_MSU_essay|Paragraph_1|Concluding_Summary|1607,1681",Paragraph_1,"(1607, 1681)",The amount of combinations in this world are endless and so is originality.,Concluding_Summary,adequate,"Paragraph_1|Final_Claim|1533,1605",-
"19_MSU_essay|Paragraph_1|Counterclaim|661,918",Paragraph_1,"(661, 918)","If one ponders on the matter one could easily argue that everything in the universe already exists. Human ""inventions"" are merely the discovery of these things and the combination for a specific use. Humans are incapable of creating something out of nothing.",Counterclaim,effective,"Paragraph_1|Final_Claim|1533,1605",-
"19_MSU_essay|Paragraph_1|Data|920,1296",Paragraph_1,"(920, 1296)","Therefore the argument truly comes down to the definition of ""original"". Originality to most people is the creation or thinking of something that has never been thought of before. Human thoughts are based on observations of their surroundings and therefore it is possible for someone to observe something that has never been seen before or in a different way that someone else.",Data,adequate,"Paragraph_1|Rebuttal|1298,1531",-
