﻿discourse_id,discourse_part,discourse_boundary,discourse_text,adjudicated_discourse_type,adjudicated_effectiveness,adjudicated_hierarchical,adjudicated_parallel
"1_MSU_essay|Paragraph_1|Nonannotated|0,20",Paragraph_1,"(0, 20)",Heroes or Celebrities,Nonannotated,-,-,-
"1_MSU_essay|Paragraph_2|Nonannotated|0,565",Paragraph_2,"(0, 565)","Celebrities and heroes are often confused in todays society. While heroes are famous and popular because of their actions, celebrities are famous because of acting like a hero in movies, sports, etc. While society revolves their lives around celebrities by reading magazines, watching television programs devoted to the lives of celebrities, and other various things, heroes are often left in the dark and forgotten. Todays culture finds it much more interesting to find out why some celebrity got drunk at a bar instead of a hero making a difference in the world.",Nonannotated,-,-,-
"1_MSU_essay|Paragraph_2|Final_Claim|567,660",Paragraph_2,"(567, 660)",This idea of a hero has been forgotten and should be realized and recognized by modern people.,Final_Claim,adequate,-,-
"1_MSU_essay|Paragraph_3|Data|0,519",Paragraph_3,"(0, 519)","How does one define a hero? Is it because of their courage or some action that they did that seemed noble? Dictionary.com states that a hero is a man of distinguished courage or ability, admired for his brave deeds and noble qualities. While these brave deeds and noble qualities are often associated with stories such as slaying a dragon or saving the princess, it can also be related in todays terms. Saving people from fires, donating to a charity, and various other things can be classified under this definition.",Data,effective,"Paragraph_3|Primary_Claim|521,628",-
"1_MSU_essay|Paragraph_3|Primary_Claim|521,628",Paragraph_3,"(521, 628)","Although many people do heroic things, they are not recognized due to the overpowering image of celebrities.",Primary_Claim,effective,"Paragraph_2|Final_Claim|567,660","Paragraph_4|Primary_Claim|449,553"
"1_MSU_essay|Paragraph_4|Data|0,447",Paragraph_4,"(0, 447)","It is no secret that celebrities have lots of money and influence. I think that people often confuse a celebrity as a hero because of this fact. Because they have lots of money, they have to have done something heroic to become this rich is what the image is in peoples minds. Although they have money, they are not heroic. A person might hear of the occasional rumor that a celebrity might have donated to charity, but this is often not the case.",Data,adequate,"Paragraph_4|Primary_Claim|449,553",-
"1_MSU_essay|Paragraph_4|Primary_Claim|449,553",Paragraph_4,"(449, 553)",Celebrities are often very selfish and stingy with their money and are obsessed with their ultimate fame.,Primary_Claim,adequate,"Paragraph_2|Final_Claim|567,660","Paragraph_3|Primary_Claim|521,628"
"1_MSU_essay|Paragraph_5|Concluding_Summary|0,568",Paragraph_5,"(0, 568)","People have forgotten what a hero is and it is a shame. If people were to look up to heroes as role models, perhaps the world would be a better place. Heroes encourage people to do the right thing and to be the best that they can be. Celebrities have not learned how to do this and care for nothing but themselves and how they can get more money and fame. Heroes, however, do not care about their image and do only what is right for the people around them. If society could realize this fact, then people would start doing things for others instead of self progression.",Concluding_Summary,effective,"Paragraph_2|Final_Claim|567,660",-
