﻿discourse_id,discourse_part,discourse_boundary,discourse_text,adjudicated_discourse_type,adjudicated_effectiveness,adjudicated_hierarchical,adjudicated_parallel
"1b_MSU_essay|Paragraph_1|Nonannotated|0,35",Paragraph_1,"(0, 35)",Whether to admire celebrities or not,Nonannotated,-,-,-
"1b_MSU_essay|Paragraph_2|Nonannotated|0,543",Paragraph_2,"(0, 543)","There are a lot of ways to become a celebrity and there are different kinds of celebrities. Some music or movie stars become celebrities because they have a lot of admirers. However, people admiring them is not because they are famous, but because of their talents. Some people become celebrities because of their infamies. They just want to be hyped up. Surely these kind of celebrities should not be admired by the public. Heroes are the people who are generally admired by the public because of their brave actions under dangerous condition.",Nonannotated,-,-,-
"1b_MSU_essay|Paragraph_3|Final_Claim|0,185",Paragraph_3,"(0, 185)","Therefore, just like admiring heroes, people should admire the celebrities that has the good talents. And we should not admire those celebrities who has no ability but want to be famous.",Final_Claim,effective,-,-
"1b_MSU_essay|Paragraph_3|Data|187,460",Paragraph_3,"(187, 460)","When people mention celebrities, the first person I think of is Forest Gump. Although he is just an imagined guy, he is the hero and celebrity that everyone in this nation admires. He is a football star in college, hero in Vietnam war, witness of watergate scandal, national",Data,effective,"Paragraph_3|Final_Claim|0,185",-
"1b_MSU_essay|Paragraph_4|Data|0,394",Paragraph_4,"(0, 394)","pingpong player, successful businessman, and across-country runner. He is a guy that everyone is supposed to know about, because he was so modest and had such a low profile, during the entire movie, no one had ever recognized him. Although he does not has a normal IQ, but he has the honest, credibile, brave and sincere characteristics. This is the kind of celebrity that people should admires.",Data,effective,"Paragraph_3|Final_Claim|0,185",-
"1b_MSU_essay|Paragraph_5|Primary_Claim|0,94",Paragraph_5,"(0, 94)","In the real life, there are lots of celebrities that we can admire. One of them is Jackie Chan.",Primary_Claim,adequate,"Paragraph_3|Final_Claim|0,185","Paragraph_7|Primary_Claim|0,44"
"1b_MSU_essay|Paragraph_6|Data|0,695",Paragraph_6,"(0, 695)","Jackie is known as a great action actor. But besides that, he is also a great charitarian. Jackie Chan started his actor life since he was a seventeen. He had played so many walk-on and he worked so hard that almost all the action movie directors knew him at that time. He was chosen to be a main character in 1971. Since then, he started to become famous. Jakie played his first Hollywood movie Rumble in the Bronx in 1995 and it became his key to the world-wide action film industry. Jackie Chen has been doing charity activities since 1993. He has helped millions of homeless people finding homes, kids going to school, and sever patients recovering. He is the greatest actor as far as I know.",Data,effective,"Paragraph_5|Primary_Claim|0,94",-
"1b_MSU_essay|Paragraph_7|Primary_Claim|0,44",Paragraph_7,"(0, 44)",There are bad role model celebrities as well.,Primary_Claim,adequate,"Paragraph_3|Final_Claim|0,185","Paragraph_5|Primary_Claim|0,94"
"1b_MSU_essay|Paragraph_7|Data|46,359",Paragraph_7,"(46, 359)","Such as the president of North Korea, who makes wrong decisions that makes his citizen suffer from starving. Moreover, personally I think Michael Jackson is a bad role celebrity. Although he had sung some charity songs like Heal The World, and Earth Song, the fact that he abused young kids is not going to change.",Data,adequate,"Paragraph_7|Primary_Claim|0,44",-
"1b_MSU_essay|Paragraph_8|Nonannotated|0,84",Paragraph_8,"(0, 84)",He is the kind of celebrities that I personally consider as hypocritical celebrities.,Nonannotated,-,-,-
"1b_MSU_essay|Paragraph_8|Concluding_Summary|86,482",Paragraph_8,"(86, 482)","Whether to admire a celebrity really depends on the celebrity. There are good role model celebrities like Forest Gump and Jackie Chan, and there are bad role model celebrities like the president of North Korea and Michael Jackson. People are famous for different things. But we can not admire whoever is famous. We should admire those celebrities that have great personality and we can learn from.",Concluding_Summary,effective,"Paragraph_3|Final_Claim|0,185",-
