﻿discourse_id,discourse_part,discourse_boundary,discourse_text,adjudicated_discourse_type,adjudicated_effectiveness,adjudicated_hierarchical,adjudicated_parallel
"20_MSU_essay|Paragraph_1|Nonannotated|0,416",Paragraph_1,"(0, 416)","Originality is something that everyone strives for, but not everyone accomplishes. Muscians, artists, writers, inventors, scientists, they all seek to create something original and meaningful. Many would argue that at this point in human history, every original idea has already been used up. But then, there are those who disagree, those who say that originality is not dead, but just waiting for someone to find it.",Nonannotated,-,-,-
"20_MSU_essay|Paragraph_2|Data|0,1004",Paragraph_2,"(0, 1004)","Muscians are some of the most gifted and talented people on the face of the earth. The ability to create something as wonderous as music, an inspirational thing in and of itself, is often viewed as something magical or etheral. Muscians are also some of the people who struggle hardest to create something orginal. Often, this is hard to do. Music has been a part of human culture and everyday life for centuries, if not millenia. Often, musicians struggle to create something they see as unique and profound. However, they, and we, are in luck. The world of music is constantly evolving, both on a technological and inspirational scale. Rock and roll came about because of experiments in the style of 'Blues' music. Blues music was created after extensive study of traditional African music. The way music is played, and the technology used to play it is constantly changing, allowing for more and more different innovations by artists, allowing a seemingly infinite possibility to create original works.",Data,effective,"Paragraph_5|Final_Claim|0,60","Paragraph_3|Data|0,489; Paragraph_4|Data|0,577; Paragraph_5|Data|62,170"
"20_MSU_essay|Paragraph_3|Data|0,489",Paragraph_3,"(0, 489)","Scientists, those people who have devoted their lifes work to bettering the lot of human kind, are always struggling to create something original, often out of nessecity. If they are trying to do something, but the tool they need to perform that task does not exist, the often create a tool themselves that will allow them to perform the task. New technologies, advances in medicine and industrial industries, and so much more are all a direct result of someone creating something original.",Data,adequate,"Paragraph_5|Final_Claim|0,60","Paragraph_2|Data|0,1004; Paragraph_4|Data|0,577; Paragraph_5|Data|62,170"
"20_MSU_essay|Paragraph_4|Data|0,577",Paragraph_4,"(0, 577)","Writers sometimes seem to have the hardest time of creating something original, as anyone who has ever had a case of writer's block can attest to. But often, when a writer has begun an original work that stands out from the crowd as something truly different from what already exists, the the originality flows freely and constantly. Writing is one area of human inovation and art that may never run out of orginality, because inspiriation can come from any source imaginiable, and is often spurred on by simple, common things that can become extraordinary in the writers' mind.",Data,adequate,"Paragraph_5|Final_Claim|0,60","Paragraph_2|Data|0,1004; Paragraph_3|Data|0,489; Paragraph_5|Data|62,170"
"20_MSU_essay|Paragraph_5|Final_Claim|0,60",Paragraph_5,"(0, 60)",Originality is far from being used up or gone from our lives.,Final_Claim,adequate,-,-
"20_MSU_essay|Paragraph_5|Concluding_Summary|172,499",Paragraph_5,"(172, 499)","If history is any indicator, the creation of original and unique creations is far from over. over the span of just 100 years, so many new technologies have been developed, and even now, many things that were once just a dream are becoming real, each touched by an element of orginality that gives them real impact in this world.",Concluding_Summary,adequate,"Paragraph_5|Final_Claim|0,60",-
"20_MSU_essay|Paragraph_5|Data|62,170",Paragraph_5,"(62, 170)","Every day, new and exciting technologies, innovations, and works of art are being created by ordinary people.",Data,adequate,"Paragraph_5|Final_Claim|0,60","Paragraph_2|Data|0,1004; Paragraph_3|Data|0,489; Paragraph_4|Data|0,577"
