﻿discourse_id,discourse_part,discourse_boundary,discourse_text,adjudicated_discourse_type,adjudicated_effectiveness,adjudicated_hierarchical,adjudicated_parallel
"20b_MSU_essay|Paragraph_1|Data|0,257",Paragraph_1,"(0, 257)","Originality is a characteristic that everyone has, to a certain degree; no two individuals are alike in every single way, which is why they are called ""individuals."" That said, some people are more original than others, but everyone is different in some way.",Data,"sineffectivepineffective|Primary_Claim|ineffectiveeffective9,adequateadequate",-,-
"20b_MSU_essay|Paragraph_1|Primary_Claim|259,340",Paragraph_1,"(259, 340)","As time goes on, originality tends to become harder to obtain, but not impossible.",Primary_Claim,"sineffectivepineffective|Final_Claim|adequateadequateineffective,adequateineffectiveadequate","Paragraph_2|Primary_Claim|214,316",-
"20b_MSU_essay|Paragraph_1|Final_Claim|342,423",Paragraph_1,"(342, 423)","As long as people continue to have new ideas, originality will contintue to exist.",Final_Claim,-,-,-
"20b_MSU_essay|Paragraph_2|Data|0,212",Paragraph_2,"(0, 212)","Many people have different reasons for wanting to be original: something that directly corralates to why people are original. Some fear being overlooked, others want to be remembered, some just like the attention.",Data,"sineffectivepineffective|Primary_Claim|ineffectiveineffectiveadequate,adequateineffectiveeffective",-,-
"20b_MSU_essay|Paragraph_2|Primary_Claim|214,316",Paragraph_2,"(214, 316)",This desire to be original leads to many new ideas and inventions that people are able to benefit from.,Primary_Claim,"sineffectivepineffective|Final_Claim|adequateadequateineffective,adequateineffectiveadequate","Paragraph_1|Primary_Claim|259,340",-
"20b_MSU_essay|Paragraph_2|Nonannotated|318,461",Paragraph_2,"(318, 461)","Without individuality, people become complacent, and that complacentcy leads to nothing being accomplished, which results in everyone suffering.",Nonannotated,-,-,-
