﻿discourse_id,discourse_part,discourse_boundary,discourse_text,adjudicated_discourse_type,adjudicated_effectiveness,adjudicated_hierarchical,adjudicated_parallel
"211b_MSU_essay|Paragraph_1|Final_Claim|0,391",Paragraph_1,"(0, 391)","Originality is an absolutely subjective topic of sorts. Some would say that imitation is the king of all compliments, while others find it extremely annoying. Being original in any walk of life would involve the world's mindset, the actual person, and future implications of the actions this person attempts. Humans will always be stricken with this choice between originality and conformity.",Final_Claim,adequate,-,-
"211b_MSU_essay|Paragraph_2|Primary_Claim|0,53",Paragraph_2,"(0, 53)",The main constituent of originality is society itself.,Primary_Claim,adequate,"Paragraph_1|Final_Claim|0,391","Paragraph_3|Primary_Claim|0,68; Paragraph_4|Primary_Claim|0,77"
"211b_MSU_essay|Paragraph_2|Data|55,459",Paragraph_2,"(55, 459)",It is said that people create a first impression within the first two minutes of being around someone. This is also true when it comes to being original. People have preferences and knowledge bases that allow them to decide whether or not they believe that something is original. These views also change on a day to day basis as individuals get exposed to different experiences that in turn alter beliefs.,Data,adequate,"Paragraph_2|Primary_Claim|0,53",-
"211b_MSU_essay|Paragraph_3|Primary_Claim|0,68",Paragraph_3,"(0, 68)",A person's self belief in originality is also vital to their actions.,Primary_Claim,adequate,"Paragraph_1|Final_Claim|0,391","Paragraph_2|Primary_Claim|0,53; Paragraph_4|Primary_Claim|0,77"
"211b_MSU_essay|Paragraph_3|Data|70,418",Paragraph_3,"(70, 418)",Certain people have stronger minds that are not easily influenced by trends and seasonality. Others sway from view to view like a boat at sea. It depends majorly on the person's upbringing and how they themselves view originality. In the end it becomes a never-ending spiral of thoughts on originality that have molded society into what it is today.,Data,adequate,"Paragraph_3|Primary_Claim|0,68",-
"211b_MSU_essay|Paragraph_4|Primary_Claim|0,77",Paragraph_4,"(0, 77)",Some people take originality to the next level and try to justify breaking it.,Primary_Claim,ineffective,"Paragraph_1|Final_Claim|0,391","Paragraph_2|Primary_Claim|0,53; Paragraph_3|Primary_Claim|0,68"
"211b_MSU_essay|Paragraph_4|Data|79,508",Paragraph_4,"(79, 508)","If a individual can express a need or a strong desire for something, then they get it because of that. Even when deep down the largest portion of choice was decided due to what this person viewed as popular or trendy. Also the want to belong is extremely important. People generally want to be called something of some sorts, and to do so sometimes requires them to be a follower. Imitation follows and originality is then broken.",Data,ineffective,"Paragraph_4|Primary_Claim|0,77",-
"211b_MSU_essay|Paragraph_5|Concluding_Summary|0,569",Paragraph_5,"(0, 569)","In an ever changing world it is difficult to assess originality on a grand scale. Human beings can look around and choose to fit in with the crowd or be an individual and stick out. Also there is not only the two extremes but a large middle ground that allows people to balance originality and conformity. For all of the past,the present, and the future people have been attempting to make this choice. This is what has shaped human growth throughout the years. All of this said it still leads a to believe that if they are not the best at being themselves, then who is.",Concluding_Summary,adequate,"Paragraph_1|Final_Claim|0,391",-
