﻿discourse_id,discourse_part,discourse_boundary,discourse_text,adjudicated_discourse_type,adjudicated_effectiveness,adjudicated_hierarchical,adjudicated_parallel
"212b_MSU_essay|Paragraph_1|Nonannotated|0,272",Paragraph_1,"(0, 272)",Times change drastically from one generation to the other. People change what they wear and what technology they use. Not all things that change are physical changes though. Many people now change who they admire. The world has begun to admire celebrities more than heroes.,Nonannotated,-,-,-
"212b_MSU_essay|Paragraph_1|Final_Claim|274,460",Paragraph_1,"(274, 460)","The people in the present are lost in not admiring the people who have earned their fame, but the civilizations of the past admired heroes and hopefully the future civilizations will too.",Final_Claim,adequate,-,-
"212b_MSU_essay|Paragraph_2|Primary_Claim|0,74",Paragraph_2,"(0, 74)","The American Dream was not built off celebrities, but it was off of heroes.",Primary_Claim,adequate,"Paragraph_1|Final_Claim|274,460","Paragraph_3|Primary_Claim|0,49; Paragraph_4|Primary_Claim|0,94"
"212b_MSU_essay|Paragraph_2|Data|76,646",Paragraph_2,"(76, 646)",In the earlier ages of America's history before the 1970's wanted to become something great. The people of those times looked at great examples in their present and of the history in order to become great. Kids looked to Babe Ruth who had become one of the greatest baseball players of all time. Every kid knew that he did not become great without hard work. Many of our presidents of the past looked at older leaders who lead great nations well by doing and not simply just being there. The past made America what it is today by looking up to heroes and not celebrities.,Data,adequate,"Paragraph_2|Primary_Claim|0,74",-
"212b_MSU_essay|Paragraph_3|Primary_Claim|0,49",Paragraph_3,"(0, 49)",The world in the present can find no true leaders.,Primary_Claim,adequate,"Paragraph_1|Final_Claim|274,460","Paragraph_2|Primary_Claim|0,74; Paragraph_4|Primary_Claim|0,94"
"212b_MSU_essay|Paragraph_3|Data|51,534",Paragraph_3,"(51, 534)","No one knows who to look up to in a time like this. Kids in America are not looking up to heroes anymore, but they are checking the gossip magazine everyday to see who hooked up with who. There is no real leadership in the political parties anymore because the congressmen are looking to become rich in any situation. They do not look at the leaders of the past for advice in a terrible situation that are country has now been put in. They are too busy becoming their own celebrities.",Data,adequate,"Paragraph_3|Primary_Claim|0,49",-
"212b_MSU_essay|Paragraph_4|Primary_Claim|0,94",Paragraph_4,"(0, 94)","Hopefully, the people of the future will learn of the mistakes of today and admire true heroes.",Primary_Claim,adequate,"Paragraph_1|Final_Claim|274,460","Paragraph_3|Primary_Claim|0,49; 1p2|Primary_Claim|0,74"
"212b_MSU_essay|Paragraph_4|Data|96,343",Paragraph_4,"(96, 343)","They should look up to the heroes for inspiration to become great. Maybe the celebrities will learn something from the true heroes as well. The hero can inspire leaders to become great and non selfish, which in turn , helps our nation become great.",Data,adequate,"Paragraph_4|Primary_Claim|0,94",-
