﻿discourse_id,discourse_part,discourse_boundary,discourse_text,adjudicated_discourse_type,adjudicated_effectiveness,adjudicated_hierarchical,adjudicated_parallel
"213b_MSU_essay|Paragraph_1|Nonannotated|0,176",Paragraph_1,"(0, 176)",Can people ever be truly original? There are many ways of explaining original. Being original has everything to do with a persons personality. How can truly original be defined?,Nonannotated,-,-,-
"213b_MSU_essay|Paragraph_1|Final_Claim|178,290",Paragraph_1,"(178, 290)",There are many ways of being truly original it all depends on the personality of the person and thought patterns.,Final_Claim,effective,-,-
"213b_MSU_essay|Paragraph_2|Primary_Claim|0,134",Paragraph_2,"(0, 134)",There are many ways of explaining original. Original can be decribed as being the first person to invent or start a trend of some sort.,Primary_Claim,effective,"Paragraph_1|Final_Claim|178,290","Paragraph_3|Primary_Claim|0,86; Paragraph_4|Primary_Claim|0,128"
"213b_MSU_essay|Paragraph_2|Data|136,358",Paragraph_2,"(136, 358)","For example, like being the first person to wear ridiculous looking clothes and saying they are cool and then other people will follow and then there is a trend started. This trend starting is an examle of self-personality.",Data,adequate,"Paragraph_2|Primary_Claim|0,134",-
"213b_MSU_essay|Paragraph_3|Primary_Claim|0,86",Paragraph_3,"(0, 86)",Having a own self-personality starts all with how someone socializes with other people.,Primary_Claim,adequate,"Paragraph_1|Final_Claim|178,290","Paragraph_2|Primary_Claim|0,134; Paragraph_4|Primary_Claim|0,128"
"213b_MSU_essay|Paragraph_3|Data|88,293",Paragraph_3,"(88, 293)",If a person is not very friendly or if they are not well sociable they will not be liked as much as the person that makes them laugh. They truly are not very original. Being original is very hard to define.,Data,ineffective,"Paragraph_3|Primary_Claim|0,86",-
"213b_MSU_essay|Paragraph_4|Primary_Claim|0,128",Paragraph_4,"(0, 128)",Truly original can most likely be defined as someone who is well liked and someone who does not follow the ways of everyone else.,Primary_Claim,adequate,"Paragraph_1|Final_Claim|178,290","Paragraph_2|Primary_Claim|0,134; Paragraph_3|Primary_Claim|0,86"
"213b_MSU_essay|Paragraph_4|Data|130,323",Paragraph_4,"(130, 323)",In a sense it mean being the one who is the leader and makes their own decisions. Having an own train of though and a self thought pattern is the most likely definition for being truly original.,Data,adequate,"Paragraph_4|Primary_Claim|0,128",-
"213b_MSU_essay|Paragraph_5|Concluding_Summary|0,295",Paragraph_5,"(0, 295)","There are many ways of being truly original and it all depends on the thoght pattern. Being the first of some kind is being truly original also. In the sense if someone wants to be truly original they have to have their own ways, their own goals, and for the most part their own train of thought.",Concluding_Summary,adequate,"Paragraph_1|Final_Claim|178,290",-
