﻿discourse_id,discourse_part,discourse_boundary,discourse_text,adjudicated_discourse_type,adjudicated_effectiveness,adjudicated_hierarchical,adjudicated_parallel
"214b_MSU_essay|Paragraph_1|Nonannotated|0,220",Paragraph_1,"(0, 220)","In our world today, true heroism is taken lightly. Not many people see a true hero and tell them thanks. Instead, they are chasing behind a celebrity, trying to get a picture. This shouldn't be the way of our world today.",Nonannotated,-,-,-
"214b_MSU_essay|Paragraph_1|Final_Claim|222,422",Paragraph_1,"(222, 422)","Heroes should be better esteemed than celebrities, which would give future generations something real to aspire to be, would make superficial life seem pointless, and would inspire others to be heroes.",Final_Claim,effective,-,-
"214b_MSU_essay|Paragraph_2|Primary_Claim|0,100",Paragraph_2,"(0, 100)","If we were to better respect our everyday heroes, children would have good role models to look after.",Primary_Claim,effective,"Paragraph_1|Final_Claim|222,422","Paragraph_3|Primary_Claim|0,80; Paragraph_4|Primary_Claim|0,72"
"214b_MSU_essay|Paragraph_2|Data|102,427",Paragraph_2,"(102, 427)","Children would want to be like their mother instead of Hannah Montana and would learn better qualities. Also, if everyday heroes were better treated, children would know better morals. The more we expand on today's heroics, the better we will be in the future. Our children should have a morally and structurally sound future.",Data,effective,"Paragraph_2|Primary_Claim|0,100",-
"214b_MSU_essay|Paragraph_3|Primary_Claim|0,80",Paragraph_3,"(0, 80)","Also, if we better honor heroes, superficial celebrities would begin deminishing.",Primary_Claim,adequate,"Paragraph_1|Final_Claim|222,422","Paragraph_2|Primary_Claim|0,100; Paragraph_4|Primary_Claim|0,72"
"214b_MSU_essay|Paragraph_3|Data|82,498",Paragraph_3,"(82, 498)","It is my personal experience that when I ask most kids what they want to be, the usually say a person famous. It is nice to dream, but it's not fair that many children are being set up for failure. It would be a lot smarter for them to want an everyday job. The more kids want these everyday jobs, the more celebrities will fade away. It is my personal belief that people shouldn't be allowed famous for being famous.",Data,effective,"Paragraph_3|Primary_Claim|0,80",-
"214b_MSU_essay|Paragraph_4|Primary_Claim|0,72",Paragraph_4,"(0, 72)","Lastly, if heroes of today were better treated, everyone would be a hero.",Primary_Claim,adequate,"Paragraph_1|Final_Claim|222,422","Paragraph_2|Primary_Claim|0,100; Paragraph_3|Primary_Claim|0,80"
"214b_MSU_essay|Paragraph_4|Data|74,354",Paragraph_4,"(74, 354)","The world would be a better place if heroes were better recognized. People always want recognition for what they do. That's why authors have their name on books. If people were gratified for their works, more people would want to do those works so that they could be gratified too.",Data,adequate,"Paragraph_4|Primary_Claim|0,72",-
"214b_MSU_essay|Paragraph_5|Concluding_Summary|0,360",Paragraph_5,"(0, 360)","People are exactly what you make them. If you make a person's position pointless, then no one will want it. But if you esteem the position, eeryone will aspire to be that way. People like celebrities have no point in our world, because they aren't making it any better. If anyone believes in a true hero, they should take a stand and honor whoever that hero is.",Concluding_Summary,adequate,"Paragraph_1|Final_Claim|222,422",-
