﻿discourse_id,discourse_part,discourse_boundary,discourse_text,adjudicated_discourse_type,adjudicated_effectiveness,adjudicated_hierarchical,adjudicated_parallel
"215b_MSU_essay|Paragraph_1|Nonannotated|0,129",Paragraph_1,"(0, 129)","In society, there is always a repitition of the same things over and again raising the question of whether people can be original.",Nonannotated,-,-,-
"215b_MSU_essay|Paragraph_1|Final_Claim|131,569",Paragraph_1,"(131, 569)","The answer to that question is yes people can be truly original. The definition of original is making something that is your own. In music, art, and books a person can take a topic that has already been done and put their own spin to it. That is being innovative. Now there will always be copycats out there trying to capitalize off an idea, but that is the way society works. That doesn't mean though that society can't be truly original.",Final_Claim,effective,-,-
"215b_MSU_essay|Paragraph_2|Data|0,86",Paragraph_2,"(0, 86)",Innovation shows originality because no one has done it before. It shows all around us.,Data,adequate,"Paragraph_1|Final_Claim|131,569","Paragraph_2|Data|296,353; Paragraph_2|Data|355,545; Paragraph_2|Data|88,294"
"215b_MSU_essay|Paragraph_2|Data|296,353",Paragraph_2,"(296, 353)",People also use the art of dance making it their own idea.,Data,ineffective,"Paragraph_1|Final_Claim|131,569","Paragraph_2|Data|0,86; Paragraph_2|Data|355,545; Paragraph_2|Data|88,294"
"215b_MSU_essay|Paragraph_2|Data|355,545",Paragraph_2,"(355, 545)","There is also originality shown in new products everyday. Someone took a blanket and added sleeves, then called it a snuggie. That was something innovative, new, and something truly original.",Data,effective,"Paragraph_1|Final_Claim|131,569","Paragraph_2|Data|0,86; Paragraph_2|Data|296,353; Paragraph_2|Data|88,294"
"215b_MSU_essay|Paragraph_2|Data|88,294",Paragraph_2,"(88, 294)","Take autotune, for example, this is a new innovative way of singing regardless if you can sing or not. People have never heard of it before, so that makes the person who came up with the idea truly original.",Data,adequate,"Paragraph_1|Final_Claim|131,569","Paragraph_2|Data|0,86; Paragraph_2|Data|296,353; Paragraph_2|Data|355,545"
"215b_MSU_essay|Paragraph_3|Concluding_Summary|0,375",Paragraph_3,"(0, 375)","These examples are just a few of many examples of people being truly original by coming up with new, and innovative ideas. This means that that people can be and will continue to be truly original in ideas, whether its art, music, science, or whatever the subject may be. Originality is out there, a person just has to take the time to truly observe and look for it out there.",Concluding_Summary,effective,"Paragraph_1|Final_Claim|131,569",-
