﻿discourse_id,discourse_part,discourse_boundary,discourse_text,adjudicated_discourse_type,adjudicated_effectiveness,adjudicated_hierarchical,adjudicated_parallel
"216b_MSU_essay|Paragraph_1|Nonannotated|0,254",Paragraph_1,"(0, 254)","Heroes and celebrities are two types of people that are drastically differrent, yet very similar. Heroes are famous for their good deeds and their good actions towards others, while celebritires are not. Celebreties are admired for there fame and fortune.",Nonannotated,-,-,-
"216b_MSU_essay|Paragraph_1|Final_Claim|256,326",Paragraph_1,"(256, 326)",There is nothing wrong with admiring both heroes and celebrities alike.,Final_Claim,adequate,-,-
"216b_MSU_essay|Paragraph_2|Primary_Claim|0,86",Paragraph_2,"(0, 86)",In today's time celebrities are seen as some of the most important people in the world.,Primary_Claim,adequate,"Paragraph_1|Final_Claim|256,326","Paragraph_3|Primary_Claim|371,514; Paragraph_4|Primary_Claim|0,71"
"216b_MSU_essay|Paragraph_2|Data|88,384",Paragraph_2,"(88, 384)","They have all the nice clothes, cars, houses, and they have tons of money. Many celebrities are admired simply because of the fact they were forunate to be born into money. These people do nothing to obtain their admiration. People like this are not celebrities; they are just extremely fortunate.",Data,adequate,"Paragraph_2|Primary_Claim|0,86",-
"216b_MSU_essay|Paragraph_3|Data|0,369",Paragraph_3,"(0, 369)","Celebrities are people who are movie stars or great athletes. A majority of people like this have worked hard to get where they are today and they deserve what they have achieved. Despite this celebrities should not be admired for the great things they have recieved. On the other hand they should be admired for their great ability to act, make movies, or play a sport.",Data,adequate,"Paragraph_3|Primary_Claim|371,514",-
"216b_MSU_essay|Paragraph_3|Primary_Claim|371,514",Paragraph_3,"(371, 514)",Celebrities themselves should not be what people inspire to be like; people should desire to enhance their abilities to the celebrities' status.,Primary_Claim,adequate,"Paragraph_1|Final_Claim|256,326","Paragraph_2|Primary_Claim|0,86; Paragraph_4|Primary_Claim|0,71"
"216b_MSU_essay|Paragraph_4|Primary_Claim|0,71",Paragraph_4,"(0, 71)",Heroes have some similarities and differences to the everyday celebrity.,Primary_Claim,adequate,"Paragraph_1|Final_Claim|256,326","Paragraph_2|Primary_Claim|0,86; Paragraph_3|Primary_Claim|371,514"
"216b_MSU_essay|Paragraph_4|Data|73,655",Paragraph_4,"(73, 655)","Similar to celebrities, hereos sometimes have a natural ability that is greater than the average persons' ability. Despite this Heroes do not use this ability to gratify themselves. They use their amazing talents to save the lives of others or protect our nation from enemies. Heroes are the people in this world that should receive the admiration from the rest of the world. Heroes do not save or protect to receive praise and because of this these people deserve just what they are not out fighting for and that is the respect and praise from their nation and the world as a whole.",Data,effective,"Paragraph_4|Primary_Claim|0,71",-
