﻿discourse_id,discourse_part,discourse_boundary,discourse_text,adjudicated_discourse_type,adjudicated_effectiveness,adjudicated_hierarchical,adjudicated_parallel
"217b_MSU_essay|Paragraph_1|Nonannotated|0,124",Paragraph_1,"(0, 124)",Is there reallly such a thing as the real McCoy? Throughout the years people have wanted to be original and their own people.,Nonannotated,-,-,-
"217b_MSU_essay|Paragraph_1|Final_Claim|126,261",Paragraph_1,"(126, 261)","Although many people believe that being original is impossible, there are plenty of was to do something that has never been done before.",Final_Claim,adequate,-,-
"217b_MSU_essay|Paragraph_2|Primary_Claim|0,48",Paragraph_2,"(0, 48)",One way to be an original is to invent a product.,Primary_Claim,effective,"Paragraph_1|Final_Claim|126,261","Paragraph_3|Primary_Claim|0,105; Paragraph_4|Primary_Claim|0,60"
"217b_MSU_essay|Paragraph_2|Data|50,388",Paragraph_2,"(50, 388)","It is impossible to say that the first computer that was made was not the original computer. Inventing something makes that person the first of his kind. Maybe people have thought of a similar idea, but they never got up and made the wheel or the blender. It is the people who take the time to create something that are the real originals.",Data,effective,"Paragraph_2|Primary_Claim|0,48",-
"217b_MSU_essay|Paragraph_3|Primary_Claim|0,105",Paragraph_3,"(0, 105)","Another way of being original or unique, is to do something in a location that has never been done before.",Primary_Claim,adequate,"Paragraph_1|Final_Claim|126,261","Paragraph_2|Primary_Claim|0,48; Paragraph_4|Primary_Claim|0,60"
"217b_MSU_essay|Paragraph_3|Data|107,584",Paragraph_3,"(107, 584)","From doing a funny dance at the bus stop to making a noise in the library, if it is something no one's ever done before in that location that makes you original and unique. This may seem over simplified, but it is quite the opposite. If someone did something like the twist in a bathroom at a grocery store, it is very unlikely that someone else has done that there. Also if this person were to be seen doing such an act, they would be considered unique and odd by the audience.",Data,adequate,"Paragraph_3|Primary_Claim|0,105",-
"217b_MSU_essay|Paragraph_4|Primary_Claim|0,60",Paragraph_4,"(0, 60)","Lastly, the best way to be unique and original is to be born.",Primary_Claim,ineffective,"Paragraph_1|Final_Claim|126,261","Paragraph_2|Primary_Claim|0,48; Paragraph_3|Primary_Claim|0,105"
"217b_MSU_essay|Paragraph_4|Data|62,574",Paragraph_4,"(62, 574)","How is that original? Well the human body is made of an endless combination of genes, trillions of cells, and more originality than can be examplified in any other circumstance. No two people you meet on the street, with the exception of identical twins, will look exactly the same, and, in the case of identical twins, there are no other twins that could replicate them. Every single person that has been born since the time of Homo Erectis is genetically different. There have been no copies throughout history.",Data,adequate,"Paragraph_4|Primary_Claim|0,60",-
"217b_MSU_essay|Paragraph_5|Concluding_Summary|0,272",Paragraph_5,"(0, 272)",All in all there are plenty of ways to be original if one were to take the time to sit and meditate on the matter. There is no doubt about it. Each person can find a way to be different. If it were impossible to be original and unique society would not be what it is today.,Concluding_Summary,effective,"Paragraph_1|Final_Claim|126,261",-
