﻿discourse_id,discourse_part,discourse_boundary,discourse_text,adjudicated_discourse_type,adjudicated_effectiveness,adjudicated_hierarchical,adjudicated_parallel
"21_MSU_essay|Paragraph_1|Nonannotated|0,240",Paragraph_1,"(0, 240)","In today's society everyone seems to be trying to either fit in or stand out. But can one really ever stand out and be truly original? Originality involves being the only one to ever act, dress, feel, plan, or see something in a certain way.",Nonannotated,-,-,-
"21_MSU_essay|Paragraph_1|Final_Claim|242,400",Paragraph_1,"(242, 400)","Sure this can be a goal, but uniqueness can never truly be reached because there are so many people in this world and no way to predict other people's actions.",Final_Claim,effective,-,-
"21_MSU_essay|Paragraph_2|Data|0,822",Paragraph_2,"(0, 822)","At school, work, parties, and most places there is an acceptable and understood manner of dressing and behavior. Sure there might be different ways you can set yourself apart, but in one way or another someone else is going to follow the same trend as you. For example, if there was a business style dress code, two people could both wear business suits but of different colors. Sure he/she can be original in the color choice, but overall neither one is unique because both employees are wearing business suits. The same can be understood for behavior. Someone might try to act as though he/she is original by treating others in a new way. However, whether this ""new"" way of treating others is positive or negative, someone else will try to follow. This in turn makes it a trend and strips the behavior of its originality.",Data,effective,"Paragraph_1|Final_Claim|242,400","Paragraph_3|Data|0,730"
"21_MSU_essay|Paragraph_3|Data|0,730",Paragraph_3,"(0, 730)","The world is so magnificent and colossall , that it is impossible to know what is going on in every far out corner of the world at all times. Two teenagers from completely different surroundings and completely different upbringings could unknowingly desire the same things. They could both long for an excursion to different parts of Africa and be original between the two of them for wanting to go different places, but overall neither is original. This is true because they both want to go to the same continent and because there is such a high probability that someone else in the world outside of the two of them has also wanted to go to those cities. No matter how different the people are, they are still similar in some way.",Data,adequate,"Paragraph_1|Final_Claim|242,400","Paragraph_2|Data|0,822"
"21_MSU_essay|Paragraph_4|Concluding_Summary|0,399",Paragraph_4,"(0, 399)","Wanting to be unique and original is a personal choice one makes over fitting in, but no matter how hard one strives for it, originality can never be achieved. There are so many underlying factors that can spread over a wide array of topics and there are so many people in this world that the probability of matching anything with someone else is too great for anyone to truly be unique in every way.",Concluding_Summary,effective,"Paragraph_1|Final_Claim|242,400",-
