﻿discourse_id,discourse_part,discourse_boundary,discourse_text,adjudicated_discourse_type,adjudicated_effectiveness,adjudicated_hierarchical,adjudicated_parallel
"220b_MSU_essay|Paragraph_1|Final_Claim|0,488",Paragraph_1,"(0, 488)","Celebrities get credit for many things in today's society. With a simple life, they accomplish so much through sometimes minimal effort after having done nothing special. Heroes, on the other hand, do so much for people, often sacrificing something of their own to be a good role model or beneficial to someone's life. While celebrities are usually more recognizable, each individual should have at least one true hero whom he or she looks up to for each decision and action in their life.",Final_Claim,effective,-,-
"220b_MSU_essay|Paragraph_2|Primary_Claim|0,166",Paragraph_2,"(0, 166)",Celebrities often get to that position of undeserved power simply through people they know or some physical characteristic making them appealing to most of the public.,Primary_Claim,effective,"Paragraph_1|Final_Claim|0,488","Paragraph_3|Primary_Claim|0,103"
"220b_MSU_essay|Paragraph_2|Data|168,1004",Paragraph_2,"(168, 1004)","People look up to their good choices, making them seem heroes for ""adopting African babies"" or other things that seem to be for show at some point. When some other negative event comes to light, that hero attitude is lost and people shoot them down without ever thinking of the status the individual once had. ""Brangelina"" is one such example where they do many positive things, seemingly for a good purpose, but once a small story of someone cheating or their past mistakes arises, it is all over the news with people saying they are simply bad people. This back and forth idea on celebrities viewed as heroes can also bring past failures in the public eye to redemption for their revised lifestyle. This still is simply a common human characteristic of doing what it takes to be in good standing with individuals in one's surroundings.",Data,effective,"Paragraph_2|Primary_Claim|0,166",-
"220b_MSU_essay|Paragraph_3|Primary_Claim|0,103",Paragraph_3,"(0, 103)",Heroes do what they deem necessary to benefit others and make a positive impact in other people's lives.,Primary_Claim,effective,"Paragraph_1|Final_Claim|0,488","Paragraph_2|Primary_Claim|0,166"
"220b_MSU_essay|Paragraph_3|Data|105,866",Paragraph_3,"(105, 866)","This attitude often goes unnoticed by many although the ones that do, benefit greatly and should look up to that individual. A person that takes time out of their day to be with someone in need or gives something to help others, not just money,deserves the most respect from today's culture. Superman does everything in his power to make sure the people of the world are safe from any threat. This sacrifice in his time, especially with a double life as Clark Kent and Tim Tebow shows true heroics. His willingness to go out to the world and fight crime, even though he can reverse time if he needs any extra, shows the quality of his character. While given all of these gifts naturally, he uses them in a way to benefit people at all times as a true hero would.",Data,effective,"Paragraph_3|Primary_Claim|0,103",-
"220b_MSU_essay|Paragraph_4|Concluding_Summary|0,444",Paragraph_4,"(0, 444)","People make celebrities out to be heroes while ignoring the true heroes of the world. This sad fact goes throughout cultures around the world. Heroes are given too little credit for the effort they put into helping others while celebrities gain too much credit and support from simply being famous and well known. This fame gives them the power to do almost anything that they want, possibly putting them into a position to gain a heroic status.",Concluding_Summary,effective,"Paragraph_1|Final_Claim|0,488",-
