﻿discourse_id,discourse_part,discourse_boundary,discourse_text,adjudicated_discourse_type,adjudicated_effectiveness,adjudicated_hierarchical,adjudicated_parallel
"221b_MSU_essay|Paragraph_1|Final_Claim|0,192",Paragraph_1,"(0, 192)",People can be truly original sometimes. True originality is when a person creates an idea that has never been exposed. True originality is hard to find because many ideas originate from others.,Final_Claim,adequate,-,-
"221b_MSU_essay|Paragraph_2|Primary_Claim|0,60",Paragraph_2,"(0, 60)",Ideas come from other ideas depending on the area of subject.,Primary_Claim,adequate,"Paragraph_1|Final_Claim|0,192","Paragraph_2|Primary_Claim|186,265"
"221b_MSU_essay|Paragraph_2|Primary_Claim|186,265",Paragraph_2,"(186, 265)","People sometimes think alike. In that case, true originality is out the picture.",Primary_Claim,adequate,"Paragraph_1|Final_Claim|0,192","Paragraph_2|Primary_Claim|0,60"
"221b_MSU_essay|Paragraph_2|Data|267,483",Paragraph_2,"(267, 483)",If a person goes to a store to find something that erases stratches off automobiles he or she would notice that there is more than one item that does it. True originality only stands when ideas are different for sure.,Data,adequate,"Paragraph_2|Primary_Claim|186,265",-
"221b_MSU_essay|Paragraph_2|Data|62,184",Paragraph_2,"(62, 184)",Socks and shoes were invented to protect the feet. One person could have broach the idea and another actually created them.,Data,adequate,"Paragraph_2|Primary_Claim|0,60",-
"221b_MSU_essay|Paragraph_3|Concluding_Summary|0,170",Paragraph_3,"(0, 170)",Originality is possible. Some people imitate ideas to see what can be done to make it better. Originality is not something that is given to a person but is more developed.,Concluding_Summary,adequate,"Paragraph_1|Final_Claim|0,192",-
