﻿discourse_id,discourse_part,discourse_boundary,discourse_text,adjudicated_discourse_type,adjudicated_effectiveness,adjudicated_hierarchical,adjudicated_parallel
"222b_MSU_essay|Paragraph_1|Nonannotated|0,321",Paragraph_1,"(0, 321)","Dictionary.com first defines a hero as a man of distinguished courage or ability, admired for his brave deeds and noble qualities. The second definition on dictionary.com describes a hero as a person, who in the opinion of others, has heroic qualities of has performed a heroic act and is regarded as a model or ideal.",Nonannotated,-,-,-
"222b_MSU_essay|Paragraph_1|Nonannotated|0,449",Paragraph_1,"(0, 449)","The first definition is the true definition of a hero, the second is proof that we admire celebrities and treat them as heroes.",Nonannotated,-,-,-
"222b_MSU_essay|Paragraph_1|Final_Claim|451,542",Paragraph_1,"(451, 542)",There is a need for more people to appreciate true heroes rather than idolize famous people.,Final_Claim,adequate,-,-
"222b_MSU_essay|Paragraph_2|Primary_Claim|0,44",Paragraph_2,"(0, 44)",True heroes are people who chose to be great.,Primary_Claim,effective,"Paragraph_1|Final_Claim|451,542","Paragraph_3|Primary_Claim|0,58"
"222b_MSU_essay|Paragraph_2|Data|46,341",Paragraph_2,"(46, 341)","Heroes are honest, brave, helpful, and encouraging people who chose to do the right thing. Example of true heroes include doctors, nurses, firemen, law enforcement, men and women serving in the military, and everyday good doers. These people are often known for self-sacrifice and serving others.",Data,effective,"Paragraph_2|Primary_Claim|0,44",-
"222b_MSU_essay|Paragraph_3|Primary_Claim|0,58",Paragraph_3,"(0, 58)",Famous people are adored by the majority of the population.,Primary_Claim,adequate,"Paragraph_1|Final_Claim|451,542","Paragraph_2|Primary_Claim|0,44"
"222b_MSU_essay|Paragraph_3|Data|60,236",Paragraph_3,"(60, 236)","Society sees movie stars, entertainers, and rich, beautiful people with extravagant things and wants to be like them. Media plays a big part in the obsession with famous people.",Data,adequate,"Paragraph_3|Primary_Claim|0,58",-
"222b_MSU_essay|Paragraph_4|Concluding_Summary|0,119",Paragraph_4,"(0, 119)","People desire the fame and success of celebrities; however, we should admire the noble qualities of our everyday heroes.",Concluding_Summary,adequate,"Paragraph_1|Final_Claim|451,542",-
