﻿discourse_id,discourse_part,discourse_boundary,discourse_text,adjudicated_discourse_type,adjudicated_effectiveness,adjudicated_hierarchical,adjudicated_parallel
"223b_MSU_essay|Paragraph_1|Nonannotated|0,384",Paragraph_1,"(0, 384)","People want to be oringinal, but in todays world it has become extremely difficult for the them to do so. People in general just do or use what is cool. We have a hard time coming up with things that are truly original. Most people will never come up with something that is original and that catches on. We have a tendency to just look at what someone else has come up with and use it.",Nonannotated,-,-,-
"223b_MSU_essay|Paragraph_1|Primary_Claim|1107,1201",Paragraph_1,"(1107, 1201)",You do not have to come up with something that will change the world to be an oringinal person.,Primary_Claim,adequate,"Paragraph_1|Final_Claim|386,491","Paragraph_1|Primary_Claim|493,581"
"223b_MSU_essay|Paragraph_1|Data|1203,1535",Paragraph_1,"(1203, 1535)","All you have to do is be different and do things in your own way. You have to step away from the norm and just truly be yourself. That can make you into a original person. People will hear words and new phrases that someone else has come up with and just start useing them as their own, it is the way it works and it will not change.",Data,adequate,"Paragraph_1|Primary_Claim|1107,1201",-
"223b_MSU_essay|Paragraph_1|Concluding_Summary|1537,1823",Paragraph_1,"(1537, 1823)","Being original is not the most important thing in the world and it is impossible for everyone to be original simply because there are only so many ideas to be thought up. At the same time someone has to play follow the leader and just run with the crowd, and that is what most people do.",Concluding_Summary,adequate,"Paragraph_1|Final_Claim|386,491",-
"223b_MSU_essay|Paragraph_1|Final_Claim|386,491",Paragraph_1,"(386, 491)","With that in mind there are some original people out in the world today, but they are few and far between.",Final_Claim,adequate,-,-
"223b_MSU_essay|Paragraph_1|Primary_Claim|493,581",Paragraph_1,"(493, 581)",Some people have a God given gift that allows them to come up with many new catchy ideas.,Primary_Claim,adequate,"Paragraph_1|Final_Claim|386,491","Paragraph_1|Primary_Claim|1107,1201"
"223b_MSU_essay|Paragraph_1|Data|583,1105",Paragraph_1,"(583, 1105)","The problem is that we all want to be like that, everyone wants to be able to think up some idea that will change the way we look at something, or how something works. But the truth of the matter is that most people will never do this. In this sense most peoplle cannot be truly original. So many people look at inventions and say why didn't i think of that, including myself. There have been so many people that still wish they would have come up with Crocs, whoever thought such a stupid looking shoe would ever catch on.",Data,adequate,"Paragraph_1|Primary_Claim|493,581",-
