﻿discourse_id,discourse_part,discourse_boundary,discourse_text,adjudicated_discourse_type,adjudicated_effectiveness,adjudicated_hierarchical,adjudicated_parallel
"224b_MSU_essay|Paragraph_1|Final_Claim|0,126",Paragraph_1,"(0, 126)","Both stereotypical heroes, like firemen, and positive life-changing celebrities, like Angelina Jolie, are worthy of admiration.",Final_Claim,effective,-,-
"224b_MSU_essay|Paragraph_1|Nonannotated|128,465",Paragraph_1,"(128, 465)","A hero is connotated differently by everyone. Society influences what we determine to be a hero. In one country a man that fights for his beliefs and for the good of his country is a hero, in another he is a terrorist. A hero to one person might not be to another because they view the person's actions as ordinary or as what is expected.",Nonannotated,-,-,-
"224b_MSU_essay|Paragraph_2|Primary_Claim|0,41",Paragraph_2,"(0, 41)",Some celebrities are worthy of admiration.,Primary_Claim,adequate,"Paragraph_1|Final_Claim|0,126","Paragraph_3|Primary_Claim|0,97"
"224b_MSU_essay|Paragraph_2|Data|43,370",Paragraph_2,"(43, 370)","A person usually gains celebrity status because of their skills in a particular field, such as acting. However, some people become a celebrity because of a prestigous family name, like Hilton, or because of outlandish behavior. A legetimate celebrity is famous because of their positive achievements and influences on the world.",Data,effective,"Paragraph_2|Primary_Claim|0,41",-
"224b_MSU_essay|Paragraph_3|Primary_Claim|0,97",Paragraph_3,"(0, 97)",A celebrity will probably be worthy of admiration for different reasons than a stereotypical hero.,Primary_Claim,effective,"Paragraph_1|Final_Claim|0,126","Paragraph_2|Primary_Claim|0,41"
"224b_MSU_essay|Paragraph_3|Data|402,766",Paragraph_3,"(402, 766)","Usually a celebrity is wealthy and gives substantial donations to different charities. Donating is not exactly risking their life, like a fireman, but it is still giving a part of themselves to someone else without being expected to or being asked. Doing something positive without expecting praise or recognization is worthy of admiration no matter what they give.",Data,adequate,"Paragraph_3|Primary_Claim|0,97","Paragraph_3|Data|99,400"
"224b_MSU_essay|Paragraph_3|Data|99,400",Paragraph_3,"(99, 400)",A celebrity can inspire someone to strive to be great themselves. A celebrity's rags to riches life story gives hope to people in desperate situations. When someone does not see a good future for themselves they can look to a celebrity's success and find the energy to push through their own struggles.,Data,adequate,"Paragraph_3|Primary_Claim|0,97","Paragraph_3|Data|402,766"
