﻿discourse_id,discourse_part,discourse_boundary,discourse_text,adjudicated_discourse_type,adjudicated_effectiveness,adjudicated_hierarchical,adjudicated_parallel
"225b_MSU_essay|Paragraph_1|Nonannotated|0,378",Paragraph_1,"(0, 378)","In America today, many people put a lot of time and effort into being unique and original, but sometimes it seems that no matter what is done, it has been done before. Whether it be the fact that many of the new movies are simply remakes of old ones or that many of the fashions coming into play today are simply recycled ideas from year ago, many argue that originality is gone.",Nonannotated,-,-,-
"225b_MSU_essay|Paragraph_1|Nonannotated|0,471",Paragraph_1,"(0, 471)","With so many examples like these, it might be easy to agree. However, that is far from true.",Nonannotated,-,-,-
"225b_MSU_essay|Paragraph_1|Final_Claim|473,555",Paragraph_1,"(473, 555)","Originality is something that is not easy to find, but is very possible for anyone.",Final_Claim,adequate,-,-
"225b_MSU_essay|Paragraph_2|Primary_Claim|0,204",Paragraph_2,"(0, 204)","The whole idea of originality is that something, some idea, or someone is fresh or new. To be original it has to have not been done before, and that is not an easy thing to find, but it surrounds us today.",Primary_Claim,adequate,"Paragraph_1|Final_Claim|473,555","Paragraph_3|Primary_Claim|0,80"
"225b_MSU_essay|Paragraph_2|Data|206,555",Paragraph_2,"(206, 555)","One area would be in how people look. To many, their way of being original is in how they present themselves. Simply walk down the street and you will eventually see some person with, say, spiked green hair or piercings all over their face. Many times when people look like this is out of a need to be different, and they can certainly accomplish it.",Data,effective,"Paragraph_2|Primary_Claim|0,204","Paragraph_2|Data|557,1083"
"225b_MSU_essay|Paragraph_2|Data|557,1083",Paragraph_2,"(557, 1083)","We even see it in pop culture. Look at up and coming singer Lady Gaga for example. It seems that everytime she goes out her outfit causes a stir. Whether it be a dress made of clear plastic bubbles, one with planets orbiting around her, or one with shoulders that are 10 times the normal size, she is a singer that has made herself famous for her wacky attire. Given just that, she has already acheived some level of uniqueness, without even mentioning her music. This brings us to next readily used avenue to originality; art.",Data,effective,"Paragraph_2|Primary_Claim|0,204","Paragraph_2|Data|206,555"
"225b_MSU_essay|Paragraph_3|Primary_Claim|0,80",Paragraph_3,"(0, 80)",Another way that people can be truly original is through their artistic pursuits.,Primary_Claim,effective,"Paragraph_1|Final_Claim|473,555","Paragraph_2|Primary_Claim|0,204"
"225b_MSU_essay|Paragraph_3|Data|321,710",Paragraph_3,"(321, 710)","Another example would be the group Plus One who, back in the early 2000s, combined the pop sound of NSYNC with contemporary christian lyrics to creat something entirely new and original. Before these groups came out, many might have said that all the possible types of music had been done. If musicians took that to heart, where would we be today? The answer is, we would be stuck in a rut.",Data,effective,"Paragraph_3|Primary_Claim|0,80","Paragraph_3|Data|82,319"
"225b_MSU_essay|Paragraph_3|Concluding_Summary|712,835",Paragraph_3,"(712, 835)","However, as long as peolple believe that originality is possible we can achieve new things that were never thought possible.",Concluding_Summary,adequate,"Paragraph_1|Final_Claim|473,555",-
"225b_MSU_essay|Paragraph_3|Data|82,319",Paragraph_3,"(82, 319)","Whether it be music, film, dance, or anything else. Again, Lady Gaga has established what seems to be a whole new genre of music, combining hip-hop, dance, and r&b to creat a whole new sound. This is just one example of a unique musician.",Data,effective,"Paragraph_3|Primary_Claim|0,80","Paragraph_3|Data|321,710"
