﻿discourse_id,discourse_part,discourse_boundary,discourse_text,adjudicated_discourse_type,adjudicated_effectiveness,adjudicated_hierarchical,adjudicated_parallel
"226b_MSU_essay|Paragraph_1|Primary_Claim|0,99",Paragraph_1,"(0, 99)",A hero is someone who does something great in their lifetime that inspires other people to do great.,Primary_Claim,effective,"Paragraph_1|Final_Claim|1571,1812","Paragraph_1|Primary_Claim|243,312; Paragraph_1|Primary_Claim|521,584"
"226b_MSU_essay|Paragraph_1|Data|101,241",Paragraph_1,"(101, 241)","Heroes are known for the positive things they have done in life. They are famous because they are heroes, not heroes because they are famous.",Data,adequate,"Paragraph_1|Primary_Claim|0,99",-
"226b_MSU_essay|Paragraph_1|Final_Claim|1571,1812",Paragraph_1,"(1571, 1812)",That is why people should not admire celebrities so much. They should find someone that has really done something good that influences other people to want to do good things. Those are the real heroes. Those are the ones we should look up to.,Final_Claim,effective,-,-
"226b_MSU_essay|Paragraph_1|Primary_Claim|243,312",Paragraph_1,"(243, 312)","Celebrities are not heroes most of the time, but we still admire them.",Primary_Claim,effective,"Paragraph_1|Final_Claim|1571,1812","Paragraph_1|Primary_Claim|0,99; Paragraph_1|Primary_Claim|521,584"
"226b_MSU_essay|Paragraph_1|Data|314,519",Paragraph_1,"(314, 519)",We treat them as if they are heroes. They are our role models even though they haven't done anything to positive to make them a good role model. We just see the fame that they have and we want it ourselves.,Data,adequate,"Paragraph_1|Primary_Claim|243,312",-
"226b_MSU_essay|Paragraph_1|Primary_Claim|521,584",Paragraph_1,"(521, 584)","It is okay to admire how celebrities live, but not who they are.",Primary_Claim,effective,"Paragraph_1|Final_Claim|1571,1812","Paragraph_1|Primary_Claim|0,99; Paragraph_1|Primary_Claim|243,312"
"226b_MSU_essay|Paragraph_1|Data|586,1569",Paragraph_1,"(586, 1569)","A lot of times they are bad people. The real heroes try not to put a lot of attention to themselves. They do not have to tell people about the good things that they have done. People already know because they see it through their actions. I have experienced how a lot of people view movie stars. They admire them so much because of what they see in that star's movies. In real life, that movie star has not done anything really great, though. It is just a normal person that has made some movies. A lot of times celebrities are not known for anything outside of their career expect bad things they do that are bad influences for the people that look up to them. Britney Spears and Lindsay Lohan are perfect examples of celebrities that are always setting bad examples for young people. I am always seeing their names in the newspaper or on television for something that they have done that is not worthy of being a hero, such as doing drugs. These are not things that heroes would do.",Data,effective,"Paragraph_1|Primary_Claim|521,584",-
