﻿discourse_id,discourse_part,discourse_boundary,discourse_text,adjudicated_discourse_type,adjudicated_effectiveness,adjudicated_hierarchical,adjudicated_parallel
"227b_MSU_essay|Paragraph_1|Nonannotated|0,164",Paragraph_1,"(0, 164)","Can people ever be truly original? That is the question we all ask ourselves in our everyday life. It effects us in music, movies, and even in our normal day to day.",Nonannotated,-,-,-
"227b_MSU_essay|Paragraph_1|Final_Claim|166,243",Paragraph_1,"(166, 243)","No one really sees originality anymore and if you do, it is something special.",Final_Claim,adequate,-,-
"227b_MSU_essay|Paragraph_2|Data|0,439",Paragraph_2,"(0, 439)","Music is such a big deal in life. It is everywhere;in the cafeteria, the car, and even the dentist office. It is in a blue moon that one song comes along and stays forever. These days, television and the media try to find the next biggest hit and they over analyise it and push it to hard and it becomes a dud or a one hit wonder. No one wants originality anymore. They try to sell the most albums or songs in a week. It is all about money.",Data,adequate,"Paragraph_2|Primary_Claim|441,534",-
"227b_MSU_essay|Paragraph_2|Primary_Claim|441,534",Paragraph_2,"(441, 534)","If we take the time and actually put our heart into the music, it would have more originality.",Primary_Claim,adequate,"Paragraph_1|Final_Claim|166,243","Paragraph_3|Primary_Claim|0,32; Paragraph_4|Primary_Claim|0,63"
"227b_MSU_essay|Paragraph_3|Primary_Claim|0,32",Paragraph_3,"(0, 32)",Orginiality also comes in movies.,Primary_Claim,adequate,"Paragraph_1|Final_Claim|166,243","Paragraph_2|Primary_Claim|441,534; Paragraph_4|Primary_Claim|0,63"
"227b_MSU_essay|Paragraph_3|Data|34,273",Paragraph_3,"(34, 273)","Growing up, always getting to watch the Disney classics and thinking how many movies have come up that our just like that but with a different ending or not in cartoon. It was when people didnt try so hard that originality was always there.",Data,adequate,"Paragraph_3|Primary_Claim|0,32",-
"227b_MSU_essay|Paragraph_4|Primary_Claim|0,63",Paragraph_4,"(0, 63)",Originality is even in getting dressed and walking out the door.,Primary_Claim,adequate,"Paragraph_1|Final_Claim|166,243","Paragraph_2|Primary_Claim|441,534; Paragraph_3|Primary_Claim|0,32"
"227b_MSU_essay|Paragraph_4|Data|65,285",Paragraph_4,"(65, 285)","Bangs, skinny jeans, and even leather were all done before our time. Almost everything in closets have already been done and now coming back into style. Who does not want to keep upto date with what the latest fashion is?",Data,adequate,"Paragraph_4|Primary_Claim|0,63",-
"227b_MSU_essay|Paragraph_5|Concluding_Summary|0,289",Paragraph_5,"(0, 289)","It is hard to be original, but if one puts their special taste or their sparkle on it , it might have that persons originality. It is the way one carries itself to determine how people read you. People can not ever be truly original , but in a way they can be original with a special flare.",Concluding_Summary,adequate,"Paragraph_1|Final_Claim|166,243",-
