﻿discourse_id,discourse_part,discourse_boundary,discourse_text,adjudicated_discourse_type,adjudicated_effectiveness,adjudicated_hierarchical,adjudicated_parallel
"228b_MSU_essay|Paragraph_1|Nonannotated|0,418",Paragraph_1,"(0, 418)","Originality can still be achieved in this century. Some people believe that people can only improve on what others have created, but I believe that if thoroughly thought out even upgrades to old can be considered original. Take for instance, the broom and the vacuum two completely different items created to do the same job. The vacuum was an original idea, because it was a different way of getting the same job done.",Nonannotated,-,-,-
"228b_MSU_essay|Paragraph_1|Final_Claim|420,598",Paragraph_1,"(420, 598)","Originality is still alive, because people can expand on ideas, new technology gives them more opportunity to create something different, and everything can be created in new way.",Final_Claim,effective,-,-
"228b_MSU_essay|Paragraph_2|Primary_Claim|0,85",Paragraph_2,"(0, 85)","Originality is still capable of being reached, because old ideas can be expanded upon.",Primary_Claim,effective,"Paragraph_1|Final_Claim|420,598","Paragraph_3|Primary_Claim|0,136; Paragraph_4|Primary_Claim|0,47"
"228b_MSU_essay|Paragraph_2|Data|87,514",Paragraph_2,"(87, 514)","Many of the stories we read are based around the same plots as the ones written centuries ago. For example, Disney's classic ""Cinderella"" was an original story line then, and Disney's ""A Cinderella's Story"" is also original. Even though they both have the same idea and plot,they both are original because of the change in scenery and characters. The things that make these stories original are the little differences they have.",Data,effective,"Paragraph_2|Primary_Claim|0,85",-
"228b_MSU_essay|Paragraph_3|Primary_Claim|0,136",Paragraph_3,"(0, 136)","We can not only expand on ideas of the past to be original, but we can also improve things of the past to make ideas and items different.",Primary_Claim,effective,"Paragraph_1|Final_Claim|420,598","Paragraph_2|Primary_Claim|0,85; Paragraph_4|Primary_Claim|0,47"
"228b_MSU_essay|Paragraph_3|Data|138,588",Paragraph_3,"(138, 588)","Many of the things we have are based upon something else, but because of better technological advances we are able to improve upon these things and make them better. Such things as the computer and the lap top explain this idea. The computer and the lap top were both created for the same purpose, but because of better technology the lap top has made it easier to use. And the lap top is original, because it has improved the way we use the computer.",Data,effective,"Paragraph_3|Primary_Claim|0,136",-
"228b_MSU_essay|Paragraph_4|Primary_Claim|0,47",Paragraph_4,"(0, 47)",Everything we use can also be in a way upgraded.,Primary_Claim,adequate,"Paragraph_1|Final_Claim|420,598","Paragraph_2|Primary_Claim|0,85; Paragraph_3|Primary_Claim|0,136"
"228b_MSU_essay|Paragraph_4|Data|49,509",Paragraph_4,"(49, 509)","Household items such as can openers, trash cans, and stoves have been created better over the years. Even though much has not changed about these items, they are still considered original because they were created differently and in a way that no one else had created them before. The electric can opener may not seem like an original idea since the can opener was created years before, but the idea to use electricity to power them made the invention original.",Data,effective,"Paragraph_4|Primary_Claim|0,47",-
"228b_MSU_essay|Paragraph_5|Concluding_Summary|0,330",Paragraph_5,"(0, 330)","It is getting harder and harder to make original items, but if we continue to grow technologically every improvement and creation will be original. Originality is still possible even after so many years of creation. This is true , because every improvement or adjustment to an older item is a new idea therefore making it original.",Concluding_Summary,effective,"Paragraph_1|Final_Claim|420,598",-
