﻿discourse_id,discourse_part,discourse_boundary,discourse_text,adjudicated_discourse_type,adjudicated_effectiveness,adjudicated_hierarchical,adjudicated_parallel
"229b_MSU_essay|Paragraph_1|Nonannotated|0,307",Paragraph_1,"(0, 307)","In this world today, it is hard not to see repitition everywhere we go. People of the past few generations often find themselves repeating all that has been done before. The only apsect of their approach is that no one else has done it the exact same way, portraying the feeling of uniqueness on the subject.",Nonannotated,-,-,-
"229b_MSU_essay|Paragraph_1|Final_Claim|309,464",Paragraph_1,"(309, 464)","Despite the fact that the ideas are the central core of ideas to everyone, their are still ifinitely many ways to approach them which makes it still unique.",Final_Claim,effective,-,-
"229b_MSU_essay|Paragraph_2|Data|0,551",Paragraph_2,"(0, 551)","The quote ""You are unique. Just like everyone else"" is in itself ironic. It means that no one is like anyone else, making everyone an unique being. This ties in with people's beliefs, personalities, and lifestyles. The way it is ironic is that everyone is still the same in that sense. Even though everyone is so different, it is still considered to be ""normal."" This perception leads to the idea that no matter what anyone does, someone else has already done it. The only way to feel that something is still unique is the way the approach the subject.",Data,adequate,"Paragraph_1|Final_Claim|309,464","Paragraph_3|Data|0,263"
"229b_MSU_essay|Paragraph_3|Data|0,263",Paragraph_3,"(0, 263)","An example in this world today would be the way we communicate with technology. The purpose of a telephone to talk to someone else who is not in reach. In the industry now, telephones can do more than that. Some telephones can surb the web or even listen to music.",Data,ineffective,"Paragraph_1|Final_Claim|309,464","Paragraph_2|Data|0,551"
