﻿discourse_id,discourse_part,discourse_boundary,discourse_text,adjudicated_discourse_type,adjudicated_effectiveness,adjudicated_hierarchical,adjudicated_parallel
"22_MSU_essay|Paragraph_1|Nonannotated|0,443",Paragraph_1,"(0, 443)","Planet earth is filled with people of all shapes and sizes, all with new ideas of how to change the world. However, the question often arises of whether or not there are any new ideas or has everything been done already? Oftentimes, some of the biggest blockbuster movies are remakes and the greatest novels are spin-offs of other novels. At this point, one must continue to wonder if achieving originality is possible or is it simply hopeless?",Nonannotated,-,-,-
"22_MSU_essay|Paragraph_1|Final_Claim|445,543",Paragraph_1,"(445, 543)","Before coming to a decision one must consider three factors: the person, the problem and the place.",Final_Claim,adequate,-,-
"22_MSU_essay|Paragraph_2|Data|0,511",Paragraph_2,"(0, 511)","Everyone has heard some version of the phrase, ""There may be over six billion people in the world, but there is only one of me."" This simply means that being alive makes a person original. So often people tend to struggle and go to all extremes to make themselves recognizable from everyone else around then, but such is not neccessary. One must accept the fact that from their conceptionn they are original. It may be true that they are genetic ""copies"" of their parents, but in the end they share nothing else.",Data,adequate,"Paragraph_2|Primary_Claim|513,622",-
"22_MSU_essay|Paragraph_2|Primary_Claim|513,622",Paragraph_2,"(513, 622)","Nobody is born sharing a brain, organs, or limbs with anyone else, and that in itself makes a person original.",Primary_Claim,effective,"Paragraph_1|Final_Claim|445,543","Paragraph_3|Primary_Claim|494,612"
"22_MSU_essay|Paragraph_3|Data|0,492",Paragraph_3,"(0, 492)","If one was to compare the world today to the world 100 or even just seventy-five years ago, they would be astonished. The times have definantly changed the playing field. For one to call someone who uses the ponderings of a 15th century philosopher to make daily decisions is absurd. It may be true that they are ideas of the past, but one cannot compare the past and the present. The Declaration of Independence is an original document, even though it is based off of the ideas of John Locke.",Data,adequate,"Paragraph_3|Primary_Claim|494,612",-
"22_MSU_essay|Paragraph_3|Primary_Claim|494,612",Paragraph_3,"(494, 612)","Therefore, the idea is not the only thing that makes a person original, but also the situation that they apply them to.",Primary_Claim,adequate,"Paragraph_1|Final_Claim|445,543","Paragraph_2|Primary_Claim|513,622"
