﻿discourse_id,discourse_part,discourse_boundary,discourse_text,adjudicated_discourse_type,adjudicated_effectiveness,adjudicated_hierarchical,adjudicated_parallel
"23_MSU_essay|Paragraph_1|Nonannotated|0,265",Paragraph_1,"(0, 265)","As humans, we are always comparing ourselves. We are striving to be the best. As we do that, we end up copying each other. We can say that it is our idea but it never is. We heard the idea in passing or saw it and believe that we actually thought it up by ourselves.",Nonannotated,-,-,-
"23_MSU_essay|Paragraph_1|Final_Claim|267,505",Paragraph_1,"(267, 505)",I believe that every idea has already been thought up by someone in the past and now in this day and time we are merely recreating old ideas. We are making the ideas newer and adding more to them but at their foundation they are old ideas.,Final_Claim,adequate,-,-
"23_MSU_essay|Paragraph_2|Data|0,515",Paragraph_2,"(0, 515)","The fashion world is a good example of this. Fashion is always changing. Every season there are new styles and designs and new ""original"" pieces. In all honesty none of it is new or original. The clothing that is in style right now is the clothing that my mom used to wear. They are only recreating pieces that were in style ten or twenty years ago. The designer may call it original but he or she is getting the idea for it from something she has already seen. It is not original because it has already been created.",Data,effective,"Paragraph_1|Final_Claim|267,505","Paragraph_3|Data|0,452; Paragraph_4|Data|0,616"
"23_MSU_essay|Paragraph_3|Data|0,452",Paragraph_3,"(0, 452)","Everything is a copy. The Music world also shows this. Turn on the radio and listen to a rap station. Every single song sounds the exact same. Maybe the lyrics are not identical, but they are about the same things. Turn to a christian radio station and every song sounds the same. Where is the originality? It's funny when you finally here a good song that is different and come to find its a cover of a song done twenty years ago. No originality there.",Data,adequate,"Paragraph_1|Final_Claim|267,505","Paragraph_2|Data|0,515; Paragraph_4|Data|0,616"
"23_MSU_essay|Paragraph_4|Data|0,616",Paragraph_4,"(0, 616)",Someone could argue that writers are original. Don't writers have to be original? No. I believe that yes maybe they put their words in a way that it is original to themselves but the idea they are writing about is not original. Go to the library. There are a thousand books written by different authors about the same old topic. Most likely every single one of those books says the exact same thing. Even in writing we are all copying each other. Our ideas and views have been given to us by society. Everyone and everything influences us whether we realize it or not. We are influenced and our creativity shows that.,Data,adequate,"Paragraph_1|Final_Claim|267,505","Paragraph_2|Data|0,515; Paragraph_3|Data|0,452"
"23_MSU_essay|Paragraph_5|Concluding_Summary|0,414",Paragraph_5,"(0, 414)","Can people ever truly be original? I don't think so. I think that every idea has already been thought of and as we move forward in time we are only recreating those ideas in one way or another. Everything is a copy. Maybe at this point everything is a copy of a copy. The originality is gone. We ""steal"" ideas from each other but really it wasn't that persons idea in the first place, they got it from someone else.",Concluding_Summary,effective,"Paragraph_1|Final_Claim|267,505",-
