﻿discourse_id,discourse_part,discourse_boundary,discourse_text,adjudicated_discourse_type,adjudicated_effectiveness,adjudicated_hierarchical,adjudicated_parallel
"243b_MSU_essay|Paragraph_1|Nonannotated|0,267",Paragraph_1,"(0, 267)","Everyone strives for originality. Originality makes it yours and no one else. In this day and time, with such advanced technology it is very hard to be original. Everything a person does can be easily repeated or copied. Is it possible for people to be truly original?",Nonannotated,-,-,-
"243b_MSU_essay|Paragraph_2|Primary_Claim|0,204",Paragraph_2,"(0, 204)","Originality is creating or doing something that no person has created before. With the world's population soaring, so many things are thought of and created. This makes it almost impossible to be original.",Primary_Claim,effective,"Paragraph_4|Final_Claim|0,184","Paragraph_2|Primary_Claim|463,543; Paragraph_3|Primary_Claim|0,51"
"243b_MSU_essay|Paragraph_2|Data|206,461",Paragraph_2,"(206, 461)","The internet provides easy access to tons of information and ideas. A person can easily copy and paste documents that are not theirs. That takes away from people being original. As a saying goes, ""Why do it yourself, when someone else has already done it?""",Data,adequate,"Paragraph_2|Primary_Claim|0,204",-
"243b_MSU_essay|Paragraph_2|Primary_Claim|463,543",Paragraph_2,"(463, 543)",Another reason originality is so rarely seen is that people do not strive for it.,Primary_Claim,adequate,"Paragraph_4|Final_Claim|0,184","Paragraph_2|Primary_Claim|0,204; Paragraph_3|Primary_Claim|0,51"
"243b_MSU_essay|Paragraph_2|Data|545,747",Paragraph_2,"(545, 747)",Being original requires thought and time. Today there seems to be not enough hours in a day to accomplish everything that needs to be done. Originality is extremely difficult to obtain and requires time.,Data,adequate,"Paragraph_2|Primary_Claim|463,543",-
"243b_MSU_essay|Paragraph_3|Primary_Claim|0,51",Paragraph_3,"(0, 51)","However, originality does flow from the world today.",Primary_Claim,adequate,"Paragraph_4|Final_Claim|0,184","Paragraph_2|Primary_Claim|0,204; Paragraph_2|Primary_Claim|463,543"
"243b_MSU_essay|Paragraph_3|Data|158,320",Paragraph_3,"(158, 320)","Here at the university, new things and ideas are created daily. For instance, new slogans and advertisements for sports teams are created and displayed everywhere.",Data,adequate,"Paragraph_3|Primary_Claim|0,51","Paragraph_3|Data|53,156"
"243b_MSU_essay|Paragraph_3|Data|53,156",Paragraph_3,"(53, 156)",Look at all the designs in painting. There are new ones daily that creative people bring into existence.,Data,adequate,"Paragraph_3|Primary_Claim|0,51","Paragraph_3|Data|158,320"
"243b_MSU_essay|Paragraph_4|Final_Claim|0,184",Paragraph_4,"(0, 184)","A person can be truly original if he or she puts in the time and cares what about what they are doing. The path to originality can be rocky and difficult, but still it is created daily.",Final_Claim,adequate,-,-
