﻿discourse_id,discourse_part,discourse_boundary,discourse_text,adjudicated_discourse_type,adjudicated_effectiveness,adjudicated_hierarchical,adjudicated_parallel
"244b_MSU_essay|Paragraph_1|Final_Claim|0,300",Paragraph_1,"(0, 300)","Original is simply the first. There is truly nothing new under the sun. Things may seem new but are jus remake of earlier models of something and someone else's idea. Many times we find ourselves fooled by the word ""new"" or ""original"". Original and new go hand and hand but are two different concepts.",Final_Claim,ineffective,-,-
"244b_MSU_essay|Paragraph_2|Primary_Claim|0,87",Paragraph_2,"(0, 87)","Original today is unknown, there are remakes or improvements but truly nothing original.",Primary_Claim,adequate,"Paragraph_1|Final_Claim|0,300","Paragraph_3|Primary_Claim|0,55"
"244b_MSU_essay|Paragraph_2|Data|89,389",Paragraph_2,"(89, 389)","I myself am a vivid thinker and have came up with many ideas and proposals but none with were original or completely new. Original is always new. Many ideas and thoughts have to a starting point, something to base the idea after. Without that we would have no where to begin to come up with new ideas.",Data,adequate,"Paragraph_2|Primary_Claim|0,87",-
"244b_MSU_essay|Paragraph_3|Primary_Claim|0,55",Paragraph_3,"(0, 55)",New on the other hand is a last model made of something.,Primary_Claim,adequate,"Paragraph_1|Final_Claim|0,300","Paragraph_2|Primary_Claim|0,87"
"244b_MSU_essay|Paragraph_3|Data|57,231",Paragraph_3,"(57, 231)",It is a said to be better the first model. Which i must admit is very true most of the time. New however is not always original. New is usually a older idea with improvements.,Data,adequate,"Paragraph_3|Primary_Claim|0,55",-
"244b_MSU_essay|Paragraph_4|Concluding_Summary|0,290",Paragraph_4,"(0, 290)","I understand that there are new things but being original is the first new thing. Original is the only one, the first made, the beginning of something possibly great. So after many trials I have came to the conclusion that being original is simply putting new ideas and thoughts into action.",Concluding_Summary,ineffective,"Paragraph_1|Final_Claim|0,300",-
