﻿discourse_id,discourse_part,discourse_boundary,discourse_text,adjudicated_discourse_type,adjudicated_effectiveness,adjudicated_hierarchical,adjudicated_parallel
"245b_MSU_essay|Paragraph_1|Nonannotated|0,51",Paragraph_1,"(0, 51)",What is the defining characteristics of originality.,Nonannotated,-,-,-
"245b_MSU_essay|Paragraph_1|Final_Claim|53,221",Paragraph_1,"(53, 221)","In today's era, there is no such thing as anyone doing anything completely ""original."" At one point or another, everything that means something has been done previously.",Final_Claim,adequate,-,-
"245b_MSU_essay|Paragraph_2|Primary_Claim|0,211",Paragraph_2,"(0, 211)","Elvis Presley, BB King, and Michael Jackson, are all prime examples of people who considered there work as original. Aside from adding their own lyrics and dance ryhthms, their work was far from being ""original.""",Primary_Claim,adequate,"Paragraph_1|Final_Claim|53,221","Paragraph_3|Primary_Claim|0,90"
"245b_MSU_essay|Paragraph_2|Data|213,317",Paragraph_2,"(213, 317)","Music has been around since the beginning of mankind, but yet, these artist consider themselves original.",Data,ineffective,"Paragraph_2|Primary_Claim|0,211",-
"245b_MSU_essay|Paragraph_3|Primary_Claim|0,90",Paragraph_3,"(0, 90)","Though no one's work is truly original, often times, people throw their own spin on things.",Primary_Claim,adequate,"Paragraph_1|Final_Claim|53,221","Paragraph_2|Primary_Claim|0,211"
"245b_MSU_essay|Paragraph_3|Data|92,215",Paragraph_3,"(92, 215)",Ralph Lauren threw a symbol on a collared shirt to invent POLO. Original? Not to much. Collared shirt with a twist? Exactly.,Data,adequate,"Paragraph_3|Primary_Claim|0,90",-
"245b_MSU_essay|Paragraph_4|Concluding_Summary|0,151",Paragraph_4,"(0, 151)","Ideas are thrown out everyday from different individuals, but that is exactly what they are, ideas. Can people ever truly be original? The answer is no.",Concluding_Summary,adequate,"Paragraph_1|Final_Claim|53,221",-
