﻿discourse_id,discourse_part,discourse_boundary,discourse_text,adjudicated_discourse_type,adjudicated_effectiveness,adjudicated_hierarchical,adjudicated_parallel
"246b_MSU_essay|Paragraph_1|Nonannotated|0,308",Paragraph_1,"(0, 308)","Originality is a much valued characteristic that many, or maybe even all, people try to attain. We each want to be different from the next person; we want to have new ideas and be praised for coming up with something completely unique. But can people ever be truly original? For me, the answer is a mixed one.",Nonannotated,-,-,-
"246b_MSU_essay|Paragraph_1|Final_Claim|310,457",Paragraph_1,"(310, 457)","Originality depends on which element of literature, music, or any other form of expression, that creativity and uniqueness are trying to be created.",Final_Claim,-,-,-
"246b_MSU_essay|Paragraph_2|Primary_Claim|0,329",Paragraph_2,"(0, 329)","Take any book, say Romeo and Juliet. The general plot of the book is that two people are in love who aren't supposed to be. There are countless novels, movies, plays, songs, etc., that are about the exact same thing (Twilight, anyone?). But I believe that the way in which the generalized story is presented can be quiet creative.",Primary_Claim,adequate,"Paragraph_1|Final_Claim|310,457","Paragraph_3|Primary_Claim|0,194"
"246b_MSU_essay|Paragraph_2|Data|331,851",Paragraph_2,"(331, 851)","These two books that are about the same thing are extremely different. Romeo and Juliet was written in iambic pentameter but about human beings while Twilight is written in modern, everyday language but about vampires and werewolves! The same plot can be presented in drastically different ways, and that is what makes all the difference. If nothing was original, wouldn't we just get sick of reading and writing, therefor producing no new literature? Yes, but thankfully plot is not the only creative element in a story.",Data,effective,"Paragraph_2|Primary_Claim|0,329",-
"246b_MSU_essay|Paragraph_3|Primary_Claim|0,194",Paragraph_3,"(0, 194)","Music is also another creative outlet that some argue there is nothing left to do. Though some songs may sound alike, there are endless choices for genres, lyrics, rythms, notes, and instruments.",Primary_Claim,adequate,"Paragraph_1|Final_Claim|310,457","Paragraph_2|Primary_Claim|0,329"
"246b_MSU_essay|Paragraph_3|Data|196,881",Paragraph_3,"(196, 881)","A perfect example is when people make remixes of songs. It is the same song, but heard in a unique or different way. Another way to make an old song more original is to take a classic song and make it modern and vice versa. It is the same song, just presented in a different way. Add harmony and it's a completely different song. Songs can start from scratch and become something completely original that nobody has heard before. Think of the first time anybody heard rap. We don't know what is in the future for anything. Rap would have been hard to create without the technology it uses (synthesizers, etc.), so just imagine what different types of genres there will be in the future.",Data,effective,"Paragraph_3|Primary_Claim|0,194",-
"246b_MSU_essay|Paragraph_4|Concluding_Summary|0,273",Paragraph_4,"(0, 273)","Originality is a truly attainable attribute, for those who work hard and are creative. Though the story may be generally the same, plot is not the only element to a story. Content is not the only element to a song. Every element imaginable adds to creativity and uniqueness.",Concluding_Summary,adequate,"Paragraph_1|Final_Claim|310,457",-
