﻿discourse_id,discourse_part,discourse_boundary,discourse_text,adjudicated_discourse_type,adjudicated_effectiveness,adjudicated_hierarchical,adjudicated_parallel
"247b_MSU_essay|Paragraph_1|Final_Claim|0,232",Paragraph_1,"(0, 232)","In my option, we should not admire celebrities but true heroes. Often times when we make the mistake of making celebrities heroes because they are simply famous we forget that they are too humans. They are just like us but with fame.",Final_Claim,effective,-,-
"247b_MSU_essay|Paragraph_1|Primary_Claim|234,368",Paragraph_1,"(234, 368)",When we place simple celebrities higher than others and as heroes we leave no room for them to make mistakes that humans normally make.,Primary_Claim,adequate,"Paragraph_1|Final_Claim|0,232","Paragraph_1|Primary_Claim|653,692"
"247b_MSU_essay|Paragraph_1|Data|370,651",Paragraph_1,"(370, 651)","We then place them in standards of superheroes. Whenever they make a mistake, big or small, we automatically blow it out of proportion because in our eyes every celebrity is a role model and is not suppose to make mistakes like humans do, such as the recent incident of Tiger Woods.",Data,adequate,"Paragraph_1|Primary_Claim|234,368",-
"247b_MSU_essay|Paragraph_1|Primary_Claim|653,692",Paragraph_1,"(653, 692)",Even though some celebrities are heroes.,Primary_Claim,adequate,"Paragraph_1|Final_Claim|0,232","Paragraph_1|Primary_Claim|234,368"
"247b_MSU_essay|Paragraph_1|Data|694,984",Paragraph_1,"(694, 984)","Such as the R&B singer Alicia Keys who is major part of a foundation called Keep a Child Alive. Celebrities like that can be definitely looked upon as heroes, because they are leaders and caretakers for others less fortunate than them. They use their money and fame to help and serve others.",Data,adequate,"Paragraph_1|Primary_Claim|653,692",-
"247b_MSU_essay|Paragraph_1|Concluding_Summary|986,1304",Paragraph_1,"(986, 1304)","True heroes can be anyone, famous or not. They must be leaders, servers, and carry themselves as good role models to there followers and those who are watching. So yes we should admire heroes no matter whether are famous or just a normal everyday person. Everyone has a hero that they look at as a model for their life.",Concluding_Summary,effective,"Paragraph_1|Final_Claim|0,232",-
