﻿discourse_id,discourse_part,discourse_boundary,discourse_text,adjudicated_discourse_type,adjudicated_effectiveness,adjudicated_hierarchical,adjudicated_parallel
"248b_MSU_essay|Paragraph_1|Nonannotated|0,96",Paragraph_1,"(0, 96)",People who do great things in life should be admired because of their effort to help the society.,Nonannotated,-,-,-
"248b_MSU_essay|Paragraph_1|Data|202,674",Paragraph_1,"(202, 674)","For example, the recent drama with Gilbert Arena who pulled a gun at his own teammate over a childish matter, he is a celebrity but these kind of people express violence to the youth society. I admire many good people in this world, some are famous and others are not but the most important thing is that they are great human beings who care about others. We should admire great human beings, does not matter if a person is wealthy or poor, his heart will speak for itself.",Data,effective,"Paragraph_1|Primary_Claim|98,200",-
"248b_MSU_essay|Paragraph_1|Primary_Claim|98,200",Paragraph_1,"(98, 200)",A famous person should not be admired if he is not a hero and go beyond expectations to help the world.,Primary_Claim,effective,"Paragraph_5|Final_Claim|0,194","Paragraph_2|Primary_Claim|511,653; Paragraph_4|Primary_Claim|0,109"
"248b_MSU_essay|Paragraph_2|Data|0,509",Paragraph_2,"(0, 509)","People in this world are so self centered in making money and ignoring the poor side or people that are in need. It is our job as human beings to reach out and help others because we are of the same breed, i do not mean if your wealthy you distribute money to poor. People with money can open education to the poor, provide funds, hospitals to those in need, and food. Anything that we can think of is hero like, helping a blind women across is hero like because you took time to help someone cross the street.",Data,effective,"Paragraph_2|Primary_Claim|511,653","Paragraph_3|Data|0,129"
"248b_MSU_essay|Paragraph_2|Primary_Claim|511,653",Paragraph_2,"(511, 653)",Little things can make people heroes and other things that are much bigger than helping someone cross a street are developing across the world.,Primary_Claim,adequate,"Paragraph_5|Final_Claim|0,194","Paragraph_1|Primary_Claim|98,200; Paragraph_4|Primary_Claim|0,109"
"248b_MSU_essay|Paragraph_3|Data|0,129",Paragraph_3,"(0, 129)",Bill Gates for example is building a university in Hawaii for honor students which can provide advanced education and free grants.,Data,adequate,"Paragraph_2|Primary_Claim|511,653","Paragraph_2|Data|0,509"
"248b_MSU_essay|Paragraph_4|Primary_Claim|0,109",Paragraph_4,"(0, 109)","Celebrities that are selfish these days should not be admired simply because they have no feelings for people,",Primary_Claim,adequate,"Paragraph_5|Final_Claim|0,194","Paragraph_1|Primary_Claim|98,200; Paragraph_2|Primary_Claim|511,653"
"248b_MSU_essay|Paragraph_4|Data|111,736",Paragraph_4,"(111, 736)","they do not see the starving kids in Africa, people with aids in India, no medical benefits for people in many countries. Brad Pitt made me feel good about this wonderful world we live in because he started a program to help orphan kids by providing them with education, food and entertainment. Education can take anyone anywhere because of its value; and Pitt is giving life to those that are really in need of one. Kids around the world are born with aids and other diseases and it is not their fault, its the world we live in but it is up to us to help them and provide them with shelter, food and most important education.",Data,effective,"Paragraph_4|Primary_Claim|0,109",-
"248b_MSU_essay|Paragraph_5|Final_Claim|0,194",Paragraph_5,"(0, 194)","That is why i admire heroes and not celebrities, a famous person that is selfish and has no heart for the human race is useless in this world because he is greedy and leaves the people suffering.",Final_Claim,adequate,-,-
"248b_MSU_essay|Paragraph_5|Data|196,594",Paragraph_5,"(196, 594)","Teachers that teach with respect and have passion for it, are the ones that should be admired because they are the ones that spread knowledge to our society. They take their time to help and make us understand the importance of a subject, but not all teachers are like that. Imagine if all teachers were kind and respectful wouldn't this world seem peaceful, people need to give in order to receive.",Data,adequate,"Paragraph_5|Final_Claim|0,194",-
