﻿discourse_id,discourse_part,discourse_boundary,discourse_text,adjudicated_discourse_type,adjudicated_effectiveness,adjudicated_hierarchical,adjudicated_parallel
"249b_MSU_essay|Paragraph_1|Final_Claim|0,444",Paragraph_1,"(0, 444)","The media puts celebrities on a very high pedistal. Everyone only sees the good things that they do. Most give millions of dollars away to several organizations each year. There is no question that this is a good deed, but some may confuse this as a heroic act. this is in no way a heroic act because all they did was give money that they have plenty of to a charity. Because of this, most people lok up to them as heroes, which they should not.",Final_Claim,effective,-,-
"249b_MSU_essay|Paragraph_1|Concluding_Summary|1221,1392",Paragraph_1,"(1221, 1392)","For this reason, true heroes should not be confused with people who are just ""generous"". The heroes should be admire and given more recognition for the action that they do.",Concluding_Summary,adequate,"Paragraph_1|Final_Claim|0,444",-
"249b_MSU_essay|Paragraph_1|Primary_Claim|446,537",Paragraph_1,"(446, 537)","A hero is someone that sacrifices more than money for someone else,sometimes their own life.",Primary_Claim,effective,"Paragraph_1|Final_Claim|0,444","Paragraph_1|Primary_Claim|794,894"
"249b_MSU_essay|Paragraph_1|Data|539,792",Paragraph_1,"(539, 792)","Every once in a while, there are stories on the news where someone saved a person that was in a life threatening situation. These people are called heroes. Most people look up to heroes because they put their own life in danger to help save someone else.",Data,adequate,"Paragraph_1|Primary_Claim|446,537",-
"249b_MSU_essay|Paragraph_1|Primary_Claim|794,894",Paragraph_1,"(794, 894)",The only way a celebrity would be considered a hero is if they gave up more than just monetary gifts.,Primary_Claim,effective,"Paragraph_1|Final_Claim|0,444","Paragraph_1|Primary_Claim|446,537"
"249b_MSU_essay|Paragraph_1|Data|896,1219",Paragraph_1,"(896, 1219)","They could do so much more than that. For example, a famous basketball player for a very poor country took his money and built a hospital back home. This is indeed an act of heroism because by building that hospital, more people can get better treatment. This hospital can and will save the lives of the people living there.",Data,adequate,"Paragraph_1|Primary_Claim|794,894",-
