﻿discourse_id,discourse_part,discourse_boundary,discourse_text,adjudicated_discourse_type,adjudicated_effectiveness,adjudicated_hierarchical,adjudicated_parallel
"24_MSU_essay|Paragraph_1|Nonannotated|0,510",Paragraph_1,"(0, 510)","For one to be unique and individual, one must go into deep thinking about the new creation in order to maintain originality. Alot of things have already been done, tasks completed, and goals reached for certain material, so for people who want to be truly original, deviating from the norm may be the best way to come up with a individual work. Though people can be original if they are tapping old reserves, then they will not be able to come up with anything thats completely thier creation, thought, or work.",Nonannotated,-,-,-
"24_MSU_essay|Paragraph_1|Final_Claim|512,641",Paragraph_1,"(512, 641)","People can be original, but if influenced greatly by copies, or present works, the realm of possibilities they hold are very slim.",Final_Claim,adequate,-,-
"24_MSU_essay|Paragraph_2|Data|0,933",Paragraph_2,"(0, 933)","Many musicians want to come up with new song ideas, or instrument patterns, but due to the scale of notes and different chords, its sometimes hard to come up with a decent and original piece of work. Since this problem is so apparent and real, alot of musicians remake classical music simply for hit songs if they have the basic talents needed to make people want to hear the song over again. Musicians also tend to use instrument patterns over again and make similar beats to classic music and use samples of old songs to make the song hotter for them, this process is effective, but it still neglects the originality aspect. A musician can be creative and original, but different is not something that is always accepted among consumers. For music, originality is key, but in order to sell more records, most artists have to do sampling or at least one remake so their music will be universal and more people buy their album debuts.",Data,effective,"Paragraph_1|Final_Claim|512,641","Paragraph_3|Data|0,700"
"24_MSU_essay|Paragraph_3|Data|0,700",Paragraph_3,"(0, 700)","Alot of things have already been done when it comes to research, or trying to come up with new things to sell on the market. Buisinessmen may sit in a room for hours, concoct a new invention or strategy, and later find out that it has already been done somewhere in the world. But if those men think outside the box, they could indeed come up with something new, original, and handy for consumers to want to purchase and demand. The market is not easily manipulated but it all comes from sales pitches and ads to promote a new product and make it look worth something to common people. In this sense, originality is welcomed but it has to be catchy in order for it to catch on with the general public.",Data,adequate,"Paragraph_1|Final_Claim|512,641","Paragraph_2|Data|0,933"
"24_MSU_essay|Paragraph_4|Nonannotated|0,393",Paragraph_4,"(0, 393)","If an old oil reserve is tapped constantly, and there is no oil in it, new oil must be found to use as a resource. This is the same way with ideas, since people learn the same things, and most follow the same path of creation to come up with new material. Hunting in a prehistoric forest where all artifacts have been found is assanine, so new land must be covered and new things must be found.",Nonannotated,-,-,-
"24_MSU_essay|Paragraph_4|Concluding_Summary|395,564",Paragraph_4,"(395, 564)","Originality can be detained by only few, and to those few, they give off subtopics for others to cover to create new things. Its all a matter of who, what, when, and why.",Concluding_Summary,adequate,-,-
