﻿discourse_id,discourse_part,discourse_boundary,discourse_text,adjudicated_discourse_type,adjudicated_effectiveness,adjudicated_hierarchical,adjudicated_parallel
"250b_MSU_essay|Paragraph_1|Final_Claim|0,419",Paragraph_1,"(0, 419)","In a world of repeat projects, inventions and fashions, it is hard to say if one can be truly original these days. The first inventors or developers are truly the originals and we can not help but to realize this. Though many things have been made prior to our existence, it is not completely out of the question. But instead of aiming to be original, it may be easier to improve something that has already been created.",Final_Claim,adequate,-,-
"250b_MSU_essay|Paragraph_2|Primary_Claim|0,156",Paragraph_2,"(0, 156)",Technology is always changing and becoming more advanced. This is the perfect opportunity to enhance or better yet change some electronics we currently have.,Primary_Claim,effective,"Paragraph_1|Final_Claim|0,419","Paragraph_3|Primary_Claim|0,89; Paragraph_4|Primary_Claim|0,92"
"250b_MSU_essay|Paragraph_2|Data|158,453",Paragraph_2,"(158, 453)","For example, cell phones are becoming more high-tech with the touch screens, television service, navigational systems, mp3 players, internet, and so on. Even so, there can always be changes in how cell phones look if not how we use them. This also applies to computers, stereos, clocks, and more.",Data,adequate,"Paragraph_2|Primary_Claim|0,156",-
"250b_MSU_essay|Paragraph_3|Primary_Claim|0,89",Paragraph_3,"(0, 89)",Another thing that is always evolving is the fashion industry and what we think is trendy.,Primary_Claim,adequate,"Paragraph_1|Final_Claim|0,419","Paragraph_2|Primary_Claim|0,156; Paragraph_4|Primary_Claim|0,92"
"250b_MSU_essay|Paragraph_3|Data|91,632",Paragraph_3,"(91, 632)","It is not uncommon to walk the streets and see someone in an ensemble that resembled something from the 1980s. Nike Dunks and Converse's Chuck Taylors are very popular footwear as they decades ago.Maybe it is because fashion designers gain their inspiration from formerly popular attire or maybe it is because their new ideas have been made before. With as many people and designers in the world, it would not be shocking if every possible fashion has been developed. So fashion can always be tweaked or altered a little bit to seem original.",Data,effective,"Paragraph_3|Primary_Claim|0,89",-
"250b_MSU_essay|Paragraph_4|Primary_Claim|0,92",Paragraph_4,"(0, 92)","Last, hairstyles have changed tremendously over the years, but some similarities still exist.",Primary_Claim,adequate,"Paragraph_1|Final_Claim|0,419","Paragraph_2|Primary_Claim|0,156; Paragraph_3|Primary_Claim|0,89"
"250b_MSU_essay|Paragraph_4|Data|94,553",Paragraph_4,"(94, 553)","From haircuts, to hair dye, to extensions, etc. Everything is still similar to the past. For instance, African American women have always worn afros because of the texture and coarseness of their hair. But this changed when the relaxer was invented. Now the afro is becoming popular again for many reasons. One main reason is that relaxers are so dangerous for the hair and can lead to a lot of damage or breakage. It is really high-maintainance and expensive.",Data,effective,"Paragraph_4|Primary_Claim|0,92",-
"250b_MSU_essay|Paragraph_5|Concluding_Summary|0,371",Paragraph_5,"(0, 371)","By the 21st century, it seems as if everything we could possibly think of has been invented. Appliances, apparel, cars, electronics, and more. Though it is good to stand out from a crowd it is just not that easy because so many goods have been produced and are to be produced. There will always be two people with the same things, but there is always room for improvement.",Concluding_Summary,adequate,"Paragraph_1|Final_Claim|0,419",-
