﻿discourse_id,discourse_part,discourse_boundary,discourse_text,adjudicated_discourse_type,adjudicated_effectiveness,adjudicated_hierarchical,adjudicated_parallel
"251b_MSU_essay|Paragraph_1|Nonannotated|0,452",Paragraph_1,"(0, 452)","In the society that we live in at the present time, there are no real examples of people to look up to. Well, there may be a few but everyone's views are so clouded about real heroes that the one's we do have get looked over often. The way we they looked at Malcolm X and Martin Luther King is a look that not many people get now. Sure we have Barack Obama as a new president but, in the end, there are not many more people to look up to as role models.",Nonannotated,-,-,-
"251b_MSU_essay|Paragraph_1|Data|1122,1676",Paragraph_1,"(1122, 1676)","Take a look at an everyday American soldier. They risk their lives day in and day out, just so people that don't even care enough to pray for them can live free. They don't have millions of dollars like the celebrities, nor do they have the publicity, movie roles, or fame that comes with being famous. Most of the time the only time you notice that someone is in the Armed Forces is when they have on their fatigues. Yet the entire world would pass out at the sight of a celebrity that has done nothing for them and doesn't know one person from the next.",Data,effective,"Paragraph_1|Primary_Claim|897,1120",-
"251b_MSU_essay|Paragraph_1|Primary_Claim|1678,1885",Paragraph_1,"(1678, 1885)","Granted, some people that have a lot of money and fame may have a great influence on people and I don't want to take anything from them but at the same time there are many more that only want money and power.",Primary_Claim,adequate,"Paragraph_1|Final_Claim|2304,2679","Paragraph_1|Primary_Claim|454,570; Paragraph_1|Primary_Claim|897,1120"
"251b_MSU_essay|Paragraph_1|Data|1887,2302",Paragraph_1,"(1887, 2302)",If I was ever to get famous I would try my best to help people out with my wealth and not use it only to show how much money I have acquired. My philosophy is that I can't take any of the money I get with me when I move on so I would much rather share it with others and be looked at as a sort of hero or philanthropist than spend all of it on me and be looked at as a selfish celebrity that is obsessed with myself.,Data,adequate,"Paragraph_1|Primary_Claim|1678,1885",-
"251b_MSU_essay|Paragraph_1|Final_Claim|2304,2679",Paragraph_1,"(2304, 2679)","Real role models are the people that pass away and are remembered for decades after their passing. Maybe even centuries because of their memorable deeds for humanity. A celebrity is a celebrity and a role model is a role model, but never should one automatically be connected with another. Being viewed as a hero or role model is a honor and should be worked at and not given.",Final_Claim,effective,-,-
"251b_MSU_essay|Paragraph_1|Primary_Claim|454,570",Paragraph_1,"(454, 570)","In the world, money rules, but just because one has money does not necissarily mean that he is someone to look up to.",Primary_Claim,adequate,"Paragraph_1|Final_Claim|2304,2679","Paragraph_1|Primary_Claim|1678,1885; Paragraph_1|Primary_Claim|897,1120"
"251b_MSU_essay|Paragraph_1|Data|572,895",Paragraph_1,"(572, 895)","When you look at the tv, the stars all seem glamourous and we would all like to have the things that they have, but that may be because we don't see their problems and downfalls. True, no one is perfect but at the same time no one should be held or looked up to any higher than anyone else just because they have more money.",Data,adequate,"Paragraph_1|Primary_Claim|454,570",-
"251b_MSU_essay|Paragraph_1|Primary_Claim|897,1120",Paragraph_1,"(897, 1120)","I feel as though the only people that should be looked up to are the ones that set a great influence on the lives of people, or have sacrificed their lives for others That's when a person should be lifted up and recognized.",Primary_Claim,effective,"Paragraph_1|Final_Claim|2304,2679","Paragraph_1|Primary_Claim|1678,1885; Paragraph_1|Primary_Claim|454,570"
