﻿discourse_id,discourse_part,discourse_boundary,discourse_text,adjudicated_discourse_type,adjudicated_effectiveness,adjudicated_hierarchical,adjudicated_parallel
"252b_MSU_essay|Paragraph_1|Nonannotated|0,269",Paragraph_1,"(0, 269)","Nobody wants to be like anyone else. Every person searches for that one little achievement or idea that will put them in a category by themself. This is not always and easy task, because it is hard to be original when so many great things have already been accomplished.",Nonannotated,-,-,-
"252b_MSU_essay|Paragraph_1|Final_Claim|271,473",Paragraph_1,"(271, 473)","However, originality can still be found. Even though there have been many people before us that have done great works, it is still possible for a person to do something that is truly unique and original.",Final_Claim,adequate,-,-
"252b_MSU_essay|Paragraph_2|Data|0,569",Paragraph_2,"(0, 569)","Individuals often draw ideas from previous successful people to build on. When this is done then it is not original. However, if a person looked within him or herself for inspiration on their next work then it would be truly original It may resemble a previous work, but if the creator had no knowledge of it being done before then it should be accepted as original. Also, originality should not be based on what was previously done. Originality should be based on what inspired an individual's works, or what motivated a person to follow through with his or her ideas.",Data,adequate,"Paragraph_1|Final_Claim|271,473",-
"252b_MSU_essay|Paragraph_3|Concluding_Summary|0,236",Paragraph_3,"(0, 236)","It may be difficult to create a work or have an idea that seems totally new, but that should not mean that it is not original. Originality can still be found by taking a deep look inside and finding inspiration from what drives a person.",Concluding_Summary,effective,"Paragraph_1|Final_Claim|271,473",-
