﻿discourse_id,discourse_part,discourse_boundary,discourse_text,adjudicated_discourse_type,adjudicated_effectiveness,adjudicated_hierarchical,adjudicated_parallel
"253b_MSU_essay|Paragraph_1|Final_Claim|0,256",Paragraph_1,"(0, 256)","Heroes and celebrities have reached many goals throughout their lives. Heroes are not as admired by people as celebrities, but they help more people than celebrities. Heroes and some celebrities should be both admired, but heroes should be admired the most.",Final_Claim,effective,-,-
"253b_MSU_essay|Paragraph_2|Primary_Claim|0,52",Paragraph_2,"(0, 52)",Heroes and celebrities are different types of people.,Primary_Claim,effective,"Paragraph_1|Final_Claim|0,256","Paragraph_3|Primary_Claim|562,644"
"253b_MSU_essay|Paragraph_2|Data|54,375",Paragraph_2,"(54, 375)","Heroes helped those are in need and celebrities entertain the masses. Heroes can be an everyday person who can help anyone in need for example, a person helping another person from getting robbed. Heroes should be admired more than celebrities because they actually help people and stand as a good example of a role model.",Data,effective,"Paragraph_2|Primary_Claim|0,52",-
"253b_MSU_essay|Paragraph_3|Data|0,560",Paragraph_3,"(0, 560)","Some celebrities are admirable because of the struggle they went through to get to the spot they are in now. Majority of celebrities though are not good role models because of how they act and behave. Although many celebrities have tons of money, they might not spend one cent on an everyday person because they are too spoiled. Do not generalize all celebrities though. Some celebrities have given money to charities and and helped foreign children, for example, Anglie Jolie adopted a few children from different countries to help them grow in a healthy life.",Data,effective,"Paragraph_3|Primary_Claim|562,644",-
"253b_MSU_essay|Paragraph_3|Primary_Claim|562,644",Paragraph_3,"(562, 644)","Although most celebrities are not admirable, some are and can be considered heroes.",Primary_Claim,adequate,"Paragraph_1|Final_Claim|0,256","Paragraph_2|Primary_Claim|0,52"
"253b_MSU_essay|Paragraph_4|Concluding_Summary|0,282",Paragraph_4,"(0, 282)","Although heroes are mostly everyday people, some celebrities can be heroes too. Heroes are people who help other people in time of need and celebrities can do that too. Instead of the regular celebrities who do nothing to help people being admired, heroes should be admired the most.",Concluding_Summary,adequate,"Paragraph_1|Final_Claim|0,256",-
