﻿discourse_id,discourse_part,discourse_boundary,discourse_text,adjudicated_discourse_type,adjudicated_effectiveness,adjudicated_hierarchical,adjudicated_parallel
"254b_MSU_essay|Paragraph_1|Nonannotated|0,248",Paragraph_1,"(0, 248)","Originality is something that many people wish to acheive in some aspect of their life. From being the leader of a club to a small quote, it seems like someone has done that before. How can someone be completely original and not copy anyone's ideas?",Nonannotated,-,-,-
"254b_MSU_essay|Paragraph_1|Final_Claim|250,428",Paragraph_1,"(250, 428)","I believe it is hard to truely create or do something original but however, I do believe it is possible to be original in a sense of personality and activities one is involved in.",Final_Claim,adequate,-,-
"254b_MSU_essay|Paragraph_2|Primary_Claim|0,148",Paragraph_2,"(0, 148)","Many people have the same qualities of atleast one other person in the world. Although they have the same qualities, how they use them can be unique.",Primary_Claim,effective,"Paragraph_1|Final_Claim|250,428","Paragraph_3|Primary_Claim|0,112"
"254b_MSU_essay|Paragraph_2|Data|150,722",Paragraph_2,"(150, 722)","For example, my mom and I both are very passionate about our faith but we use that passion in two very different ways. On one hand, my mother uses her faith to lead a small Bible study and help people within the church on a small scale. I, on the other hand, choose to do mission work on the other side of the world and help people on a bigger scale. Both, my mom and I have passion for the Lord but use it in two different extremes. There are many qualities that make up one individual person but the way they use their qualities is what sets them apart from other people.",Data,effective,"Paragraph_2|Primary_Claim|0,148",-
"254b_MSU_essay|Paragraph_3|Primary_Claim|0,112",Paragraph_3,"(0, 112)","Along with the personality aspect of originality, there is the thought of developing an new organization or club.",Primary_Claim,adequate,"Paragraph_1|Final_Claim|250,428","Paragraph_2|Primary_Claim|0,148"
"254b_MSU_essay|Paragraph_3|Data|114,622",Paragraph_3,"(114, 622)","It seems like there is an organization for every belief or group of people. If someone has the idea to start a club in Starkville, Mississippi, odds are someone in another part of the country has already started a club with the same goal, idea, or even name. I think that if someone decides to start an organization, they can make it original by leading it in a different way. While the beliefs and ideas are the same, uniqueness comes from how well the person leads the organization and his or her followers.",Data,adequate,"Paragraph_3|Primary_Claim|0,112",-
"254b_MSU_essay|Paragraph_4|Concluding_Summary|0,329",Paragraph_4,"(0, 329)","In conclusion, uniqueness can not be acheived in every aspect of someone's life. True leaders and people who are unique are the ones who have passion and get involved with an organization. To be original means to leave the organization better than when you got there. I believe that quality is what can make someone truely unique.",Concluding_Summary,adequate,"Paragraph_1|Final_Claim|250,428",-
