﻿discourse_id,discourse_part,discourse_boundary,discourse_text,adjudicated_discourse_type,adjudicated_effectiveness,adjudicated_hierarchical,adjudicated_parallel
"255b_MSU_essay|Paragraph_1|Nonannotated|0,55",Paragraph_1,"(0, 55)",Many people today admire celebrities rather than heroes.,Nonannotated,-,-,-
"255b_MSU_essay|Paragraph_1|Final_Claim|57,185",Paragraph_1,"(57, 185)",I think that heroes should be admired. Why should celebrities be admired more? Most celebrities are bad role models for children.,Final_Claim,adequate,-,-
"255b_MSU_essay|Paragraph_2|Primary_Claim|0,129",Paragraph_2,"(0, 129)","Celebrities teach children so many different things like, being skinny is pretty. Although, some celebrities are not all that bad.",Primary_Claim,adequate,"Paragraph_1|Final_Claim|57,185","Paragraph_3|Primary_Claim|0,46"
"255b_MSU_essay|Paragraph_2|Data|131,263",Paragraph_2,"(131, 263)",Celebrities are just known for being famous. Heroes are know for doing good things. Heroes are not recognized as much as celebrities.,Data,adequate,"Paragraph_2|Primary_Claim|0,129",-
"255b_MSU_essay|Paragraph_3|Primary_Claim|0,46",Paragraph_3,"(0, 46)",Heroes are better role models than celebrities.,Primary_Claim,adequate,"Paragraph_1|Final_Claim|57,185","Paragraph_2|Primary_Claim|0,129"
"255b_MSU_essay|Paragraph_3|Data|48,350",Paragraph_3,"(48, 350)","They show how they can help someone or by overcoming something. Celebrities really don't show that. For example, while watching a celebrity on the television I always think; how can I look like them or be more like them? If I saw a hero i tend to think of how I can help out others or do something good.",Data,adequate,"Paragraph_3|Primary_Claim|0,46",-
"255b_MSU_essay|Paragraph_4|Concluding_Summary|0,100",Paragraph_4,"(0, 100)","I think that heroes need to be admired, so that people will do good things for themselves and others.",Concluding_Summary,adequate,"Paragraph_1|Final_Claim|57,185",-
