﻿discourse_id,discourse_part,discourse_boundary,discourse_text,adjudicated_discourse_type,adjudicated_effectiveness,adjudicated_hierarchical,adjudicated_parallel
"256b_MSU_essay|Paragraph_1|Nonannotated|0,414",Paragraph_1,"(0, 414)","Most people strive to be different in some way, whether in fashion, media, writing, or appearance. Originality is what sets people apart from others, it allows them to express themselves in ways that make them stand out. Being original can be both a good and bad thing, there are some that may not be excepting of one's uniqueness but it can also help someone get noticed and praised for their will to be different.",Nonannotated,-,-,-
"256b_MSU_essay|Paragraph_1|Final_Claim|416,502",Paragraph_1,"(416, 502)","Although being original may sometimes be challenging, it comes in many different forms.",Final_Claim,adequate,-,-
"256b_MSU_essay|Paragraph_2|Primary_Claim|0,46",Paragraph_2,"(0, 46)",Makin adjustments can be a form of originality.,Primary_Claim,adequate,"Paragraph_1|Final_Claim|416,502",-
"256b_MSU_essay|Paragraph_2|Data|48,368",Paragraph_2,"(48, 368)","Adding their own personal touch can be original. It is still something that is unique and it takes effort to come up with these creations. Many adjustments have been made in fashion, inventions, and many scientific theories for the sake of improvement. In order to make something better it takes skill and original ideas.",Data,adequate,"Paragraph_2|Primary_Claim|0,46",-
