﻿discourse_id,discourse_part,discourse_boundary,discourse_text,adjudicated_discourse_type,adjudicated_effectiveness,adjudicated_hierarchical,adjudicated_parallel
"257b_MSU_essay|Paragraph_1|Nonannotated|0,390",Paragraph_1,"(0, 390)","In today's world of mass communication due to technological advances, it is easier for people to become well-known to the public. There are many celebrities that few people don't know of, such as Michael Jordan, Michael Jackson, and Will Farrel. Their fame came from their skills, and millions of people admire these people. There are even those who consider these people to be their heroes.",Nonannotated,-,-,-
"257b_MSU_essay|Paragraph_1|Primary_Claim|1444,1727",Paragraph_1,"(1444, 1727)","There are some heroes who become famous for their heroics, and there are some celebrities who share their wealth to improve the lives of others. However, some celebrities, such as Paris Hilton, poison the innocence of children by having their own TV shows about their luxurious lives.",Primary_Claim,adequate,"Paragraph_1|Final_Claim|392,543","Paragraph_1|Primary_Claim|1892,1982; Paragraph_1|Primary_Claim|798,974"
"257b_MSU_essay|Paragraph_1|Data|1729,1890",Paragraph_1,"(1729, 1890)","Children become dissatisfied with the mediocre life and no longer strive to be a teacher, nurse, or author. They look up to these celebrities and want to be them.",Data,adequate,"Paragraph_1|Primary_Claim|1444,1727",-
"257b_MSU_essay|Paragraph_1|Primary_Claim|1892,1982",Paragraph_1,"(1892, 1982)",Not all celebrities spoil the innocence of children. But they should not be held as heroes.,Primary_Claim,adequate,"Paragraph_1|Final_Claim|392,543","Paragraph_1|Primary_Claim|1444,1727; Paragraph_1|Primary_Claim|798,974"
"257b_MSU_essay|Paragraph_1|Data|1984,2772",Paragraph_1,"(1984, 2772)","If the media would pay less attention to the many celebrity scandals and more to the positive actions of everyday Americans, the youth of our nation would have a more positive outlook on the future. Children should be encouraged to be the best they can be. But how can they when only the greatest make it rich and famous? What about those children who get picked last for kickball in PE class? They could still be heroes and improve the lives of others when they grow up. But today, it seems that only the fastest, smartest, and strongest make it big. There is more emphasis on making money than developing morals and keeping a positive mental attitude. On TV, all the actresses are skinny and wear expensive clothing. What about the poor, fat girls? Are they just supposed to give up? No.",Data,adequate,"Paragraph_1|Primary_Claim|1892,1982",-
"257b_MSU_essay|Paragraph_1|Final_Claim|392,543",Paragraph_1,"(392, 543)","However, these celebrities do not fit the definition of the word ""hero."" A hero is someone who puts their own goals aside to better the lives of others.",Final_Claim,adequate,-,-
"257b_MSU_essay|Paragraph_1|Data|545,796",Paragraph_1,"(545, 796)","There are many heroes that few people know of, such as the many firemen who dug through the ashes of the fallen Twin Towers after the terrorist attack on September 11, 2001. These heroes did not do this to gain fame, but to help others who needed them.",Data,adequate,"Paragraph_1|Primary_Claim|798,974","Paragraph_1|Data|976,1442"
"257b_MSU_essay|Paragraph_1|Primary_Claim|798,974",Paragraph_1,"(798, 974)","There are few celebrities who can call themselves heroes when compared to these unknown average Americans. Yet, children in America look up to those that they see on television.",Primary_Claim,adequate,"Paragraph_1|Final_Claim|392,543","Paragraph_1|Primary_Claim|1892,1982; Paragraph_1|Primary_Claim|1444,1727"
"257b_MSU_essay|Paragraph_1|Data|976,1442",Paragraph_1,"(976, 1442)","While children used to want to be firemen or police officers when they grow up, now children want to be football stars, actors, or music sensations. The hero for today's youth isn't someone who saves lives, but who gets rich playing games or singing. With the widespread popularity of the internet and television, children are becoming lazier. They no longer look in awe as a fireman saves someone from a burning building, but instead envy the rich celebrities on TV.",Data,adequate,"Paragraph_1|Primary_Claim|798,974","Paragraph_1|Data|545,796"
