﻿discourse_id,discourse_part,discourse_boundary,discourse_text,adjudicated_discourse_type,adjudicated_effectiveness,adjudicated_hierarchical,adjudicated_parallel
"258b_MSU_essay|Paragraph_1|Nonannotated|0,33",Paragraph_1,"(0, 33)",Can people ever be truly original?,Nonannotated,-,-,-
"258b_MSU_essay|Paragraph_1|Final_Claim|35,429",Paragraph_1,"(35, 429)",I do not believe that people can ever truly be original. No matter where we turn in this world there is always a duplication of everything and everyone. Some reasons why people can never truly be original are because no one knows what originality truly is and because it seems that every new idea created has already been used and no one is creating new ideas because they simply do not want to.,Final_Claim,effective,-,-
"258b_MSU_essay|Paragraph_2|Primary_Claim|0,264",Paragraph_2,"(0, 264)",What does it mean to be truly original? The question of true originality is almost a trick question. It is like asking the question what does it mean to be normal. No one knows what it means to be normal because who is the judge of normality as well as originality.,Primary_Claim,effective,"Paragraph_1|Final_Claim|35,429","Paragraph_3|Primary_Claim|0,131; Paragraph_3|Primary_Claim|420,504"
"258b_MSU_essay|Paragraph_2|Data|266,594",Paragraph_2,"(266, 594)","Who decides what it means to be original, the President, our preachers, or our teachers? No one can be the judge, only we can judge originality because we all have different opinions of originality. I cannot judge for everyone what originality is because I do not think the same as my best friend and my professor and vice versa.",Data,effective,"Paragraph_2|Primary_Claim|0,264",-
"258b_MSU_essay|Paragraph_3|Primary_Claim|0,131",Paragraph_3,"(0, 131)",When people come up with new original ideas it seems that somewhere out in the world that idea has already been thought of and used.,Primary_Claim,adequate,"Paragraph_1|Final_Claim|35,429","Paragraph_2|Primary_Claim|0,264; Paragraph_3|Primary_Claim|420,504"
"258b_MSU_essay|Paragraph_3|Data|133,418",Paragraph_3,"(133, 418)",So therefore it seems that all original and new ideas have been used. No one has anything new and original anymore. Is it possible to have no more new original ideas and personalities anywhere in the world? In my opinion it seems that no one in this world has anything original anymore.,Data,adequate,"Paragraph_3|Primary_Claim|0,131",-
"258b_MSU_essay|Paragraph_3|Primary_Claim|420,504",Paragraph_3,"(420, 504)",Everything has already been used because people are too lazy to think for themselves.,Primary_Claim,adequate,"Paragraph_1|Final_Claim|35,429","Paragraph_2|Primary_Claim|0,264; Paragraph_3|Primary_Claim|0,131"
"258b_MSU_essay|Paragraph_3|Data|506,988",Paragraph_3,"(506, 988)","For instance when writing papers, plagirisim is everywhere because no one wants to think for themselves. Our college students are young and fresh however very few young people want to think for themselves, that is why plagirism is such a problem across college campuses worldwide. No one wants to take the time to sit down and create original ideas because why create new ideas when there are old ideas out there that are perfectly fine. Everything is an imitation of something else.",Data,adequate,"Paragraph_3|Primary_Claim|420,504",-
"258b_MSU_essay|Paragraph_4|Concluding_Summary|0,504",Paragraph_4,"(0, 504)",I do not think that anyone can truly be original because no one knows what true originality is and because no one wants to create original ideas and thoughts because people have become lazy. True originality means people thinking for themselves and creating new ideas that have never been used before. However who knows what has and has not been used in this world. True originality is something that has to come from inside us as individuals and only we can truly judge what true originality means to us.,Concluding_Summary,effective,"Paragraph_1|Final_Claim|35,429",-
