﻿discourse_id,discourse_part,discourse_boundary,discourse_text,adjudicated_discourse_type,adjudicated_effectiveness,adjudicated_hierarchical,adjudicated_parallel
"260b_MSU_essay|Paragraph_1|Nonannotated|0,525",Paragraph_1,"(0, 525)","Before we started our research papers, my 12th grade English teacher gave us a reality check. She said ""You will essentially be reading articles and forming ideas from them. None of your work will be 'original' because you will have gotten the idea from someone else. No matter how hard you try to make it 100% your own, you cannot because EVERYTHING you know is something that someone else told you."" While my first instinct is to agree with what my teacher said, I find myself doubting it as a dive deeper in to the thought.",Nonannotated,-,-,-
"260b_MSU_essay|Paragraph_1|Final_Claim|527,595",Paragraph_1,"(527, 595)",We are original because of how we put everyone elses ideas together.,Final_Claim,effective,-,-
"260b_MSU_essay|Paragraph_2|Data|0,369",Paragraph_2,"(0, 369)","J.K. Rowling is the author of the Harry Potter series. I have read many books and have not come across one that is exactly the same as hers. True, she probably did get some of her ideas from other people, whether it is major plot or just someones name. However, it is the way that she combined the ideas that first belonged to others that make her books such a success.",Data,effective,"Paragraph_1|Final_Claim|527,595","Paragraph_3|Data|0,513; Paragraph_4|Data|0,471"
"260b_MSU_essay|Paragraph_3|Data|0,513",Paragraph_3,"(0, 513)","One of my biggest problems with Taylor Swift is that her music all sounds the same. It is just the same music with different lyrics; sometimes it is faster, sometimes it is slower. She just never seems to have anything original. Then again, her lyrics are very expressive. I honestly believe that she felt the emotions portrayed through her songs. Even if she is ""not the only one that feels the way she does,""(quoting one of her songs) she does an amazing job of putting into words the way that other people feel.",Data,adequate,"Paragraph_1|Final_Claim|527,595","Paragraph_2|Data|0,369; Paragraph_4|Data|0,471"
"260b_MSU_essay|Paragraph_4|Data|0,471",Paragraph_4,"(0, 471)","I cannot even begin to count the number of movies that have recently come out about the end of the world. There are so many of them. Watching the previews, we think ""Oh, this is just like that other doomsday movie,"" but The Day After Tomorrow is the most original I have seen. It depicts the end of the world more realistically than I care to think about. The movie does take some aspects from movies that I have seen before, but it creates a lot of new ideas and effects.",Data,adequate,"Paragraph_1|Final_Claim|527,595","Paragraph_2|Data|0,369; Paragraph_3|Data|0,513"
"260b_MSU_essay|Paragraph_5|Concluding_Summary|0,226",Paragraph_5,"(0, 226)","What is original? Some say that it is your own pure, untainted, unbiased opinions. However, I believe that it is the unique way we combine the ideas that we have been taught by others, and the things we create with those ideas.",Concluding_Summary,effective,"Paragraph_1|Final_Claim|527,595",-
