﻿discourse_id,discourse_part,discourse_boundary,discourse_text,adjudicated_discourse_type,adjudicated_effectiveness,adjudicated_hierarchical,adjudicated_parallel
"261b_MSU_essay|Paragraph_1|Nonannotated|0,655",Paragraph_1,"(0, 655)","The definition of a hero is someone who overcomes insurmountable odds to become the victor. When a hero comes to mind, I think of people who have sacrificed, dedicated, and experienced life changing events only to become stronger more knowledgeable people in the end. People who volunteer their time to improve the life of someone else or aid in the gratification of another are my type of hero and role model. Names such as, Martin Luther King Jr., who led the Civil Rights Movement, Theodore Roosevelt, who changed the American way of life, and recently the pilot who rescued hundreds of passengers on a plummeting aircraft, are all heroes in my opinion.",Nonannotated,-,-,-
"261b_MSU_essay|Paragraph_1|Primary_Claim|1129,1236",Paragraph_1,"(1129, 1236)",I do not believe people have a choice to look up to any body else because this is all they are able to view.,Primary_Claim,adequate,"Paragraph_1|Final_Claim|1333,1508","Paragraph_1|Primary_Claim|657,742"
"261b_MSU_essay|Paragraph_1|Data|1238,1331",Paragraph_1,"(1238, 1331)",These news stories and events are the only thing people have to relate with the outside world.,Data,adequate,"Paragraph_1|Primary_Claim|1129,1236",-
"261b_MSU_essay|Paragraph_1|Final_Claim|1333,1508",Paragraph_1,"(1333, 1508)","Those who should be commended such as community service workers, rescuers, or anyone that does a good deed is over shadowed by false, impostor heroes also known as celebrities.",Final_Claim,adequate,-,-
"261b_MSU_essay|Paragraph_1|Primary_Claim|657,742",Paragraph_1,"(657, 742)","In today's society, views of heroes have demolished the true meanings of a role model.",Primary_Claim,adequate,"Paragraph_1|Final_Claim|1333,1508","Paragraph_1|Primary_Claim|1129,1236"
"261b_MSU_essay|Paragraph_1|Data|744,1127",Paragraph_1,"(744, 1127)","Modern day artist, actors, and even reality TV stars are hailed due to their reckless antics and lavish spending. This misconception of heroes can be blamed on the media, which uses most of their coverage time discussing widely anticipated divorces, such as Tiger Woods or Tom Cruise, deaths, like Michael Jackson or Anna Nicole Smith, or even jail time, including T. I and Lil Wayne.",Data,adequate,"Paragraph_1|Primary_Claim|657,742",-
