﻿discourse_id,discourse_part,discourse_boundary,discourse_text,adjudicated_discourse_type,adjudicated_effectiveness,adjudicated_hierarchical,adjudicated_parallel
"262b_MSU_essay|Paragraph_1|Nonannotated|0,186",Paragraph_1,"(0, 186)","Originality is still exsistent. Society tells us that there can be no more original pieces of work because everything has been done. However, society also says history will repeat itself.",Nonannotated,-,-,-
"262b_MSU_essay|Paragraph_1|Final_Claim|188,338",Paragraph_1,"(188, 338)","If that is the case then orininality is very possible. Proof of originality can be shown in choreographing a dance, art work, and the fashion industry.",Final_Claim,effective,-,-
"262b_MSU_essay|Paragraph_2|Data|0,234",Paragraph_2,"(0, 234)","Dance is known in the art field as a way to express an inner emotion. The art of choreographing a dance takes much time and effort. One perfect 8 count, also known for taking up 8 beats, can take however long is needed until perfected.",Data,effective,"Paragraph_2|Primary_Claim|236,397",-
"262b_MSU_essay|Paragraph_2|Primary_Claim|236,397",Paragraph_2,"(236, 397)",Choreography is orinal in that it is one of a kind. There will never be two dances just alike because choreographers dance and express their emotions differently.,Primary_Claim,effective,"Paragraph_1|Final_Claim|188,338","Paragraph_3|Primary_Claim|405,466; Paragraph_4|Primary_Claim|0,43"
"262b_MSU_essay|Paragraph_3|Data|0,403",Paragraph_3,"(0, 403)",Artist use art work to show originality and bring a new sense of artistry into the world. Each art work has it's own meaning and symbolism to the artist who painted it. Picasso painted with such strategic line and all of his art work was defined. He seperated himself from animae artist today whose lines are quick and rough. Animae artist create their own characters which is also a form of originality.,Data,effective,"Paragraph_3|Primary_Claim|405,466",-
"262b_MSU_essay|Paragraph_3|Primary_Claim|405,466",Paragraph_3,"(405, 466)",Art is proof that originality still exists in the world today.,Primary_Claim,effective,"Paragraph_1|Final_Claim|188,338","Paragraph_2|Primary_Claim|236,397; Paragraph_4|Primary_Claim|0,43"
"262b_MSU_essay|Paragraph_4|Primary_Claim|0,43",Paragraph_4,"(0, 43)",The fashion industry shows much originality.,Primary_Claim,effective,"Paragraph_1|Final_Claim|188,338","Paragraph_2|Primary_Claim|236,397; Paragraph_3|Primary_Claim|405,466"
"262b_MSU_essay|Paragraph_4|Data|45,531",Paragraph_4,"(45, 531)",Each year at Bryan Park in New York designers show their new collection of clothing in hopes to inspire the next trend for the world. Styles change each year like in the 90's high rise Calvin Klein Jeans and large fitted sweaters were in. Today styles have changed to the classic bubble dress and low rise jeans. Even hair styles have changed. Hair has gone from the over poofed bangs to slick and chic. Fashion changes each decade due to the creativity and the originality of designers.,Data,effective,"Paragraph_4|Primary_Claim|0,43",-
"262b_MSU_essay|Paragraph_5|Concluding_Summary|0,484",Paragraph_5,"(0, 484)","Summing it up, originality is very existant. People are creating new ideas everyday. Originality is not about being as good as the past, but to set your own path and to create a new original. Today, there is much proof of originality and can be shown in many different areas. Proof of originality can be shown in choreographing a dance, art work, and the fashion industry. History does repeat itself in that ideas are always created, and orginality is very and always will be existant.",Concluding_Summary,effective,"Paragraph_1|Final_Claim|188,338",-
