﻿discourse_id,discourse_part,discourse_boundary,discourse_text,adjudicated_discourse_type,adjudicated_effectiveness,adjudicated_hierarchical,adjudicated_parallel
"271b_MSU_essay|Paragraph_1|Nonannotated|0,300",Paragraph_1,"(0, 300)","Sometimes celebrities are heroes in some peoples minds. Although one can be a hero and not a celebrity and vise versa. Some of the most unfamous people can be a hero in some other persons mind. On the other hand, some celebrity can not be a hero at all. So should we admire heroes but not celebrities?",Nonannotated,-,-,-
"271b_MSU_essay|Paragraph_1|Primary_Claim|1048,1192",Paragraph_1,"(1048, 1192)","I think even celebrites who make a few mistakes can still be heros because they to have done some good, even though they may have made a mistake.",Primary_Claim,effective,"Paragraph_1|Final_Claim|302,580","Paragraph_1|Primary_Claim|582,634; Paragraph_1|Primary_Claim|789,827"
"271b_MSU_essay|Paragraph_1|Data|1194,1316",Paragraph_1,"(1194, 1316)","They can inspire kids that they to can follow and abtain their dreams and goals, but just don't make the mistakes they did.",Data,adequate,"Paragraph_1|Primary_Claim|1048,1192",-
"271b_MSU_essay|Paragraph_1|Concluding_Summary|1318,1528",Paragraph_1,"(1318, 1528)","So the statement, we see no difference between celebrites and heroes is true. Many times there are no difference, but thier are a lot more heroes out there that are not celebrites, and they too should be admired",Concluding_Summary,adequate,"Paragraph_1|Final_Claim|302,580",-
"271b_MSU_essay|Paragraph_1|Final_Claim|302,580",Paragraph_1,"(302, 580)","I think we should admire both. A hero is someone who is special, amazing, and someone who has done a lot of good in the world. A celebrity is someone who is in the public eye, famous, and can be good or bad. Because a hero can be a celebrity, I think they both should be admired.",Final_Claim,effective,-,-
"271b_MSU_essay|Paragraph_1|Primary_Claim|582,634",Paragraph_1,"(582, 634)",Many celebrities are making the world a better place.,Primary_Claim,adequate,"Paragraph_1|Final_Claim|302,580","Paragraph_1|Primary_Claim|1048,1192; Paragraph_1|Primary_Claim|789,827"
"271b_MSU_essay|Paragraph_1|Data|636,787",Paragraph_1,"(636, 787)","They are donating generous amounts of money to charites, changing peoples lives, and doing a lot of good. And those are a few characteristics of a hero.",Data,adequate,"Paragraph_1|Primary_Claim|582,634",-
"271b_MSU_essay|Paragraph_1|Primary_Claim|789,827",Paragraph_1,"(789, 827)",Even your everyday people can be heros.,Primary_Claim,adequate,"Paragraph_1|Final_Claim|302,580","Paragraph_1|Primary_Claim|1048,1192; Paragraph_1|Primary_Claim|582,634"
"271b_MSU_essay|Paragraph_1|Data|829,1046",Paragraph_1,"(829, 1046)",There are many infamous people out there who are doing the most good in there communities. And those are the people that kids should consider being their role models as well as celebrites who are doing positive things.,Data,adequate,"Paragraph_1|Primary_Claim|789,827",-
