﻿discourse_id,discourse_part,discourse_boundary,discourse_text,adjudicated_discourse_type,adjudicated_effectiveness,adjudicated_hierarchical,adjudicated_parallel
"272b_MSU_essay|Paragraph_1|Nonannotated|0,298",Paragraph_1,"(0, 298)","It is often said that imitation is the greatest form of flattery. People will always look up to others in their field and attempt to recreate what they have already done. This copycat type of living has been the basis of society today. Some people, however, will strive for uniqueness in their work.",Nonannotated,-,-,-
"272b_MSU_essay|Paragraph_1|Final_Claim|300,370",Paragraph_1,"(300, 370)","No matter what some may think, true originality can always be achieved.",Final_Claim,adequate,-,-
"272b_MSU_essay|Paragraph_2|Data|0,733",Paragraph_2,"(0, 733)","In order to be completely and truly original, it takes hard work, discipline, and above all, a mind that transcends time. Whether it be in writing, science, or art, absolute originality will never escape. Literature that stands the test of time is considered original. Writers keep on changing, so books will keep on changing. All the scientists in the world will never uncover every mystery of the entire universe, so how could the newest discoveries that they make not be original. Music has evolved from Medieval times, to jazz, to disco, and so forth. If true originality was unachievable, there would be no meaning left in life. Even if very few ever achieve it, all people should strive for their own form of uniqueness in life.",Data,effective,"Paragraph_1|Final_Claim|300,370",-
"272b_MSU_essay|Paragraph_3|Concluding_Summary|0,275",Paragraph_3,"(0, 275)","Absolute originality is not at all easily obtained, but is obtainable. The world of imitation that we live in today has led some to believe that originality is dead, however, it is still very much alive. People will always discover and inspire uniqueness, the key is patience.",Concluding_Summary,adequate,"Paragraph_1|Final_Claim|300,370",-
