﻿discourse_id,discourse_part,discourse_boundary,discourse_text,adjudicated_discourse_type,adjudicated_effectiveness,adjudicated_hierarchical,adjudicated_parallel
"273b_MSU_essay|Paragraph_1|Nonannotated|0,458",Paragraph_1,"(0, 458)","My mother always told me, ""Nothing under the sun is new."" I think what she meant was that everything in the universe simply repeats itself. However, she failed to realize that things can never be inmitated in the exact same way. For example, the days of the week repeat themselves, but no two mondays are alike. So even though artists, writers, and musicians all look toward old material, they will each have a uniquely different perspective on that material.",Nonannotated,-,-,-
"273b_MSU_essay|Paragraph_1|Final_Claim|460,545",Paragraph_1,"(460, 545)","That is what defines originality, taking new approaches to what has already been done.",Final_Claim,adequate,-,-
"273b_MSU_essay|Paragraph_2|Primary_Claim|0,66",Paragraph_2,"(0, 66)",Another way that originality comes into being is through rebellion.,Primary_Claim,adequate,"Paragraph_1|Final_Claim|460,545","Paragraph_3|Primary_Claim|0,54"
"273b_MSU_essay|Paragraph_2|Data|68,369",Paragraph_2,"(68, 369)","The 60s is a unique period known as a time of free thinking. However, I don't think anyone sat and thought of brand new living environments and diets. They simply looked at older generations and did everything opposite. So, even their originality was a response to something that had already been done.",Data,adequate,"Paragraph_2|Primary_Claim|0,66",-
"273b_MSU_essay|Paragraph_3|Primary_Claim|0,54",Paragraph_3,"(0, 54)",Another example of originality in inmitation is sports.,Primary_Claim,adequate,"Paragraph_1|Final_Claim|460,545","Paragraph_2|Primary_Claim|0,66"
"273b_MSU_essay|Paragraph_3|Data|56,327",Paragraph_3,"(56, 327)","Michael Jordan is considered to be one of the greatest athletes of our time, however he did not invent ""the dunk."" He perfected it by adding his own flair and imagination. And by definiton, he is still truly original because he made something brand new from something old.",Data,adequate,"Paragraph_3|Primary_Claim|0,54",-
"273b_MSU_essay|Paragraph_4|Concluding_Summary|0,146",Paragraph_4,"(0, 146)","In short, nearly all of our ideas and actions are copied to a certain extent. However, no two people are alike, and that makes everthing different.",Concluding_Summary,adequate,"Paragraph_1|Final_Claim|460,545",-
