﻿discourse_id,discourse_part,discourse_boundary,discourse_text,adjudicated_discourse_type,adjudicated_effectiveness,adjudicated_hierarchical,adjudicated_parallel
"274b_MSU_essay|Paragraph_1|Nonannotated|0,63",Paragraph_1,"(0, 63)",It is common for people to misrepresent a hero with a celebrity.,Nonannotated,-,-,-
"274b_MSU_essay|Paragraph_1|Final_Claim|65,332",Paragraph_1,"(65, 332)","Celebrities can become famous through their movie roles or music careers, and can simply be born into fame. This is not to say that celebrities cannot be heroes. Heroes on the other hand have to earn their fame through hard work, courageous efforts, and selfless acts.",Final_Claim,adequate,-,-
"274b_MSU_essay|Paragraph_2|Primary_Claim|0,94",Paragraph_2,"(0, 94)","When you think of a hard working person, the first people to come to mind would be our parents.",Primary_Claim,adequate,"Paragraph_1|Final_Claim|65,332","Paragraph_3|Primary_Claim|0,92; Paragraph_4|Primary_Claim|0,82"
"274b_MSU_essay|Paragraph_2|Data|96,358",Paragraph_2,"(96, 358)","They work the hardest and do their best to provide for you and help you have a better life than they had. Having good parents could possibly be the best role model for children growing up. Unfortunately, some people do not have parents that are ideal role models.",Data,adequate,"Paragraph_2|Primary_Claim|0,94",-
"274b_MSU_essay|Paragraph_3|Primary_Claim|0,92",Paragraph_3,"(0, 92)","Probably the most courageous people you can find in any town, big or small, are firefighters.",Primary_Claim,adequate,"Paragraph_1|Final_Claim|65,332","Paragraph_2|Primary_Claim|0,94; Paragraph_4|Primary_Claim|0,82"
"274b_MSU_essay|Paragraph_3|Data|94,402",Paragraph_3,"(94, 402)","Whether it's saving a kitten from a tree, going into a burning building to save the life of someone trapped, or dealing with national disasters such as September eleventh, firefighters show us first hand what it means to be a hero and give many people role models so that they can be as brave as them one day.",Data,effective,"Paragraph_3|Primary_Claim|0,92",-
"274b_MSU_essay|Paragraph_4|Primary_Claim|0,82",Paragraph_4,"(0, 82)",Because someone is famous does not necessarily mean they are not a good role model.,Primary_Claim,effective,"Paragraph_1|Final_Claim|65,332","Paragraph_2|Primary_Claim|0,94; Paragraph_3|Primary_Claim|0,92"
"274b_MSU_essay|Paragraph_4|Data|84,389",Paragraph_4,"(84, 389)",Many of us have seen the television commercials with celebrities trying to gain support for a cure for a disease or to help the poor and starving. It is when celebrities show these selfless acts of charity that they become a true hero. I believe we all should make these celebrities one of our role models.,Data,adequate,"Paragraph_4|Primary_Claim|0,82",-
"274b_MSU_essay|Paragraph_5|Concluding_Summary|0,275",Paragraph_5,"(0, 275)","It is through hard work, courageous efforts, and selfless acts that make a person a true hero. Just because someone is a celebrity, does not mean that they cannot be a role model. In the same sense, just because they are famous, does not mean that they should be a role model.",Concluding_Summary,effective,"Paragraph_1|Final_Claim|65,332",-
"274b_MSU_essay|Paragraph_5|Nonannotated|277,416",Paragraph_5,"(277, 416)",Misrepresenting everyday heroes like parents and firefighters as role models with the rich and famous is sadly to common in our world today.,Nonannotated,-,-,-
