﻿discourse_id,discourse_part,discourse_boundary,discourse_text,adjudicated_discourse_type,adjudicated_effectiveness,adjudicated_hierarchical,adjudicated_parallel
"275b_MSU_essay|Paragraph_1|Final_Claim|0,333",Paragraph_1,"(0, 333)","Celebrities and hero both have a following of fans. Celebrities obtain stardom by acting, sing, playing a sport, being rich, or etc. Heros become known by their deeds and actions. We admire both of them for what they do, whether or not they deserve it. Heroes deserve our admiration because they are the ones making a real difference.",Final_Claim,effective,-,-
"275b_MSU_essay|Paragraph_2|Primary_Claim|0,72",Paragraph_2,"(0, 72)",Celebrities are bascially people that are well known by a large audience.,Primary_Claim,adequate,"Paragraph_1|Final_Claim|0,333","Paragraph_3|Primary_Claim|0,304"
"275b_MSU_essay|Paragraph_2|Data|74,868",Paragraph_2,"(74, 868)","They can be as big as national celebrities or local celebrities, but the word celebritiy has lost its meaning. Now a days you can be a celebrity for anything. There are so many reality shows that anybody with half a brain could obtain stardom in a few minutes. In fact, Hedie and Spencer Pratt (Members of the Hills television show) became famous for being famous. Celebrities get peoples attention and sometimes we place them on a peddlestool. We put them in these high places and almost imitate our lives after them. Its ok to do this, but celebrities can let you down because they will make mistakes. Tiger Woods will never be looked at in the same light again. Every person that picked up a golf club would pretend to be him and do his fist pump but now no one will even buy his sports gear.",Data,effective,"Paragraph_2|Primary_Claim|0,72",-
"275b_MSU_essay|Paragraph_3|Primary_Claim|0,304",Paragraph_3,"(0, 304)","Heroes are hard to explain. How does someone become a hero and not a celebrity. A hero in the movies is this superhuman who saves lives and fights for the greater good, but in real life what is a hero. Heroes in real life are the same as they are in the movies minus the super strenght and ability to fly.",Primary_Claim,adequate,"Paragraph_1|Final_Claim|0,333","Paragraph_2|Primary_Claim|0,72"
"275b_MSU_essay|Paragraph_3|Data|306,569",Paragraph_3,"(306, 569)",Heroes are people who fight for the less fortunate and put others need before themselves. A hero is different in alot of peoples eyes. Mother Tearsa is a hero to some people because of her generous attitude and good deeds. While others see Jackie Robinsons as one.,Data,adequate,"Paragraph_3|Primary_Claim|0,304",-
"275b_MSU_essay|Paragraph_4|Concluding_Summary|0,287",Paragraph_4,"(0, 287)","Heroe and celebrity go hand and hand, but the main difference is how their stardom was obtained and what they do with it. Celebrities and heroes both have a following but celebrities followers may only admire them for their good looks while a heroes followers admire them for their deeds.",Concluding_Summary,adequate,"Paragraph_1|Final_Claim|0,333",-
