﻿discourse_id,discourse_part,discourse_boundary,discourse_text,adjudicated_discourse_type,adjudicated_effectiveness,adjudicated_hierarchical,adjudicated_parallel
"276b_MSU_essay|Paragraph_1|Nonannotated|0,83",Paragraph_1,"(0, 83)","""A hero does not need to speak, for when he is gone, the people will speak for him.""",Nonannotated,-,-,-
"276b_MSU_essay|Paragraph_1|Final_Claim|85,623",Paragraph_1,"(85, 623)","A hero is someone that does not need money, fame, or power to live. And when the hero does great things they do not seek recognition for their actions since the satisfaction of being righteous is all the reward they need. Celebrities feed off of money, fame and power. They become corrupt with drugs, booze, and power and the people that looked up to the celebrities are heart broken. Celebrities live in their own little world and care very little for anything that exist outside of their world. Heroes should be idolized not celebrities.",Final_Claim,adequate,-,-
"276b_MSU_essay|Paragraph_2|Data|0,678",Paragraph_2,"(0, 678)","Fire fighters and police officers spend their whole lives just help and serving civilians they do not need recognition since they know what they do is right. Actors and actresses make movies and look pretty why anyone would idolize self centered, pompous rich people is a sad notion. Celebrities wouldn't help out their fellow celebrities let alone just average people that look up to them. When a person sees a celebrity its not the person they see, its the, women, cars, money, houses, and power the person has. So it seems logical to say that a celebrity is not idolized only their harem is. How lonely it must be to become a celebrity and have no one actually care about you.",Data,adequate,"Paragraph_1|Final_Claim|85,623","Paragraph_3|Data|0,246"
"276b_MSU_essay|Paragraph_3|Data|0,246",Paragraph_3,"(0, 246)","But as a hero you become a story or legend when you saved a cat from a tree, or stopped a drug ring, or saved a child from a burning building. It truly means to be legendary when you are remembered in the people's hearts and not in their wallet's.",Data,adequate,"Paragraph_1|Final_Claim|85,623","Paragraph_2|Data|0,678"
