﻿discourse_id,discourse_part,discourse_boundary,discourse_text,adjudicated_discourse_type,adjudicated_effectiveness,adjudicated_hierarchical,adjudicated_parallel
"277b_MSU_essay|Paragraph_1|Nonannotated|0,357",Paragraph_1,"(0, 357)","When looking at movies, music, and books it is true that no one can ever been truly original. Many people today try to come up with new ideas and new ways of creating things, but in the back of their minds there is memory of something someone else has already created. This memory sticks with the creator and influences his idea for his so called ""new idea.""",Nonannotated,-,-,-
"277b_MSU_essay|Paragraph_1|Final_Claim|359,464",Paragraph_1,"(359, 464)","Movies, music, and books are three ways in which writers are greatly influenced into never being original.",Final_Claim,effective,-,-
"277b_MSU_essay|Paragraph_2|Primary_Claim|0,145",Paragraph_2,"(0, 145)","When writers think about what they want their movie to represent, say, or include, their minds re-trace previous movies that they might have seen.",Primary_Claim,effective,"Paragraph_1|Final_Claim|359,464","Paragraph_3|Primary_Claim|0,84; Paragraph_4|Primary_Claim|0,67"
"277b_MSU_essay|Paragraph_2|Data|147,552",Paragraph_2,"(147, 552)","By re-tracing previous movies, they can easily pick up certain ideas to put into their own movie, and this would be considered ""not original."" In order to be original in our society, writers must come up with ideas that no one else has ever thought of and create a movie that is spectacular. Some writers may be able to do this in some ways, but they are never able to create a movie that is comletely new.",Data,effective,"Paragraph_2|Primary_Claim|0,145",-
"277b_MSU_essay|Paragraph_3|Primary_Claim|0,84",Paragraph_3,"(0, 84)",Another area that is very difficult to claim as original would be the music industry.,Primary_Claim,adequate,"Paragraph_1|Final_Claim|359,464","Paragraph_2|Primary_Claim|0,145; Paragraph_4|Primary_Claim|0,67"
"277b_MSU_essay|Paragraph_3|Data|86,637",Paragraph_3,"(86, 637)","Many songwriters must have a hard time figuring out what they should write because there are numerous songs in our world that tell all sorts of stories. In order to be original in this business, they must come up with a song that is so spectacular that someone around the world has never heard of another song like it. With the huge amount of songs in our world today, this is an impossible job. Each day it gets harder to come up with an original song because the mass amount of songs already written interfere with the writer's version of a new idea.",Data,adequate,"Paragraph_3|Primary_Claim|0,84",-
"277b_MSU_essay|Paragraph_4|Primary_Claim|0,67",Paragraph_4,"(0, 67)",The final area that is difficult to be original is in writing books.,Primary_Claim,adequate,"Paragraph_1|Final_Claim|359,464","Paragraph_2|Primary_Claim|0,145; Paragraph_3|Primary_Claim|0,84"
"277b_MSU_essay|Paragraph_4|Data|69,447",Paragraph_4,"(69, 447)","Authors must come up with new ways to write and new ways to get points across to their readers. This is a very difficult job because our culture is comfortable with certain patterns of writing. An author has a hard time trying to be original because he has probably read tons of books, and his mind may drift to a certain theme or subject that another author has already written.",Data,adequate,"Paragraph_4|Primary_Claim|0,67",-
"277b_MSU_essay|Paragraph_5|Concluding_Summary|0,53",Paragraph_5,"(0, 53)",It is very difficult for someone to be truly original.,Concluding_Summary,adequate,"Paragraph_1|Final_Claim|359,464",-
