﻿discourse_id,discourse_part,discourse_boundary,discourse_text,adjudicated_discourse_type,adjudicated_effectiveness,adjudicated_hierarchical,adjudicated_parallel
"278b_MSU_essay|Paragraph_1|Nonannotated|0,794",Paragraph_1,"(0, 794)","While many children look up to celebrities as heroes, not all celebrities are heroes. Many celebrities become popular and can not deal with the stress of being a celebrity and begin to abuse drugs or alcohol. Celebrities such as these are then a bad influence on the citizens who look up to them. Heroes do not have to be celebrities at all, heroes can be an average next door neighbor who is an overall good citizen. By using the definition of a hero as one who is a celebrity, people get the wrong idea of what a hero really is. One does not have to worship a celebrity as a hero just because someone is a celebrity. Throughout history many great leaders have been named heroes and deserve their titles, whereas some celebrities are heroes that are irresponsible and poor influences on people.",Nonannotated,-,-,-
"278b_MSU_essay|Paragraph_2|Primary_Claim|0,153",Paragraph_2,"(0, 153)","In my definition of a hero, one does not have to be Godly or a saint, a hero just has to be a good person and set exemplary examples for others to follow.",Primary_Claim,effective,"Paragraph_4|Final_Claim|326,536","Paragraph_3|Primary_Claim|0,186"
"278b_MSU_essay|Paragraph_2|Data|155,586",Paragraph_2,"(155, 586)","In history, Martin Luther King Jr. became a hero when he stood up for what he believed in, no matter the price he payed. He set good examples for people to follow and established a group of followers who looked up to and supported him. Martin Luther King Jr. became a hero to many. This is an example of a hero who became a celebrity because of his actions, not because of who he was related to, or what he had filmed on television.",Data,effective,"Paragraph_2|Primary_Claim|0,153","Paragraph_2|Data|588,1040"
"278b_MSU_essay|Paragraph_2|Data|588,1040",Paragraph_2,"(588, 1040)","Another hero, Michael Jordan, was a poor African American child who became famous because of his basketball skills. Michael Jordan became famous because of the hard work he displayed on and off the basketball court. Michael showed that hard work and discipline can pay off in the end. It is my belief that both Martin Luther King Jr. and Michael Jordan attained hero status because of their actions and beliefs and not because of their celebrity status.",Data,effective,"Paragraph_2|Primary_Claim|0,153","Paragraph_2|Data|155,586"
"278b_MSU_essay|Paragraph_3|Primary_Claim|0,186",Paragraph_3,"(0, 186)","Although some celebrities are bad influences and use their money for drugs or alcohol, some celebrities realize the blessing they have been given and donate their lives to helping others.",Primary_Claim,adequate,"Paragraph_4|Final_Claim|326,536","Paragraph_2|Primary_Claim|0,153"
"278b_MSU_essay|Paragraph_3|Data|188,937",Paragraph_3,"(188, 937)","Celebrities such as Opera and Bono give their lives and money to help others. These celebrities became famous for other reasons like music or television but understood the need to help others. Bono, a musical superstar in the band U2, donates over a million dollars every year to help children in Africa who need schooling, food, water and shelter. He also does concerts with his band and all proceeds go to the same causes. Like Bono, Opera also gives back to the community. Opera recently built a school in Africa for women so that they would have the same opportunities as the men in Africa. Both Opera and Bono give back to the community because they believe that it is righteous. These celebrities are the heroes that children should look up to.",Data,effective,"Paragraph_3|Primary_Claim|0,186",-
"278b_MSU_essay|Paragraph_4|Nonannotated|0,324",Paragraph_4,"(0, 324)","Celebrities and heroes can be the same person. However, sometimes these two can be confused. While celebrities can display hero like qualities, not all celebrities are truly heroes. It takes a noble, fair, just, caring person to truly be a hero. Some celebrities do own these qualities but in reality, most celebrites do not.",Nonannotated,-,-,-
"278b_MSU_essay|Paragraph_4|Final_Claim|326,536",Paragraph_4,"(326, 536)",In my opinion it is the true heroes that we should admire. True some celebrities are heroes but I believe that it should be proven by their attitude and willingness to give back that gives them true hero status.,Final_Claim,effective,-,-
