﻿discourse_id,discourse_part,discourse_boundary,discourse_text,adjudicated_discourse_type,adjudicated_effectiveness,adjudicated_hierarchical,adjudicated_parallel
"279b_MSU_essay|Paragraph_1|Nonannotated|0,156",Paragraph_1,"(0, 156)","Although it can be difficult, people can be truely orginal. Many times people are not forced into their own ideas therefore they just go off of others ideas.",Nonannotated,-,-,-
"279b_MSU_essay|Paragraph_1|Final_Claim|158,238",Paragraph_1,"(158, 238)","People can be truely orginial by thinking clearly, creating time, and being open.",Final_Claim,effective,-,-
"279b_MSU_essay|Paragraph_2|Primary_Claim|0,98",Paragraph_2,"(0, 98)",Thinking clearly is valubale in all aspects of life but especially when it comes to being original.,Primary_Claim,effective,"Paragraph_1|Final_Claim|158,238","Paragraph_3|Primary_Claim|0,52; Paragraph_4|Primary_Claim|0,63"
"279b_MSU_essay|Paragraph_2|Data|100,463",Paragraph_2,"(100, 463)",If a person can think of their own idea than its orginal. Even if someone else somewhere else had the same idea as long as they were not aware of the first person's idea than it is orginal to them. Also there is no way possible for everyone to think of everyidea there is in the world. If that were the case then we would be as advanced as we are ever going to be.,Data,effective,"Paragraph_2|Primary_Claim|0,98",-
"279b_MSU_essay|Paragraph_3|Primary_Claim|0,52",Paragraph_3,"(0, 52)",A critical skill for being orginial is creating time.,Primary_Claim,adequate,"Paragraph_1|Final_Claim|158,238","Paragraph_2|Primary_Claim|0,98; Paragraph_4|Primary_Claim|0,63"
"279b_MSU_essay|Paragraph_3|Data|54,265",Paragraph_3,"(54, 265)","Time allows a place to escape to so that orginality can be created. Often time people are lazy so they just borrow someone elses idea, but if they would just take the time they could have their own creative idea.",Data,adequate,"Paragraph_3|Primary_Claim|0,52",-
"279b_MSU_essay|Paragraph_4|Primary_Claim|0,63",Paragraph_4,"(0, 63)",A person's mindset is the most important thing to being orginal.,Primary_Claim,effective,"Paragraph_1|Final_Claim|158,238","Paragraph_2|Primary_Claim|0,98; Paragraph_3|Primary_Claim|0,52"
"279b_MSU_essay|Paragraph_4|Data|65,492",Paragraph_4,"(65, 492)","An open mind allows for creativity to come in and offers insperation from anything. What offers someone insperation varies depending on the person. One person may see a clock and get insperation whereas another person may see a bird that inspires them. Whatever it is that inspires a person is what makes their thought truely orginal. True, the same bird may inspire a different person but either way the thought came from them.",Data,effective,"Paragraph_4|Primary_Claim|0,63",-
"279b_MSU_essay|Paragraph_5|Concluding_Summary|0,253",Paragraph_5,"(0, 253)","Being truely orginal is can be a difficult task for some people whereas other people who make it look so easy to be orginal. Thinking clearly, creating time, and being open minded allow for a person to be truely orginal. Just look around for insperation.",Concluding_Summary,effective,"Paragraph_1|Final_Claim|158,238",-
