﻿discourse_id,discourse_part,discourse_boundary,discourse_text,adjudicated_discourse_type,adjudicated_effectiveness,adjudicated_hierarchical,adjudicated_parallel
"280b_MSU_essay|Paragraph_1|Final_Claim|0,350",Paragraph_1,"(0, 350)","In today's society many people fawn over celebrities to the extreme and attempt to model their own lives after them. However, when one stops and looks at the majority of these celebrities lives' it is clear that they are not the best role models. Most of the time it is the ""real-life heroes"" in our lives that influence our lives the most in the end.",Final_Claim,adequate,-,-
"280b_MSU_essay|Paragraph_1|Primary_Claim|2227,2464",Paragraph_1,"(2227, 2464)","While most of us admire and even stand in awe of today's celebrities and try to pick up popular trends from them, many of us know deep in our hearts that there is that one person close to us that even though is not famous is still a hero.",Primary_Claim,adequate,"Paragraph_1|Final_Claim|0,350","Paragraph_1|Primary_Claim|352,448"
"280b_MSU_essay|Paragraph_1|Data|2466,2729",Paragraph_1,"(2466, 2729)","When comparing the lifestyle of many celebrities to my grandmothers, it is clear to me which I want to model my own life after. It was actually my teaching grandmother that influenced me to become a math teacher, which is what I am attending college for right now.",Data,effective,"Paragraph_1|Primary_Claim|2227,2464",-
"280b_MSU_essay|Paragraph_1|Concluding_Summary|2731,2984",Paragraph_1,"(2731, 2984)","While most of us will continue to base certain aspects of our lives from what we see and learn from celebrities, it is important to admire those common every-day heroes that are among us too and attempt to model those admirable characteristics from them.",Concluding_Summary,effective,"Paragraph_1|Final_Claim|0,350",-
"280b_MSU_essay|Paragraph_1|Primary_Claim|352,448",Paragraph_1,"(352, 448)",The term hero can be applied to anyone based on their accomplishments as well as their character.,Primary_Claim,adequate,"Paragraph_1|Final_Claim|0,350","Paragraph_1|Primary_Claim|2227,2464"
"280b_MSU_essay|Paragraph_1|Data|450,2225",Paragraph_1,"(450, 2225)","For instance, while my grandmother might not be considered in many peoples' eyes a hero when compared to Mother Theresa or ____, she has the characteristics of a true hero to me. She lost her husband many years ago, yet due to her undying love for him she has never been able to remarry. Instead, she has focused her life on others to the fullest. She is the most patient and sacrificial person I know. She lives in a quite a large home for a single woman yet only so she can offer her home to others in need. Whether it is a missionary home for a few weeks or a family that is down on their luck, she is always willing to volunteer her extra rooms. She also has begun mentoring young ladies in her spare time. She recently retired giving her more free time and so she began teaching classes and searching for ways to share all her experiences and life knowledge with younger ladies. Living in a large city where the needs of many young women are almost too great to successfully meet, my grandmother is doing her best to at least make a difference in the lives she is able to touch. While my grandmother does tend to focus on others, she still makes sure she has more then enough time to spend with her own family. I have been blessed numerous times through all she has done for me to prepare me for college and life away from home. Spending most of my summer with her taught me so many things such as responsibility and thoughtfulness. I tend to be so selfish sometimes, yet being around her so much impressed upon me the importance of placing others before myself. While she never derogatorily approached me about this fault of mine, it was simply her lifestyle that changed my attitudes. She is one of those rare ladies that actually manages to live everything she speaks.",Data,effective,"Paragraph_1|Primary_Claim|352,448",-
