﻿discourse_id,discourse_part,discourse_boundary,discourse_text,adjudicated_discourse_type,adjudicated_effectiveness,adjudicated_hierarchical,adjudicated_parallel
"281b_MSU_essay|Paragraph_1|Nonannotated|0,442",Paragraph_1,"(0, 442)","People copy others orginal work and add to it or change it to their own on a daily basis. In reality it is not their work because the whole idea still has meaning from the person who orginally created it. Movies and books are a good example of this. When someone writes a book and later a movie is created, scenes are sometimes added or deleted, characters play different roles, or the whole idea is changed but there is still some similarity.",Nonannotated,-,-,-
"281b_MSU_essay|Paragraph_1|Final_Claim|444,631",Paragraph_1,"(444, 631)","With that in mind, I do not think people could ever truly be orginal. I feel this way because nobody can come up with anything orginal off top without help, ideas, or thoughts or feelings.",Final_Claim,effective,-,-
"281b_MSU_essay|Paragraph_2|Primary_Claim|0,115",Paragraph_2,"(0, 115)",One reason I feel that people could not ever be orginal is because nobody can really come up with something orginal.,Primary_Claim,effective,"Paragraph_1|Final_Claim|444,631","Paragraph_3|Primary_Claim|0,202; Paragraph_4|Primary_Claim|0,86"
"281b_MSU_essay|Paragraph_2|Data|117,383",Paragraph_2,"(117, 383)","It would have to involve someone else's work in some sort of way. I do believe that people can invent different things that they come up with, but they might need some sort of help from someone else. Getting help from someone is not a bad thing it's just not orginal.",Data,adequate,"Paragraph_2|Primary_Claim|0,115",-
"281b_MSU_essay|Paragraph_3|Primary_Claim|0,202",Paragraph_3,"(0, 202)",Another reason why I feel that no one can truly be orginal is because before anybody tries something new they always seem to mention the idea to somebody who is close to them to see what their ideas are.,Primary_Claim,effective,"Paragraph_1|Final_Claim|444,631","Paragraph_2|Primary_Claim|0,115; Paragraph_4|Primary_Claim|0,86"
"281b_MSU_essay|Paragraph_3|Data|204,497",Paragraph_3,"(204, 497)","For example, if I was trying to develop a new clothing line I would ask a close friend what she thought about it. I would also ask what does she think I should name my clothing line. With this example in mind you can not really come up with any idea without somebody inputting their ideas also.",Data,effective,"Paragraph_3|Primary_Claim|0,202",-
"281b_MSU_essay|Paragraph_4|Primary_Claim|0,86",Paragraph_4,"(0, 86)","Finally, other people's thoughts and feelings about something new should be considered.",Primary_Claim,adequate,"Paragraph_1|Final_Claim|444,631","Paragraph_2|Primary_Claim|0,115; Paragraph_3|Primary_Claim|0,202"
"281b_MSU_essay|Paragraph_4|Data|88,311",Paragraph_4,"(88, 311)","With the clothing line example in mind, I would consider how would people feel about a new clothing line. The people may not like the idea of the clothing line because the prices may not be right so they will not support it.",Data,adequate,"Paragraph_4|Primary_Claim|0,86",-
"281b_MSU_essay|Paragraph_5|Concluding_Summary|0,184",Paragraph_5,"(0, 184)","In conclusion, I believe that no one can truly come up with their own ideas based on many facts. Mainly because its hard not to add somebody's idea to your own and to make yours better.",Concluding_Summary,effective,"Paragraph_1|Final_Claim|444,631",-
