﻿discourse_id,discourse_part,discourse_boundary,discourse_text,adjudicated_discourse_type,adjudicated_effectiveness,adjudicated_hierarchical,adjudicated_parallel
"282b_MSU_essay|Paragraph_1|Final_Claim|0,163",Paragraph_1,"(0, 163)",We should admire heroes and not celebrities but we shouldn't just admire the people they are. We should admire them for what they do and how they handle themselves.,Final_Claim,effective,-,-
"282b_MSU_essay|Paragraph_2|Data|0,699",Paragraph_2,"(0, 699)","If a hero is one who handles their self well and does not give off a negative persona then that person will be admire by others on the other hand if a celebrity is giving off a negative persona and not showing good examples to others on how to go about living day to day life then they should not be admired and have no reason to be. Even though I say this both will be admired a hero can not help but be admired, a hero is just a regular person without people who admire him and cast the hero mold of him. A celebrity will be admired not for the examples they have made or for trying to live life right but for the way they live their life either way they live life they will be admired by somebody.",Data,adequate,"Paragraph_1|Final_Claim|0,163","Paragraph_3|Data|0,601"
"282b_MSU_essay|Paragraph_3|Data|0,601",Paragraph_3,"(0, 601)",Heroes may get less attention than celebrities and while both are put on a pedestal a hero should not care about the fame or fortune a hero should be the one setting the example because they want to show others its OK to live right and not be wealthy. A celebrity cares about publicity and money and though they care about this it is often the publicity that destroys their image and life. For example a celebrity will have publicity almost anywhere they go so they have to walk a straight line most of the time and whenever they get out of line then everyone in the country will see and hear about it.,Data,adequate,"Paragraph_1|Final_Claim|0,163","Paragraph_2|Data|0,699"
"282b_MSU_essay|Paragraph_4|Concluding_Summary|0,488",Paragraph_4,"(0, 488)","These things are why we should admire heroes and not celebrities, not because they are both famous or well known but because a hero chooses to be a good example because it is the right thing to do, and a celebrity chooses to live life however they want because they can. Also remember though that heroes don't always have to be athletes or big name people, they can also have the titles of mom, dad, grandmother, grandfather, sister, brother, and yes even sons and daughters can be heroes.",Concluding_Summary,adequate,"Paragraph_1|Final_Claim|0,163",-
