﻿discourse_id,discourse_part,discourse_boundary,discourse_text,adjudicated_discourse_type,adjudicated_effectiveness,adjudicated_hierarchical,adjudicated_parallel
"283b_MSU_essay|Paragraph_1|Nonannotated|0,236",Paragraph_1,"(0, 236)",As time changes history still repeats itself. People think that some new trends or phase has come about but it is only coming back around. Sometimes it happen so long ago that people do not know that its something that is being repeated.,Nonannotated,-,-,-
"283b_MSU_essay|Paragraph_1|Final_Claim|238,314",Paragraph_1,"(238, 314)",There is really no way for someone to be completely original in this new era.,Final_Claim,effective,-,-
"283b_MSU_essay|Paragraph_2|Primary_Claim|0,123",Paragraph_2,"(0, 123)",The word original comes with being brave and not being afraid to try something new not knowing if people will approve of it.,Primary_Claim,ineffective,"Paragraph_1|Final_Claim|238,314","Paragraph_3|Primary_Claim|0,46; Paragraph_4|Primary_Claim|0,83"
"283b_MSU_essay|Paragraph_2|Data|125,425",Paragraph_2,"(125, 425)","For example, new dances are made everyday, but the people who started them just did something that was their idea and knowing that everyone might not like it. Dancing is a very good example to use because it shows how even though something seems original there still has to be something similar to it.",Data,adequate,"Paragraph_2|Primary_Claim|0,123",-
"283b_MSU_essay|Paragraph_3|Primary_Claim|0,46",Paragraph_3,"(0, 46)",Creativity is another major key to originality.,Primary_Claim,ineffective,"Paragraph_1|Final_Claim|238,314","Paragraph_2|Primary_Claim|0,123; Paragraph_4|Primary_Claim|0,83"
"283b_MSU_essay|Paragraph_3|Data|48,356",Paragraph_3,"(48, 356)","Artist come to mind when creativity is mentioned. Creating something that no one else has done before can be hard, but using some ideas are not a bad thing. For example, if a artist use some ideas of a another artist and then create something it still makes that particular piece of work original in some way.",Data,adequate,"Paragraph_3|Primary_Claim|0,46",-
"283b_MSU_essay|Paragraph_4|Primary_Claim|0,83",Paragraph_4,"(0, 83)",Innovation is how alot of the appliances and machines we have now have been created.,Primary_Claim,ineffective,"Paragraph_1|Final_Claim|238,314","Paragraph_2|Primary_Claim|0,123; Paragraph_3|Primary_Claim|0,46"
"283b_MSU_essay|Paragraph_4|Data|85,285",Paragraph_4,"(85, 285)","When originality fails innovation is the next step. For example, the electric toothbrush was made from the original toothbrush, but was innovated by adding a feature that helps clean teeth even better.",Data,adequate,"Paragraph_4|Primary_Claim|0,83",-
"283b_MSU_essay|Paragraph_5|Concluding_Summary|0,267",Paragraph_5,"(0, 267)",Originality is hard to come by in today's society. People have become so lazy that they even want to take credit for other people's work. It is good to know when something is being created it will never be done as good again. As time goes on originality will never be.,Concluding_Summary,adequate,"Paragraph_1|Final_Claim|238,314",-
