﻿discourse_id,discourse_part,discourse_boundary,discourse_text,adjudicated_discourse_type,adjudicated_effectiveness,adjudicated_hierarchical,adjudicated_parallel
"284b_MSU_essay|Paragraph_1|Final_Claim|0,238",Paragraph_1,"(0, 238)",People would have a hard time coming up with original ideas and uniqueness. People mostly look backwards to gather inspiration in forming their ideas and it would be difficult and rare for someone to have an idea or thought that is unique.,Final_Claim,adequate,-,-
"284b_MSU_essay|Paragraph_2|Primary_Claim|0,76",Paragraph_2,"(0, 76)","In films, alot of the newer movies released are actually not that new at all.",Primary_Claim,adequate,"Paragraph_1|Final_Claim|0,238","Paragraph_3|Primary_Claim|0,74"
"284b_MSU_essay|Paragraph_2|Data|78,374",Paragraph_2,"(78, 374)","In fact, after taking a closer look, is the realization that most 'new' movies are remakes of older ones. For instance, ""House on Haunted Hill"", ""Casino Royale"" and ""Time Machine"" were considered new movies, but a look backward and these movies are just remakes of older ones over forty years ago.",Data,effective,"Paragraph_2|Primary_Claim|0,76",-
"284b_MSU_essay|Paragraph_3|Primary_Claim|0,74",Paragraph_3,"(0, 74)",Inventions are probably the best chance for an original idea to come about.,Primary_Claim,adequate,"Paragraph_1|Final_Claim|0,238","Paragraph_2|Primary_Claim|0,76"
"284b_MSU_essay|Paragraph_3|Data|76,375",Paragraph_3,"(76, 375)","It takes an idea that would improve the overall life of the public to be successful and alot of these ideas come from personal experiences which make them unique. The paper clip, remote controls and cellphones are some examples of this. All of these have made life improve and so they are successful.",Data,adequate,"Paragraph_3|Primary_Claim|0,74",-
"284b_MSU_essay|Paragraph_4|Concluding_Summary|0,123",Paragraph_4,"(0, 123)","While having unique ideas is very possible, it is very diffucult at the same time. People often look back to strive forward.",Concluding_Summary,adequate,"Paragraph_1|Final_Claim|0,238",-
