﻿discourse_id,discourse_part,discourse_boundary,discourse_text,adjudicated_discourse_type,adjudicated_effectiveness,adjudicated_hierarchical,adjudicated_parallel
"286b_MSU_essay|Paragraph_1|Nonannotated|0,198",Paragraph_1,"(0, 198)","Heroes are one of America's great treasures. They are why America has, and always will be the greatest country in the world. In my opinion, I believe to compare them to some celebrities is insulting.",Nonannotated,-,-,-
"286b_MSU_essay|Paragraph_1|Final_Claim|200,300",Paragraph_1,"(200, 300)",Heroes have truly shaped the course of America's history. One cannot say that about most celebrities.,Final_Claim,adequate,-,-
"286b_MSU_essay|Paragraph_2|Primary_Claim|0,73",Paragraph_2,"(0, 73)","Some celebrities have done great things, and changed lifes for the better.",Primary_Claim,adequate,"Paragraph_1|Final_Claim|200,300","Paragraph_3|Primary_Claim|0,56"
"286b_MSU_essay|Paragraph_2|Data|355,672",Paragraph_2,"(355, 672)",Another example of a celebrity making a positive impact on our planet is Bono from the rock band U2. He has met with many world leaders and has led many fundraisers to help other people. These two are a couple of great examples of what celebrities could be if they used all the power and fame they get for good causes.,Data,effective,"Paragraph_2|Primary_Claim|0,73","Paragraph_2|Data|75,353"
"286b_MSU_essay|Paragraph_2|Data|75,353",Paragraph_2,"(75, 353)","For example, Angelina Jolie was honored by the U.N. for her humanitarian efforts all over the world. She is perhaps the biggest actress in the United States, and half of the superstar couple ""Brangelina."" And she is making a positive difference in this world just like heroes do.",Data,effective,"Paragraph_2|Primary_Claim|0,73","Paragraph_2|Data|355,672"
"286b_MSU_essay|Paragraph_3|Primary_Claim|0,56",Paragraph_3,"(0, 56)",Many celebrities are very selfish and narcassitic people.,Primary_Claim,adequate,"Paragraph_1|Final_Claim|200,300","Paragraph_2|Primary_Claim|0,73"
"286b_MSU_essay|Paragraph_3|Data|58,614",Paragraph_3,"(58, 614)","Paris Hilton and Lindsay Lohan are great examples of two celebrities that seem to only care about themselves. They are always getting arrested and going in and out of rehab. Yet, they get more attention than a true hero, like Pilot Sully Sullenberger who safely landed a plane on the Hudson River saving over a hundred lifes. The downside of this infatuation with people like Paris and Lindsay is that kids see this type of behavior being rewarded and want to reciprocate it. Hopefully, future generations will learn from the heroes and not all celebrities.",Data,adequate,"Paragraph_3|Primary_Claim|0,56",-
"286b_MSU_essay|Paragraph_4|Concluding_Summary|0,205",Paragraph_4,"(0, 205)",Society must change its worship of the famous and start honoring the true heroes among us. We must embrace our heroes and get future generations to feel the same way. So that one day they can be heroes too.,Concluding_Summary,adequate,"Paragraph_1|Final_Claim|200,300",-
