﻿discourse_id,discourse_part,discourse_boundary,discourse_text,adjudicated_discourse_type,adjudicated_effectiveness,adjudicated_hierarchical,adjudicated_parallel
"287b_MSU_essay|Paragraph_1|Nonannotated|0,119",Paragraph_1,"(0, 119)","Everyday, something is ""invented"" but lately, these inventions are usually just improving the invention of someone else.",Nonannotated,-,-,-
"287b_MSU_essay|Paragraph_1|Final_Claim|121,248",Paragraph_1,"(121, 248)","It is very hard to be creative and in this day and age, it seems that everything has already been created, written, and studied.",Final_Claim,effective,-,-
"287b_MSU_essay|Paragraph_2|Data|0,428",Paragraph_2,"(0, 428)","Everyone is born with certain creative abilities. People who are given wonderful imaginations and creative abilities are good at writing songs and books, making movies and TV shows, painting, and creating products that people will buy in the future. However, time and time again, we go to the movies or buy a new CD expecting something new and different and it turns out to be a remake of another film, or another artist's songs.",Data,adequate,"Paragraph_2|Primary_Claim|430,528",-
"287b_MSU_essay|Paragraph_2|Primary_Claim|430,528",Paragraph_2,"(430, 528)",It still takes a large amount of imagination to do these things but it still is not truly original.,Primary_Claim,adequate,"Paragraph_1|Final_Claim|121,248","Paragraph_3|Primary_Claim|293,486; Paragraph_4|Primary_Claim|145,246"
"287b_MSU_essay|Paragraph_3|Data|0,291",Paragraph_3,"(0, 291)",It is the twenty-first century and there has been many different generations of people. In early generations it was easy to be original because ideas were just starting. Items like cars and planes and movies were created long ago and have then since been redone over again several times over.,Data,adequate,"Paragraph_3|Primary_Claim|293,486",-
"287b_MSU_essay|Paragraph_3|Primary_Claim|293,486",Paragraph_3,"(293, 486)","It isn't to say that people are trying to copy what has already been done, but that everything has already been thought of and there is nothing more to do but to try and make these items better.",Primary_Claim,adequate,"Paragraph_1|Final_Claim|121,248","Paragraph_2|Primary_Claim|430,528; Paragraph_4|Primary_Claim|145,246"
"287b_MSU_essay|Paragraph_4|Data|0,143",Paragraph_4,"(0, 143)","Infomercials and shopping channels on TV have a new items everyday that have ""never been seen before"" or that is only available at one retailer.",Data,adequate,"Paragraph_4|Primary_Claim|145,246",-
"287b_MSU_essay|Paragraph_4|Primary_Claim|145,246",Paragraph_4,"(145, 246)","In truth, most of the items are just remakes of things that have already been on the market for years.",Primary_Claim,adequate,"Paragraph_1|Final_Claim|121,248","Paragraph_2|Primary_Claim|430,528; Paragraph_3|Primary_Claim|293,486"
"287b_MSU_essay|Paragraph_4|Concluding_Summary|248,399",Paragraph_4,"(248, 399)","In this century that we live in, it is hard for people to ever be truly original and instead, we have to continue improving the ideas of centuries past.",Concluding_Summary,adequate,"Paragraph_1|Final_Claim|121,248",-
