﻿discourse_id,discourse_part,discourse_boundary,discourse_text,adjudicated_discourse_type,adjudicated_effectiveness,adjudicated_hierarchical,adjudicated_parallel
"288b_MSU_essay|Paragraph_1|Nonannotated|0,49",Paragraph_1,"(0, 49)",A hero and a celebrity are admired by many people.,Nonannotated,-,-,-
"288b_MSU_essay|Paragraph_1|Primary_Claim|1085,1148",Paragraph_1,"(1085, 1148)",A celebrity is a person that is famous but good at what they do.,Primary_Claim,effective,"Paragraph_1|Final_Claim|51,196","Paragraph_1|Primary_Claim|198,326"
"288b_MSU_essay|Paragraph_1|Data|1150,1455",Paragraph_1,"(1150, 1455)",These types of people are usually in the entertainment business. Mel Gibson is a good actor and producer. He obtained celebrity status through his films. ZZtop is a famous band. Both men are celebrities but not heroes. We still admire both Mel Gibson and ZZtop for there work in the entertainment business.,Data,adequate,"Paragraph_1|Primary_Claim|1085,1148",-
"288b_MSU_essay|Paragraph_1|Concluding_Summary|1457,1863",Paragraph_1,"(1457, 1863)","Every person on the Earth likes some type of entertainment and admires some type of celebrity. That same person also admires some type of hero. We should admire both heroes and celebrities but for different reasons. Everyone has a role model, it could be a hero, a celebrity, or the man down the street. Admiration comes from each individual person and it should be that persons choice who they will admire.",Concluding_Summary,adequate,"Paragraph_1|Final_Claim|51,196",-
"288b_MSU_essay|Paragraph_1|Primary_Claim|198,326",Paragraph_1,"(198, 326)","A hero is a person that accomplished something in his or her life that was life changing, they are famous because they are great.",Primary_Claim,adequate,"Paragraph_1|Final_Claim|51,196","Paragraph_1|Primary_Claim|1085,1148"
"288b_MSU_essay|Paragraph_1|Data|328,1083",Paragraph_1,"(328, 1083)","These types of accomplishments can be beneficial to the whole world or to a few people. It can be in times of war or at anytime of the day. When one becomes a hero they also become a celebrity. Albert Einstein was a war hero because of his help in the invention of the atomic bomb during World War II. Once the Allies won the war, he immediatly acheived celebrity status and was branded a hero. Another hero is Neil Armstrong. He was the first man on the moon. This was life changing for the whole world. By becoming the first man on the moon, he opened up a whole new world of exploration. Right then and there, on national tv, Neil Armstrong become a hero and a celebrity. Both of these men became heroes and celebrities because of their accomplishments.",Data,effective,"Paragraph_1|Primary_Claim|198,326",-
"288b_MSU_essay|Paragraph_1|Final_Claim|51,196",Paragraph_1,"(51, 196)","Personally, both heroes and celebrities should be admired by all people Celebrities and heroes work really hard to get to where they are in life.",Final_Claim,adequate,-,-
