﻿discourse_id,discourse_part,discourse_boundary,discourse_text,adjudicated_discourse_type,adjudicated_effectiveness,adjudicated_hierarchical,adjudicated_parallel
"289b_MSU_essay|Paragraph_1|Final_Claim|0,215",Paragraph_1,"(0, 215)","I believe that originality still exists. Some things are going to always be the same, but the works being the similar does not make them unoriginal, but how the works are created is how originality should be defined.",Final_Claim,effective,-,-
"289b_MSU_essay|Paragraph_1|Data|1019,1133",Paragraph_1,"(1019, 1133)","Musicians study certain kinds of music, but if they write a song in a certain genre of music; the song is original.",Data,adequate,"Paragraph_1|Final_Claim|0,215","Paragraph_1|Data|217,464; Paragraph_1|Data|466,857; Paragraph_1|Data|859,1017"
"289b_MSU_essay|Paragraph_1|Concluding_Summary|1135,1726",Paragraph_1,"(1135, 1726)","Everything we do is based on past experiences, if a person believes that each idea has to stand on its own with no other persons past ideas in it; then nothing ever created would be original, but I believe that originality comes from putting ones ideas into his or her own passion. There are billions of people on this earth. Everything has been done before, but we do not have access to view them all so if something is created the same as something else it is still original if the person had never seen the other persons work before. Thus, I believe that originality is possible to attain.",Concluding_Summary,effective,"Paragraph_1|Final_Claim|0,215",-
"289b_MSU_essay|Paragraph_1|Data|217,464",Paragraph_1,"(217, 464)","For instance, if a man were to escape from slavery and write a book about slave life, would his book not be original if someone else had already written a book about slave life. The answer is no those books are based on each individuals experience.",Data,effective,"Paragraph_1|Final_Claim|0,215","Paragraph_1|Data|1019,1133; Paragraph_1|Data|466,857; Paragraph_1|Data|859,1017"
"289b_MSU_essay|Paragraph_1|Data|466,857",Paragraph_1,"(466, 857)","Another example is essays. Millions of essays have been written about Holden Caulfields coming of age; however, each one of those is individual unless of course plagiarism occurred, but in normal circumstances each person puts their own beliefs in the paper, and if some of those beliefs are the same then that makes no difference because each person came up with their own original thought.",Data,effective,"Paragraph_1|Final_Claim|0,215","Paragraph_1|Data|1019,1133; Paragraph_1|Data|217,464; Paragraph_1|Data|859,1017"
"289b_MSU_essay|Paragraph_1|Data|859,1017",Paragraph_1,"(859, 1017)","If a painter studies a painting and does a painting in that same style, but he has his own completely different picture in it, that painting would be original.",Data,adequate,"Paragraph_1|Final_Claim|0,215","Paragraph_1|Data|1019,1133; Paragraph_1|Data|217,464; Paragraph_1|Data|466,857"
