﻿discourse_id,discourse_part,discourse_boundary,discourse_text,adjudicated_discourse_type,adjudicated_effectiveness,adjudicated_hierarchical,adjudicated_parallel
"290b_MSU_essay|Paragraph_1|Final_Claim|0,46",Paragraph_1,"(0, 46)",Heroes should be admired just like celebrities.,Final_Claim,adequate,-,-
"290b_MSU_essay|Paragraph_1|Data|134,247",Paragraph_1,"(134, 247)",Firefighters go through dangerous situations everyday when running through buildings and saving people from fires.,Data,effective,"Paragraph_1|Primary_Claim|48,132",-
"290b_MSU_essay|Paragraph_1|Primary_Claim|249,302",Paragraph_1,"(249, 302)",A person can become a hero through one act of heroism.,Primary_Claim,adequate,"Paragraph_1|Final_Claim|0,46","Paragraph_1|Primary_Claim|48,132; Paragraph_1|Primary_Claim|533,589"
"290b_MSU_essay|Paragraph_1|Data|304,531",Paragraph_1,"(304, 531)","The pilot of the plane that landed in the Hudson River, he became a hero because through adversity he managed to land the plane and keep everyone alive on the plane. By doing that he not only became a hero, but also a celebrity.",Data,effective,"Paragraph_1|Primary_Claim|249,302",-
"290b_MSU_essay|Paragraph_1|Primary_Claim|48,132",Paragraph_1,"(48, 132)",Heroes become famous because of an act of bravery in the face of danger or adversity.,Primary_Claim,adequate,"Paragraph_1|Final_Claim|0,46","Paragraph_1|Primary_Claim|249,302; Paragraph_1|Primary_Claim|533,589"
"290b_MSU_essay|Paragraph_1|Primary_Claim|533,589",Paragraph_1,"(533, 589)",Acts of heroism also lead to people becoming celebrities.,Primary_Claim,adequate,"Paragraph_1|Final_Claim|0,46","Paragraph_1|Primary_Claim|249,302; Paragraph_1|Primary_Claim|48,132"
"290b_MSU_essay|Paragraph_1|Data|591,881",Paragraph_1,"(591, 881)",Some celebrities have become famous off of acts of heroism. Brad Pitt became a hero when he and other celebrities went to New Orleans and helped build houses in the aftermath of Hurricane Katrina. A few celebrities became famous off of acts of heroism and have been admired for it for years.,Data,effective,"Paragraph_1|Primary_Claim|533,589",-
"290b_MSU_essay|Paragraph_1|Concluding_Summary|882,1056",Paragraph_1,"(882, 1056)"," Heroes should be admired, but it should not take away from the admiration of celebrities.",Concluding_Summary,adequate,"Paragraph_1|Final_Claim|0,46",-
