﻿discourse_id,discourse_part,discourse_boundary,discourse_text,adjudicated_discourse_type,adjudicated_effectiveness,adjudicated_hierarchical,adjudicated_parallel
"291b_MSU_essay|Paragraph_1|Nonannotated|0,435",Paragraph_1,"(0, 435)","In life, having someone to look up too is exciting and beneficial. Looking up to someone can allow others to recieve inspiration and personal drive to become better. Role models are important in the shaping of human lives. In todays society, we have celebrities and true heroes. Both extremely different. I believe that in our lives we tend to favor celebrities because of the glamour and fame; but true heroes are the real celebrities.",Nonannotated,-,-,-
"291b_MSU_essay|Paragraph_2|Final_Claim|0,64",Paragraph_2,"(0, 64)",True heroes should be admired more than celebrities in many ways.,Final_Claim,effective,-,-
"291b_MSU_essay|Paragraph_2|Data|66,720",Paragraph_2,"(66, 720)","Heros can be everyday people; moms, dads, grandmas and grandpas. Having money and fame does not make some one rich. One example of how a hero can shape lives is the story of my grandfather. My grandfather developed polio at a very young age. He struggled his whole life with walking and everyday life. As my grandfather got older he started having health problems and developed lukemia, and died last year in January. His positive attitude in life, and his constant smile made me appreciate him in so many ways. He never had a negative outlook on life and made everyday worth while. He is a true hero in my life, and I strive everyday to be more like him.",Data,adequate,"Paragraph_2|Final_Claim|0,64","Paragraph_2|Data|722,924; Paragraph_2|Data|926,1190"
"291b_MSU_essay|Paragraph_2|Data|722,924",Paragraph_2,"(722, 924)","Some other examples of heroes are the men and women of the military. These men and women fight for our country's saftey everyday. They sacrifice their lives for ours, and deserve our respect and support.",Data,effective,"Paragraph_2|Final_Claim|0,64","Paragraph_2|Data|66,720; Paragraph_2|Data|926,1190"
"291b_MSU_essay|Paragraph_2|Data|926,1190",Paragraph_2,"(926, 1190)",One simple example of a hero in my life is my mother and father. Just the simple things they do for me everyday make me appreciate them and want to strive to be more like them one day. The constant love and support they give me make them heroes in my life everyday.,Data,effective,"Paragraph_2|Final_Claim|0,64","Paragraph_2|Data|66,720; Paragraph_2|Data|722,924"
"291b_MSU_essay|Paragraph_3|Concluding_Summary|0,394",Paragraph_3,"(0, 394)","Admiring celebrities because of wealth and fame in my opinion is a waste of time. True heroes are ordinary people that do extrordiary things. They should be sought after. I hope in the future our society will strive to be more like hometown heroes instead of celebrities. They should be given more respect for making the world a better place, and showing our youth something to strive to become.",Concluding_Summary,effective,"Paragraph_2|Final_Claim|0,64",-
