﻿discourse_id,discourse_part,discourse_boundary,discourse_text,adjudicated_discourse_type,adjudicated_effectiveness,adjudicated_hierarchical,adjudicated_parallel
"292b_MSU_essay|Paragraph_1|Nonannotated|0,303",Paragraph_1,"(0, 303)","Heroes and celebrities are often thought of in the same frame of mind. Many people see both groups as a set of individuals in which they should strive to model themselves. However, some people believe that celebrities are not a good model because they are thought of as being like ""fake heroes"" in a way.",Nonannotated,-,-,-
"292b_MSU_essay|Paragraph_1|Final_Claim|305,429",Paragraph_1,"(305, 429)","That celebrity stereotype, in my opinion, is something that has been too generalized by the media and the greater population.",Final_Claim,adequate,-,-
"292b_MSU_essay|Paragraph_2|Data|0,340",Paragraph_2,"(0, 340)","What should be said about heroes who eventually become celebrities? Many people consider the pilot who landed the crippled plane safely on the Hudson River in New York a hero; everyone in the country and around the world know of his story. Would so many people knowing him also make him a celebrity? If so, then this generalization is false.",Data,adequate,"Paragraph_2|Primary_Claim|342,437",-
"292b_MSU_essay|Paragraph_2|Primary_Claim|342,437",Paragraph_2,"(342, 437)",Many heroes eventually become a form of celebrity because of whatever great deed they displayed.,Primary_Claim,adequate,"Paragraph_1|Final_Claim|305,429","Paragraph_3|Primary_Claim|0,113"
"292b_MSU_essay|Paragraph_3|Primary_Claim|0,113",Paragraph_3,"(0, 113)",Another hole in the generalization is the fact that many people use their celebrity for the improvement of others.,Primary_Claim,adequate,"Paragraph_1|Final_Claim|305,429","Paragraph_2|Primary_Claim|342,437"
"292b_MSU_essay|Paragraph_3|Data|115,482",Paragraph_3,"(115, 482)",Bono of U2 is a huge advocate for the AIDS campaign to find a cure; not as many people who know of this organization if it was not for his use of his audience to push his claim to donate or support the cure AIDS campaign. Many celebrities such as Bill Gates start organizations that allow for hundreds of under privileged students to go to college each and every year.,Data,effective,"Paragraph_3|Primary_Claim|0,113",-
"292b_MSU_essay|Paragraph_4|Concluding_Summary|0,583",Paragraph_4,"(0, 583)","The fact that most of the population generalizes that all celebrities are nothing but a bad influence on those who follow them is ridiculous. Generalizing a group of people is something that is completely unnecessary. Yes there are exceptions to every rule and stereotypes do not make themselves. I just feel that many people are jumping to conclusions and are not seeing that many celebrities are becoming heroes through a variety of actions because deep inside everyone is a part of them that wants to help others. So in turn, hero and celebrity, everyone is the same on the inside.",Concluding_Summary,adequate,"Paragraph_1|Final_Claim|305,429",-
