﻿discourse_id,discourse_part,discourse_boundary,discourse_text,adjudicated_discourse_type,adjudicated_effectiveness,adjudicated_hierarchical,adjudicated_parallel
"2_MSU_essay|Paragraph_1|Nonannotated|0,257",Paragraph_1,"(0, 257)",This is a very controverse statement because yes people can be original be in some point there are going to be copies. Humans are all alike in some way or fashion because we love to do things that make us seem original but really they have already been done.,Nonannotated,-,-,-
"2_MSU_essay|Paragraph_1|Final_Claim|259,307",Paragraph_1,"(259, 307)",Originality is hard to come by but it does exist.,Final_Claim,adequate,-,-
"2_MSU_essay|Paragraph_2|Data|0,655",Paragraph_2,"(0, 655)","In school some little boy come up with a saying that has never been used before, but eventually every person in the school will copy his phrase and tear away the originality of it. For example, a little boyis showing that ""true originality"" but by it being repeated so much it lost it. There are people who are truly original in the world and have presented it to people. Though being original can be challenging, people unexpected pop up with something that no one has never experienced. Most of the time, though, people show this characteristic are never seen or heard from because of their status in the world or by the way people see them in the world.",Data,adequate,"Paragraph_2|Primary_Claim|657,721",-
"2_MSU_essay|Paragraph_2|Primary_Claim|657,721",Paragraph_2,"(657, 721)",True originality is out there but hardly anyone ever observes it.,Primary_Claim,adequate,"Paragraph_1|Final_Claim|259,307","Paragraph_3|Primary_Claim|0,167"
"2_MSU_essay|Paragraph_3|Primary_Claim|0,167",Paragraph_3,"(0, 167)","On the other hand, originality is just something for someone to copy and claim to be theirs. These type of people are why it is so hard for true originality to prosper.",Primary_Claim,adequate,"Paragraph_1|Final_Claim|259,307","Paragraph_2|Primary_Claim|657,721"
"2_MSU_essay|Paragraph_3|Data|169,531",Paragraph_3,"(169, 531)","People with these characteristics block the original person from being heard and makes him unknown to society. For instance, on the football team a player comes up with a move that everyone is astonished over. And the player that is second string to him completes the same move the first player does. That player is erasing originality out of the mines of people.",Data,adequate,"Paragraph_3|Primary_Claim|0,167",-
"2_MSU_essay|Paragraph_4|Concluding_Summary|0,284",Paragraph_4,"(0, 284)",Originality is not something people can come up with it because day after day people are making it harder for it to be done. But some are in that position where they have the mind that they can keep it going. Others who destroy it are going to be the ones who bring it to their dimise.,Concluding_Summary,adequate,"Paragraph_1|Final_Claim|259,307",-
