﻿discourse_id,discourse_part,discourse_boundary,discourse_text,adjudicated_discourse_type,adjudicated_effectiveness,adjudicated_hierarchical,adjudicated_parallel
"2b_MSU_essay|Paragraph_1|Final_Claim|0,179",Paragraph_1,"(0, 179)","Every idea has to start somewhere, and then it evolves. While ideas can be similar, they are not necessarily exactly the same. Each person adds his/her own perspective to the idea.",Final_Claim,adequate,-,-
"2b_MSU_essay|Paragraph_1|Concluding_Summary|1096,1335",Paragraph_1,"(1096, 1335)","Every idea is inspired from another idea. Then the writer adds his/her own touch to make it original. We cease to be original only when we create without thinking, when we strictly cut and paste someone else's ideas and use them as our own.",Concluding_Summary,adequate,"Paragraph_1|Final_Claim|0,179",-
"2b_MSU_essay|Paragraph_1|Nonannotated|1337,1584",Paragraph_1,"(1337, 1584)",Inspiration is part of the thinking process because we need ideas from somewhere. Ideas can be used more than once because they are constantly evolving into new ideas. Every creation is derived from inspiration from somewhere else and then tweaked.,Nonannotated,-,-,-
"2b_MSU_essay|Paragraph_1|Data|181,1094",Paragraph_1,"(181, 1094)","Many successful books and movies today are inspired from works in the past, but that does not mean they are plagiarized; inspiration is not the same as mere cut and paste copying. Twilight, by Stephanie Meyers, has gained fame rapidly, and vampires and love have been in stories for ages. However, Meyers' own colorful writing and unique plot add flavor to the otherwise cliche topic. While the book does seem as though it is a ""copy"" of other pieces of literature, it is not at all. These old works provided her with inspiration to write about her own story that is still creative. Similarly, Harry Potter, by J.K Rowling, is modeled after old ideas from the past but is still unique. Witches and wizards have been around in stories for so long it seems stale to write about them, but Harry Potter has a colossal fanbase and has won several literary awards. The ideas themselves do not have to be purely original.",Data,effective,"Paragraph_1|Final_Claim|0,179",-
