﻿discourse_id,discourse_part,discourse_boundary,discourse_text,adjudicated_discourse_type,adjudicated_effectiveness,adjudicated_hierarchical,adjudicated_parallel
"301b_MSU_essay|Paragraph_1|Nonannotated|0,98",Paragraph_1,"(0, 98)","When the words hero or celebrity come to mind, do most individuals make a comparison or a contrast?",Nonannotated,-,-,-
"301b_MSU_essay|Paragraph_1|Final_Claim|100,392",Paragraph_1,"(100, 392)","In my mind, a contrast is easy formed between the two. A hero is a person who has done great works with or without acknowledgment, and to help others. While, a celebrity is a person who may do great works, but their works do not go without acknowledgment and the works only benefit themselves.",Final_Claim,adequate,-,-
"301b_MSU_essay|Paragraph_2|Primary_Claim|0,139",Paragraph_2,"(0, 139)","For instance,there were many heroes who works went unrecognized, but it didn't matter because it was merely out the kindness of their heart.",Primary_Claim,adequate,"Paragraph_1|Final_Claim|100,392","Paragraph_3|Primary_Claim|0,82"
"301b_MSU_essay|Paragraph_2|Data|141,327",Paragraph_2,"(141, 327)","In the bible, Jesus was a hero in many people's eyes. His works were not only for the benefit of his friends and family, and those who needed his help, but for complete strangers as well.",Data,effective,"Paragraph_2|Primary_Claim|0,139",-
"301b_MSU_essay|Paragraph_2|Data|329,529",Paragraph_2,"(329, 529)","Also, my parents are heroes. They put their own needs and wants on hold for me so that I can have a better life. They don't have to do that,but they do, which makes them all the more heroic in my eyes.",Data,effective,-,-
"301b_MSU_essay|Paragraph_3|Primary_Claim|0,82",Paragraph_3,"(0, 82)",A celebrity on the other hand does things so they can come off as heroic to others.,Primary_Claim,adequate,"Paragraph_1|Final_Claim|100,392","Paragraph_2|Primary_Claim|0,139"
"301b_MSU_essay|Paragraph_3|Data|84,179",Paragraph_3,"(84, 179)",They do good deeds so they can look better in the public's eyes. One example is when a celebrity,Data,ineffective,"Paragraph_3|Primary_Claim|0,82",-
