﻿discourse_id,discourse_part,discourse_boundary,discourse_text,adjudicated_discourse_type,adjudicated_effectiveness,adjudicated_hierarchical,adjudicated_parallel
"302b_MSU_essay|Paragraph_1|Nonannotated|0,418",Paragraph_1,"(0, 418)","In the world today many people often view celebrities and heroes as the same thing. In the world's superficial and twisted perception of things, in today's society, as long as you have some sort of a higher status among the common man, then you are a hero and or a celebrity. Its a shame that today celebrities aren't necessarily known for their accomplishments and good hearts; but rather for their notorious mistakes.",Nonannotated,-,-,-
"302b_MSU_essay|Paragraph_1|Final_Claim|420,542",Paragraph_1,"(420, 542)","I personally believe that we can be fond of big time celebrities, but should only admire and strive to be like true heroes.",Final_Claim,adequate,-,-
"302b_MSU_essay|Paragraph_2|Primary_Claim|0,144",Paragraph_2,"(0, 144)","Being fond of celebrities is not a sin in any shape, form, or fashion, just as long as it does not escalate into anything rather than admiration.",Primary_Claim,adequate,"Paragraph_1|Final_Claim|420,542","Paragraph_3|Primary_Claim|0,102"
"302b_MSU_essay|Paragraph_2|Data|146,748",Paragraph_2,"(146, 748)","Granted there are some celebrities in the world today who can also be classified as heroes, but for the most part celebrities are known for their peculiar skill and noticeable looks. Despite the fact that celebrities may strike the common man as righteous and heroic, but in actuality they are far from heroic people. For example, Michael Jackson changed music in the industry forever. Some considered him as god, others an icon. It is true that he did set a new tone to the music industry, but he then got accusations of child molestation, and hung his kid off of the balcony and dangled it in the air. In addition to Jackson's misfortunes, you then have O.J. ""The Juice"" Simpson. Incredible USC, Heisman winning running back. He was considered to be one of the greatest. Post football career, Simpson is facing accusation charges of murdering his girlfriend and her alleged cheating partner Therefore celebrities are not people that we should strive to be like, but simply just people to admire the work they produce by excelling in whatever field they reside in.",Data,effective,"Paragraph_2|Primary_Claim|0,144",-
"302b_MSU_essay|Paragraph_3|Primary_Claim|0,102",Paragraph_3,"(0, 102)","Along with admiring celebrities, there is absolutely no harm in admiring and looking up to true heroes.",Primary_Claim,adequate,"Paragraph_1|Final_Claim|420,542","Paragraph_2|Primary_Claim|0,144"
"302b_MSU_essay|Paragraph_3|Data|104,1215",Paragraph_3,"(104, 1215)","Heroes are men and women who will lay everything that they have, including their lives, on the line in order to obtain what is right. For example, on the tragic day of 9/11 Todd Beamer grouped some accomplices up and charged the hijackers of the plane heading toward the pentagon in Washington D.C. He was nothing special to look at such as Hollywood celebs, but he had a good heart and new that he had to save important government officials in that building and lost his life in order to save another. That is the kind of person that you should strive to be like. Not necessarily to the extent of living your life ready to die, but rather take note of this man's demeanor and heart. He was your average guy who is now notorious and down in the history books as a hero for simply doing what he new was right and obtaining justice. Another hero one can look to be like is the man who does the Iron Man race with his handicapped son by his side. This man is his son's hero solely because he took his son to the marathon and completed each section of the course with his thirty year old child literally on his back.",Data,effective,"Paragraph_3|Primary_Claim|0,102",-
"302b_MSU_essay|Paragraph_4|Concluding_Summary|0,334",Paragraph_4,"(0, 334)","In summary, there is a very broad line of what classifies one as a celebrity and as a hero. It is simply my personal belief and opinion that we should admire heroes and strive to do great things like them. On the other hand there is no harm in admiring celebrities as long as we are fascinated by them and not inspired to be like them.",Concluding_Summary,effective,"Paragraph_1|Final_Claim|420,542",-
