﻿discourse_id,discourse_part,discourse_boundary,discourse_text,adjudicated_discourse_type,adjudicated_effectiveness,adjudicated_hierarchical,adjudicated_parallel
"303b_MSU_essay|Paragraph_1|Nonannotated|0,232",Paragraph_1,"(0, 232)",Can there be a truly original thought anymore? People have been around for so long it seems like every idea has been taken. Generations upon Generations seeking originality are why the generation of today find it hard to be original.,Nonannotated,-,-,-
"303b_MSU_essay|Paragraph_1|Final_Claim|234,401",Paragraph_1,"(234, 401)","There are somethings that people can still be original in though. Modern science may still deal with old ideas but, making those ideas into a reality is truly original.",Final_Claim,adequate,-,-
"303b_MSU_essay|Paragraph_2|Data|0,754",Paragraph_2,"(0, 754)","A lot of what science is working to create today are what science fiction writers, movie makers, and even some actors themselves have been working to make up in their head. The original thoughts of old science have become reality that leads to new original thoughts. Science is going to bring those ideas to reality. One can see it happening everyday. New advancements in the space programs across the world have led to the discoveries of not only new ideas but, new challenges that will insure the future generations will have plenty to work on. New fuel sources once thought impossible to harness, we now can use to power cities across the world. These advancements in technology have all led to more and more original thoughts and actual things to use.",Data,effective,"Paragraph_1|Final_Claim|234,401","Paragraph_3|Data|0,604"
"303b_MSU_essay|Paragraph_3|Data|0,604",Paragraph_3,"(0, 604)",The companies that make the technology that we have today have employed thousands just to think about original ideas. There is no doubt in any one persons mind that coming up with new ideas is not hard. It is one of the hardest things to do. The entertainment industry is by far having the hardest time. What is making it easier? The original technology that we have made to not only improve on the old but creates newer ideas. They now have television screens that are made from liquid organic material layered in between to thin layers of plastic. This makes them extremely flexible with out distortion.,Data,adequate,"Paragraph_1|Final_Claim|234,401","Paragraph_2|Data|0,754"
"303b_MSU_essay|Paragraph_4|Concluding_Summary|0,254",Paragraph_4,"(0, 254)","This way of new technology leading to new original ideas is what will keep the generations of the future hard at work. Original ideas are getting harder to come up with yes but, it is still possible. Modern science is helping create new original thoughts.",Concluding_Summary,adequate,"Paragraph_1|Final_Claim|234,401",-
