﻿discourse_id,discourse_part,discourse_boundary,discourse_text,adjudicated_discourse_type,adjudicated_effectiveness,adjudicated_hierarchical,adjudicated_parallel
"304b_MSU_essay|Paragraph_1|Nonannotated|0,221",Paragraph_1,"(0, 221)",Many celebrities are self made people that have worked their way up through the system and became who they are today from athletes to musicians most of them have trained and practiced enough to get to where they are today.,Nonannotated,-,-,-
"304b_MSU_essay|Paragraph_1|Concluding_Summary|1090,1343",Paragraph_1,"(1090, 1343)",Real heroes contribute something good to society and change the way we live for the better while most celebritys are over paid and all they do is cause trouble for themselves and others by being so full of themselves that they do not see the big picture.,Concluding_Summary,adequate,"Paragraph_1|Final_Claim|223,406",-
"304b_MSU_essay|Paragraph_1|Final_Claim|223,406",Paragraph_1,"(223, 406)",That being said i believe that we should not admire them as true heroes because i see a hero as someone who gives up his own well being for the good of another or the group as a whole.,Final_Claim,effective,-,-
"304b_MSU_essay|Paragraph_1|Counterclaim|408,455",Paragraph_1,"(408, 455)","There are many celebrities that are also heroes,",Counterclaim,adequate,"Paragraph_1|Final_Claim|223,406","Paragraph_1|Primary_Claim|697,779"
"304b_MSU_essay|Paragraph_1|Data|457,573",Paragraph_1,"(457, 573)",most give to some kind of charity and many have charitys that they have started and fund for the betterment of others,Data,adequate,"Paragraph_1|Counterclaim|408,455",-
"304b_MSU_essay|Paragraph_1|Rebuttal|575,695",Paragraph_1,"(575, 695)",while many others are just selfish and dont care about anybody else and these are the ones that we do not need to admire.,Rebuttal,adequate,"Paragraph_1|Counterclaim|408,455",-
"304b_MSU_essay|Paragraph_1|Primary_Claim|697,779",Paragraph_1,"(697, 779)",The real heroes of our society are the people that we do not recognize for being so,Primary_Claim,adequate,"Paragraph_1|Final_Claim|223,406","Paragraph_1|Counterclaim|408,455"
"304b_MSU_essay|Paragraph_1|Data|781,1088",Paragraph_1,"(781, 1088)",think about all the people that have given something up so that you can be where you are today and think about why they did that. Those are the real heroes and the real role models because they are the ones that teach you to think of others before yourself and to give to others before you take for yourself.,Data,adequate,"Paragraph_1|Primary_Claim|697,779",-
