﻿discourse_id,discourse_part,discourse_boundary,discourse_text,adjudicated_discourse_type,adjudicated_effectiveness,adjudicated_hierarchical,adjudicated_parallel
"306b_MSU_essay|Paragraph_1|Nonannotated|0,522",Paragraph_1,"(0, 522)","Originality is in the eye of the beholder. Lots of times, people in creative fields of work try to come up with something new, and run into the brick-wall of their idea being done before. Or so they think. How original an idea becomes the focal point so often that people miss the originality of the delivery. A person can come up with an idea, see that it has been done before, and modify theirs to be unique in delivery and action. Of the millions of people on the earth, someone most likely has thought of the same idea.",Nonannotated,-,-,-
"306b_MSU_essay|Paragraph_1|Final_Claim|524,838",Paragraph_1,"(524, 838)","But we are all unique in the way we see and think through ideas. If we see something differently, we learn differently, and express differently the ideas we have come to know. It is because of the uniqueness in everyone one of us that lets us mold our ""unoriginal"" ideas into unique, never-done-before masterpieces.",Final_Claim,adequate,-,-
"306b_MSU_essay|Paragraph_2|Primary_Claim|0,67",Paragraph_2,"(0, 67)",Our uniqueness allows us to see things from a different perspective.,Primary_Claim,adequate,"Paragraph_1|Final_Claim|524,838","Paragraph_3|Primary_Claim|0,65; Paragraph_4|Primary_Claim|0,101"
"306b_MSU_essay|Paragraph_2|Data|69,539",Paragraph_2,"(69, 539)","Take for example the current recycle campaigns. Going Green is definitely not an original idea. It has been around for a while. But this new push to recycle came when administrators tried to think of a way to get people to recycle. Because they changed the way they looked at recycling, they were able to change the way other people looked at recycling. Going green is not just an option for whenever it is convenient to you. It is portrayed as your duty to your world.",Data,effective,"Paragraph_2|Primary_Claim|0,67",-
"306b_MSU_essay|Paragraph_3|Primary_Claim|0,65",Paragraph_3,"(0, 65)",Our personal uniqueness also causes us to learn in different ways.,Primary_Claim,adequate,"Paragraph_1|Final_Claim|524,838","Paragraph_2|Primary_Claim|0,67; Paragraph_4|Primary_Claim|0,101"
"306b_MSU_essay|Paragraph_3|Data|67,688",Paragraph_3,"(67, 688)","Many times original ideas come from past failures. If you try to see positive in the mistakes, it is easier to see something didnt work. When you can learn that you can change your idea so that it makes more sense to you and your learning preferences and you are bound to connect with someone else who has similar learning strategies. Teachers see this a lot. They can tell when material is not being completely taken in by the students. The teacher can take this and know how they learn it may work the same for the children and can come up with a different way of presenting the material so that they pick it up faster.",Data,adequate,"Paragraph_3|Primary_Claim|0,65",-
"306b_MSU_essay|Paragraph_4|Primary_Claim|0,101",Paragraph_4,"(0, 101)",Personal uniqueness in the way we express ourselves is one of the most important parts of being human.,Primary_Claim,adequate,"Paragraph_1|Final_Claim|524,838","Paragraph_2|Primary_Claim|0,67; Paragraph_3|Primary_Claim|0,65"
"306b_MSU_essay|Paragraph_4|Data|103,508",Paragraph_4,"(103, 508)","We can see something that many people have thought of but when we put our personal experience into it and it becomes unique and special. Look at todays music. You would think after billions of songs have been produced that there would be nothing left undone. Still, artist come up with very original songs portraying their personal experiences. These songs are unique to them which pulls the listeners in.",Data,adequate,"Paragraph_4|Primary_Claim|0,101",-
"306b_MSU_essay|Paragraph_5|Concluding_Summary|0,401",Paragraph_5,"(0, 401)","Originality may be a lofty goal, but it is achievable. It is not that everyone can discover something brand new, because there isnt much material left that has been untouched. What makes things original is the uniqueness of the artist or musician or business sales man or teacher. When you put yourself into your work, your uniqueness shows whether you planned it to or not. Uniqueness is originality.",Concluding_Summary,adequate,"Paragraph_1|Final_Claim|524,838",-
