﻿discourse_id,discourse_part,discourse_boundary,discourse_text,adjudicated_discourse_type,adjudicated_effectiveness,adjudicated_hierarchical,adjudicated_parallel
"307b_MSU_essay|Paragraph_1|Nonannotated|0,173",Paragraph_1,"(0, 173)","One of the things I value most in life would be originality. Not just originality for myself, but originality as a whole. I appreciate orginal things and find them honorable.",Nonannotated,-,-,-
"307b_MSU_essay|Paragraph_1|Final_Claim|175,306",Paragraph_1,"(175, 306)","Although most would think that something original or unique might be easy to stumble upon, in the world we live in today, it is not.",Final_Claim,adequate,-,-
"307b_MSU_essay|Paragraph_2|Data|0,535",Paragraph_2,"(0, 535)","Being a citizen of America, I believe that media has and will continue to become a huge influence on our people. We are wrapped up in celebrities, and television, and making sure we sport a name brand on the pocket of our jeans or the sunglasses we wear. In reality, none of this matters. I am certainly at fault when it comes to being influenced by the media. I love a good pair of citizen jeans and my RayBans are one my favorite items I own, but I know that having all these things does not matter and takes away from my originality.",Data,effective,"Paragraph_2|Primary_Claim|537,639",-
"307b_MSU_essay|Paragraph_2|Primary_Claim|537,639",Paragraph_2,"(537, 639)",I believe the media and its influence on us takes away from a lot of potential uniqueness one may have.,Primary_Claim,effective,"Paragraph_1|Final_Claim|175,306","Paragraph_3|Primary_Claim|0,53; Paragraph_4|Primary_Claim|0,34"
"307b_MSU_essay|Paragraph_3|Primary_Claim|0,53",Paragraph_3,"(0, 53)",Where we live everyone is encouraged to be at the top.,Primary_Claim,ineffective,"Paragraph_1|Final_Claim|175,306","Paragraph_2|Primary_Claim|537,639; Paragraph_4|Primary_Claim|0,34"
"307b_MSU_essay|Paragraph_3|Data|55,717",Paragraph_3,"(55, 717)","Being an average person is not necessarily adequate. I am not saying everyone should not perform their best at all times, but we should not beat up ourselves for being an average citizen. Money is not everything. Getting wrapped up in these things hinders our ability to be who we truly are. For example, someone always trying to invent something new, or a co-worker trying to impress their boss in front of the ""big guy"" everyday, or maybe a music composer that just can not seem to hit the right notes lately. These are all things that we as people let surround and take over us. They cause us to forget about ourselves and slowly form into the mold of com ort.",Data,adequate,"Paragraph_3|Primary_Claim|0,53",-
"307b_MSU_essay|Paragraph_4|Primary_Claim|0,34",Paragraph_4,"(0, 34)",People are scared to be themselves.,Primary_Claim,adequate,"Paragraph_1|Final_Claim|175,306","Paragraph_2|Primary_Claim|537,639; Paragraph_3|Primary_Claim|0,53"
"307b_MSU_essay|Paragraph_4|Data|36,411",Paragraph_4,"(36, 411)","We live in a judgmental society. If a kid at school does not fit in he may try or do something he normally would not just for the thrill that he may soon fit the status quo. Even though we may not realize it, we are all consumed with what others think of us. This causes an obstacle when it comes to being original. We need to be ourselves and let others take it, or leave it.",Data,adequate,"Paragraph_4|Primary_Claim|0,34",-
"307b_MSU_essay|Paragraph_5|Concluding_Summary|0,349",Paragraph_5,"(0, 349)","I do think people can truly be original. I also think our world distorts that originality. It takes a very strong-willed person to hang on to their uniqueness and use it as God would want them to. I applaud those who do so, but I also think originality is a natural thing, it is not something you should have to try at, we should simply be ourselves.",Concluding_Summary,adequate,"Paragraph_1|Final_Claim|175,306",-
