﻿discourse_id,discourse_part,discourse_boundary,discourse_text,adjudicated_discourse_type,adjudicated_effectiveness,adjudicated_hierarchical,adjudicated_parallel
"308b_MSU_essay|Paragraph_1|Nonannotated|0,140",Paragraph_1,"(0, 140)",Many believe in this day and age that humanity as a whole is past its golden age and now may only repeat what other masters have done before.,Nonannotated,-,-,-
"308b_MSU_essay|Paragraph_1|Final_Claim|142,371",Paragraph_1,"(142, 371)","While it is hard for people to step out of the over-influence it can be done. Artists and writers usually have a harder time than scientists due to the influence that the past have on artists, which is lacking in the science area.",Final_Claim,adequate,-,-
"308b_MSU_essay|Paragraph_2|Primary_Claim|0,159",Paragraph_2,"(0, 159)",Past artists and writers greatly influence today's art and books which is one reason why this group of people have a harder time to think of something original.,Primary_Claim,effective,"Paragraph_1|Final_Claim|142,371","Paragraph_3|Primary_Claim|0,117"
"308b_MSU_essay|Paragraph_2|Data|161,381",Paragraph_2,"(161, 381)",How many use Shakespeare as their muse or Van Gogh as their inspiration? Artists and writers today modal their work off of others which makes it that much harder to artists and writers to break free of the over-influence.,Data,adequate,"Paragraph_2|Primary_Claim|0,159",-
"308b_MSU_essay|Paragraph_3|Primary_Claim|0,117",Paragraph_3,"(0, 117)",Scientists are a different matter in that most start from past research but expand or move from that to something new.,Primary_Claim,adequate,"Paragraph_1|Final_Claim|142,371","Paragraph_2|Primary_Claim|0,159"
"308b_MSU_essay|Paragraph_3|Data|119,553",Paragraph_3,"(119, 553)",For instance someone might start with the basic principle of string theory but expand to the space-time continuum then to interstellar travel etc. Meaning that in the field of science it is far more likely that one can break free from over-influence. Also space is barely touched upon meaning that scientists in that field are far more likely to find something new and revolutionizing than an artists trying to display human character.,Data,adequate,"Paragraph_3|Primary_Claim|0,117",-
"308b_MSU_essay|Paragraph_4|Concluding_Summary|0,457",Paragraph_4,"(0, 457)","Over-influence is hard to break free from especially for artists and writers. These people usually use past artists and writers to influence them so it is hard to break from the past influence. In the field of science however, people have an easier time breaking free. Science usually starts with one idea and expands off of that idea rather than start with an idea and explore in that idea. No matter what subject though there is always room for to improve.",Concluding_Summary,adequate,"Paragraph_1|Final_Claim|142,371",-
