﻿discourse_id,discourse_part,discourse_boundary,discourse_text,adjudicated_discourse_type,adjudicated_effectiveness,adjudicated_hierarchical,adjudicated_parallel
"309b_MSU_essay|Paragraph_1|Final_Claim|0,382",Paragraph_1,"(0, 382)","Can people ever truly be original? Indeed they can. Although I once heard that imitation is the best form of flattery; some people have ""it."" Some beings are simply creative and unique within themselves. Those are who I have found to be the most original; and while some people imitate, it is an imitation from within their own mind and can be considered original in certain aspects.",Final_Claim,adequate,-,-
"309b_MSU_essay|Paragraph_2|Primary_Claim|0,201",Paragraph_2,"(0, 201)","The prompt for this essay states that ""everyone wants to create something new, but at best we can only hope to repeat or imitate whats has already been done."" That is something I do not find to be true.",Primary_Claim,adequate,"Paragraph_1|Final_Claim|0,382","Paragraph_3|Primary_Claim|0,65; Paragraph_4|Primary_Claim|0,139"
"309b_MSU_essay|Paragraph_2|Data|203,398",Paragraph_2,"(203, 398)","I believe that ones' greatest he or she can create something completely new and unique. The Creater made us all individually, and individually I believe that we can bring quite a bit to the table.",Data,adequate,"Paragraph_2|Primary_Claim|0,201",-
"309b_MSU_essay|Paragraph_3|Primary_Claim|0,65",Paragraph_3,"(0, 65)",Something doesn't have to be outstandingly amazing to be original.,Primary_Claim,adequate,"Paragraph_1|Final_Claim|0,382","Paragraph_2|Primary_Claim|0,201; Paragraph_4|Primary_Claim|0,139"
"309b_MSU_essay|Paragraph_3|Data|67,353",Paragraph_3,"(67, 353)","In all actuality, it could a horrible piece of work or art or whatever it may be, but at the end of the day, something is indeed original. Take a look at Mozart or Picasso, their work is original. At the time it was abstract, even still today, but the originality is what made it famous.",Data,adequate,"Paragraph_3|Primary_Claim|0,65",-
"309b_MSU_essay|Paragraph_4|Primary_Claim|0,139",Paragraph_4,"(0, 139)","In this day and time we have people like Lady Gaga, who is past extreme and very odd. She is an original musical artist, weird but original.",Primary_Claim,adequate,"Paragraph_1|Final_Claim|0,382","Paragraph_2|Primary_Claim|0,201; Paragraph_3|Primary_Claim|0,65"
"309b_MSU_essay|Paragraph_4|Data|141,295",Paragraph_4,"(141, 295)","Have you checked out her record sales lately? They are through the roof. Everybody wants to be like her, even though her antics are wild and unprecedented.",Data,adequate,"Paragraph_4|Primary_Claim|0,139",-
"309b_MSU_essay|Paragraph_5|Concluding_Summary|0,238",Paragraph_5,"(0, 238)","When everything is said and done, I believe that people can definitely be truly original. Originality might be rare and sure to come at a price but it is definitely there waiting for someone to find it and show it to the rest of the world.",Concluding_Summary,adequate,"Paragraph_1|Final_Claim|0,382",-
