﻿discourse_id,discourse_part,discourse_boundary,discourse_text,adjudicated_discourse_type,adjudicated_effectiveness,adjudicated_hierarchical,adjudicated_parallel
"310b_MSU_essay|Paragraph_1|Nonannotated|0,403",Paragraph_1,"(0, 403)","How does a person know if he or she is truely original? Many people wonder if what they have created has already been done before or if their song has been written before. On the other hand, how hard is it to create something that is an exact replica of something that has already been created without knowing about it?",Nonannotated,-,-,-
"310b_MSU_essay|Paragraph_1|Final_Claim|320,538",Paragraph_1,"(320, 538)",Although it is difficult to come up with an original work or to be original yourself I do not believe that it is impossible to be original because it is difficult to create something that is exactly like something else.,Final_Claim,effective,-,-
"310b_MSU_essay|Paragraph_2|Data|0,108",Paragraph_2,"(0, 108)",When a song writer writes his song he prides himself on the fact that his piece is an original one of a kind.,Data,effective,"Paragraph_2|Primary_Claim|110,288",-
"310b_MSU_essay|Paragraph_2|Primary_Claim|110,288",Paragraph_2,"(110, 288)",I believe that it is not difficult to copy what someone has done before but I also believe that it is difficult to copy someone else's work exactly as they did it unintentionally.,Primary_Claim,adequate,"Paragraph_1|Final_Claim|320,538","Paragraph_3|Primary_Claim|0,156"
"310b_MSU_essay|Paragraph_2|Data|290,512",Paragraph_2,"(290, 512)",If I am trying to create a work of art how can it be exactly like someone else's work of art? Something about the piece has to be different because the likelyhood of them being one hundred percent the same is very unlikely.,Data,adequate,"Paragraph_2|Primary_Claim|110,288",-
"310b_MSU_essay|Paragraph_3|Primary_Claim|0,156",Paragraph_3,"(0, 156)",I do believe that a person can be truly unique in his or her own work because the chances of their work being exactly the same as someone else's is not good.,Primary_Claim,adequate,"Paragraph_1|Final_Claim|320,538","Paragraph_2|Primary_Claim|110,288"
"310b_MSU_essay|Paragraph_3|Data|158,472",Paragraph_3,"(158, 472)",If a person could not be truly unique in his work then this essay I am writing is not a truly unique work. I know that another person has not written the exact same words as I have in the exact same order so therefore I know that this paper is unique. I do believe that it is possible to be unique in your own work.,Data,adequate,"Paragraph_3|Primary_Claim|0,156",-
"310b_MSU_essay|Paragraph_4|Concluding_Summary|0,609",Paragraph_4,"(0, 609)","I do not believe that a person can copy someone else's work without knowing about it. Duplicating someone's work unintentionally is almost impossible because something about the work has to be different even if it is one word it still makes it unique. If a person is intentionally copying someone's work then that one word would not matter but If a person is trying to create their own work then one word could make the difference. Therefore, I do not believe that it is impossible to be truly original in your own work because unless you are purposely trying to copy someone's work then your work is original.",Concluding_Summary,adequate,"Paragraph_1|Final_Claim|320,538",-
