﻿discourse_id,discourse_part,discourse_boundary,discourse_text,adjudicated_discourse_type,adjudicated_effectiveness,adjudicated_hierarchical,adjudicated_parallel
"311b_MSU_essay|Paragraph_1|Nonannotated|0,240",Paragraph_1,"(0, 240)","Many artists achieve new accomplishments every day. furthermore, they create thier own masterpieces by putting the time and effort into specific projects. In a way, all people are artists painting a picture of themselves for everyone to see.",Nonannotated,-,-,-
"311b_MSU_essay|Paragraph_1|Final_Claim|242,477",Paragraph_1,"(242, 477)",We are all original in that way by the style and personality in which is brought out. Some may choose to express themselves through music or art or science but everyone has their own unique methods to show individuality and originality.,Final_Claim,effective,-,-
"311b_MSU_essay|Paragraph_2|Primary_Claim|0,114",Paragraph_2,"(0, 114)","However, many songs and movies are repeated and redone, they still have different elements that make them original.",Primary_Claim,effective,"Paragraph_1|Final_Claim|242,477","Paragraph_2|Primary_Claim|300,394; Paragraph_3|Primary_Claim|0,138"
"311b_MSU_essay|Paragraph_2|Data|116,298",Paragraph_2,"(116, 298)",Most remakes are not done by the same band or cast of the original piece of work. They have different voices or personalities that enable them to create new masterpieces of their own.,Data,adequate,"Paragraph_2|Primary_Claim|0,114",-
"311b_MSU_essay|Paragraph_2|Primary_Claim|300,394",Paragraph_2,"(300, 394)","On the other hand, scientists use what is already learned to build new theories or experiments. ",Primary_Claim,effective,"Paragraph_1|Final_Claim|242,477","Paragraph_2|Primary_Claim|0,114; Paragraph_3|Primary_Claim|0,138"
"311b_MSU_essay|Paragraph_2|Data|396,630",Paragraph_2,"(396, 630)","For example, science has allowed the world to fit thousands of song into a very small iPod or mp3 player. Also, technology is growing at an accelled rate. These new advances are original and have never been created at any earlier date.",Data,adequate,"Paragraph_2|Primary_Claim|300,394",-
"311b_MSU_essay|Paragraph_3|Primary_Claim|0,138",Paragraph_3,"(0, 138)","Although people may look similiar or share common traits, no two people in the world are just alike and behave the same in every situation.",Primary_Claim,effective,"Paragraph_1|Final_Claim|242,477","Paragraph_2|Primary_Claim|0,114; Paragraph_2|Primary_Claim|300,394"
"311b_MSU_essay|Paragraph_3|Data|140,470",Paragraph_3,"(140, 470)","We all have an original DNA that brings out the characteristics in which we possess. This proves that we are all original. Some may act in certain ways that seem typical but they still express themselves in some way even if it is not intended that is unique. For example, attractions are made between people through small gestures.",Data,adequate,"Paragraph_3|Primary_Claim|0,138",-
