﻿discourse_id,discourse_part,discourse_boundary,discourse_text,adjudicated_discourse_type,adjudicated_effectiveness,adjudicated_hierarchical,adjudicated_parallel
"312b_MSU_essay|Paragraph_1|Nonannotated|0,592",Paragraph_1,"(0, 592)","What does it mean to be truly original? Most ideas for entertainment have been done. Science fiction, historical fiction, and dramatic biographies are all categories that have been explored multiple times over the years. Many classic works have been remade with a modern flair and have been quite successful; however, many believe these remakes do not compare to the original piece. With so many ideas already tried, it is very hard to come up with original ideas. This might also be because the thinkers and creators way of thinking is swayed to the ideas they have already been exposed to.",Nonannotated,-,-,-
"312b_MSU_essay|Paragraph_1|Final_Claim|594,707",Paragraph_1,"(594, 707)","Original thoughts and ideas are possible, but they are not likely simply because the human imagination has limits.",Final_Claim,effective,-,-
"312b_MSU_essay|Paragraph_2|Primary_Claim|0,114",Paragraph_2,"(0, 114)","Star Trek, Battlestar Galactica, and many other science fiction dramas are based on all of the same principles.",Primary_Claim,adequate,"Paragraph_1|Final_Claim|594,707","Paragraph_3|Primary_Claim|0,120; Paragraph_4|Primary_Claim|0,148"
"312b_MSU_essay|Paragraph_2|Data|116,559",Paragraph_2,"(116, 559)","Yes, they do have different characters from planets with different names and atmospheres, but the basic concept is still the same. Indiana Jones, National Treasure, and historical fiction along the same lines are all based on a central principle as well. Perhaps these movies are so similar because the publics view of their category is very narrow and thinking too far away from the central concept is beyond the viewing audiences grasp.",Data,adequate,"Paragraph_2|Primary_Claim|0,114",-
"312b_MSU_essay|Paragraph_3|Primary_Claim|0,120",Paragraph_3,"(0, 120)","Flight of the Phoenix, Sherlock Holmes, and War of the Worlds are all highly anticipated remakes of classic movies.",Primary_Claim,adequate,"Paragraph_1|Final_Claim|594,707","Paragraph_2|Primary_Claim|0,114; Paragraph_4|Primary_Claim|0,148"
"312b_MSU_essay|Paragraph_3|Data|122,456",Paragraph_3,"(122, 456)","Phoenix was a big hit in the box office simply because of the title; however, viewers who had seen the original were left disappointed. Old timers say, If it aint broke, dont fix it. Maybe that is why remakes normally fail. On the same idea, why do something completely original when you know what kind of entertainment succeeds?",Data,adequate,"Paragraph_3|Primary_Claim|0,120",-
"312b_MSU_essay|Paragraph_4|Primary_Claim|0,148",Paragraph_4,"(0, 148)","In the entertainment business, there is a vast array of different concepts. So many ideas have been attempted, there is little room for anything new.",Primary_Claim,effective,"Paragraph_1|Final_Claim|594,707","Paragraph_2|Primary_Claim|0,114; Paragraph_3|Primary_Claim|0,120"
"312b_MSU_essay|Paragraph_4|Data|76,496",Paragraph_4,"(76, 496)","The creators imagination is affected by the works and creativity that has come before them, and perhaps that plays a part in the progression of the entertainment world. A status quo has been enacted on the human imagination. There is no way possible that extraterrestrial beings are four legged. At least that is what we have been led to believe.",Data,adequate,"Paragraph_4|Primary_Claim|0,74",-
"312b_MSU_essay|Paragraph_5|Concluding_Summary|0,357",Paragraph_5,"(0, 357)","Many entertainment experts encourage the idea of the central concept in a category. Sci-Fi, docudramas, and many others are all the same. The entertainment industry is used so much, it is filled with previously conceived ideas. The imagination is affected by what is already been done. In conclusion, the only limit to human originality is human imagination.",Concluding_Summary,effective,"Paragraph_1|Final_Claim|594,707",-
