﻿discourse_id,discourse_part,discourse_boundary,discourse_text,adjudicated_discourse_type,adjudicated_effectiveness,adjudicated_hierarchical,adjudicated_parallel
"313b_MSU_essay|Paragraph_1|Final_Claim|0,415",Paragraph_1,"(0, 415)","Originality and uniqueness are hard to find these days. It seems that every idea has been thought of already. I think, though, people can still be unique. Not all people think in the same ways or take the same steps to do the same thing. The outcome may be different but the procedure can vary greatly. Sometimes two things can do the exact same thing but look entirely different. I believe originality still exists.",Final_Claim,effective,-,-
"313b_MSU_essay|Paragraph_2|Primary_Claim|0,45",Paragraph_2,"(0, 45)","To start with, people think in different ways.",Primary_Claim,adequate,"Paragraph_1|Final_Claim|0,415","Paragraph_3|Primary_Claim|0,147"
"313b_MSU_essay|Paragraph_2|Data|413,646",Paragraph_2,"(413, 646)","This works with almost everything in life. Two dog groomers can work with the same type of dog and give them both the exact same cut but their processes can be entirely different. Although small, this is a way people are still unique.",Data,effective,"Paragraph_2|Primary_Claim|0,45","Paragraph_2|Data|47,411"
"313b_MSU_essay|Paragraph_2|Data|47,411",Paragraph_2,"(47, 411)","For example, a simple math problem, like two plus three plus seven plus five, can be solved in a few different ways. One person may add two and three to make five, then add that to five and get ten, then add ten and seven to get seventeen. Another person could say three plus seven is ten, then five plus two is seven, and add those together to still get seventeen.",Data,effective,"Paragraph_2|Primary_Claim|0,45","Paragraph_2|Data|413,646"
"313b_MSU_essay|Paragraph_3|Primary_Claim|0,147",Paragraph_3,"(0, 147)","On the other hand, people can make two things that do the exact same thing but they can look, feel, sound, taste, and even smell entirely different.",Primary_Claim,adequate,"Paragraph_1|Final_Claim|0,415","Paragraph_2|Primary_Claim|0,45"
"313b_MSU_essay|Paragraph_3|Data|149,565",Paragraph_3,"(149, 565)","Say I am looking for a toaster. I walk into the store and go to the appliance section. There are many different types of toasters. They come in many colors, shapes, and sizes. Some have buttons, some have levers, some even have knobs, but a toaster is still a toaster. If i stick a piece of bread in it, I will get a piece of toast. Some where, though, a person designed each toaster to look and work the way they do.",Data,effective,"Paragraph_3|Primary_Claim|0,147","Paragraph_3|Data|567,821; Paragraph_3|Data|823,986"
"313b_MSU_essay|Paragraph_3|Data|567,821",Paragraph_3,"(567, 821)","Another example is cars. Look at how many different types of cars there are. They come in any color, shape, or size you could imagine, but they still get you from Point A to Point B. They are all different though, and someone designed them to be that way.",Data,effective,"Paragraph_3|Primary_Claim|0,147","Paragraph_3|Data|149,565; Paragraph_3|Data|823,986"
"313b_MSU_essay|Paragraph_3|Data|823,986",Paragraph_3,"(823, 986)","Painters can paint the same things, but have a different outlook on them, and come up with entirely different paintings. This is another way people can be original.",Data,effective,"Paragraph_3|Primary_Claim|0,147","Paragraph_3|Data|149,565; Paragraph_3|Data|567,821"
"313b_MSU_essay|Paragraph_4|Concluding_Summary|0,312",Paragraph_4,"(0, 312)","I believe people are still capable of being unique and original. The outcome may be the same but the way different people think and feel about it or about making it may be different. Then again, the process or idea can be the same but they can look totally different. This is a sign of uniqueness and originality.",Concluding_Summary,effective,"Paragraph_1|Final_Claim|0,415",-
