﻿discourse_id,discourse_part,discourse_boundary,discourse_text,adjudicated_discourse_type,adjudicated_effectiveness,adjudicated_hierarchical,adjudicated_parallel
"314b_MSU_essay|Paragraph_1|Final_Claim|0,419",Paragraph_1,"(0, 419)","In my opinion, people can no longer be truly original. Most truly original things have already been done and are now just being copied over and over again. Movies and music seem to be the two things that most people copy things multiple times. When it comes to clothes and fashion trends everyone repeats things from past decades. And when you talk about people in general trying to be original, it almost never happens.",Final_Claim,adequate,-,-
"314b_MSU_essay|Paragraph_2|Primary_Claim|0,138",Paragraph_2,"(0, 138)",I have watched so many movies that I can basically predict what is going to happen at the end of a new movie that is similar to old movies.,Primary_Claim,adequate,"Paragraph_1|Final_Claim|0,419","Paragraph_3|Primary_Claim|0,69; Paragraph_4|Primary_Claim|0,121; Paragraph_5|Primary_Claim|0,59; Paragraph_6|Primary_Claim|0,78"
"314b_MSU_essay|Paragraph_2|Data|140,509",Paragraph_2,"(140, 509)","In ""chick-flicks"" the guy almost always gets the girl, it happens in different ways but he almost always gets her. Also, at some point in the movie the guy and the girl almost always get in a fight and don't talk for a while. Then one day they will randomly bump into each other and fall back in love. These are all sweet stories, but they are just becoming too generic.",Data,adequate,"Paragraph_2|Primary_Claim|0,138",-
"314b_MSU_essay|Paragraph_3|Primary_Claim|0,69",Paragraph_3,"(0, 69)","In music, many artists and songwriters probably have the same problem.",Primary_Claim,adequate,"Paragraph_1|Final_Claim|0,419","Paragraph_2|Primary_Claim|0,138; Paragraph_4|Primary_Claim|0,121; Paragraph_5|Primary_Claim|0,59; Paragraph_6|Primary_Claim|0,78"
"314b_MSU_essay|Paragraph_3|Data|71,217",Paragraph_3,"(71, 217)","Most everything has been done before. People now are starting to remake songs, and some are better and some are a lot worse than the original song.",Data,adequate,"Paragraph_3|Primary_Claim|0,69",-
"314b_MSU_essay|Paragraph_4|Primary_Claim|0,121",Paragraph_4,"(0, 121)","As for people in general, everyone tries to be original and tries to be unique but very, very few people can achieve this.",Primary_Claim,adequate,"Paragraph_1|Final_Claim|0,419","Paragraph_2|Primary_Claim|0,138; Paragraph_3|Primary_Claim|0,69; Paragraph_5|Primary_Claim|0,59; Paragraph_6|Primary_Claim|0,78"
"314b_MSU_essay|Paragraph_4|Data|123,720",Paragraph_4,"(123, 720)","I have noticed that while some people try to be original and different from everyone else, they end up doing the exact same thing as everyone else who is trying to be different. For example, people who are trying to be different usually wear different clothes than other people. Then one day somebody else tries to be different and they start wearing the same stuff that the other person started to wear. Then it more and more people start doing it to ""be different."" These people are not being different and original; they just think they are because the first person to do it was being different.",Data,adequate,"Paragraph_4|Primary_Claim|0,121",-
"314b_MSU_essay|Paragraph_5|Primary_Claim|0,59",Paragraph_5,"(0, 59)",For the clothing industry it is just as hard to be original.,Primary_Claim,adequate,"Paragraph_1|Final_Claim|0,419","Paragraph_2|Primary_Claim|0,138; Paragraph_3|Primary_Claim|0,69; Paragraph_4|Primary_Claim|0,121; Paragraph_6|Primary_Claim|0,78"
"314b_MSU_essay|Paragraph_5|Data|61,313",Paragraph_5,"(61, 313)","Everything in past decades always come back, such as leggings and big sweatshirts people are wearing them again. These people are probably not trying to be original they just liked the trend back then and want to bring it back, and it works for a while.",Data,adequate,"Paragraph_5|Primary_Claim|0,59",-
"314b_MSU_essay|Paragraph_6|Primary_Claim|0,78",Paragraph_6,"(0, 78)","Also, another problem with being original is that it could cost too much money.",Primary_Claim,adequate,"Paragraph_1|Final_Claim|0,419","Paragraph_2|Primary_Claim|0,138; Paragraph_3|Primary_Claim|0,69; Paragraph_4|Primary_Claim|0,121; Paragraph_5|Primary_Claim|0,59"
"314b_MSU_essay|Paragraph_6|Data|80,806",Paragraph_6,"(80, 806)","In the music, movie, book, and even clothing industry if you do something original it might not go over well. This would in turn cost that respective industry millions of dollars. If somebody does something and it is a very big hit, the more people want to try and recreate it to earn more money. If somebody makes a good movie, there will either be a sequel or a movie very similar to it. If somebody writes a song sells and it has a good beat, there will be another song very similar to it out within a month. And the same is true with clothes, if somebody has just come out with a new trend then within a month every store you go to will have it. This is because it makes money and that is all people care about sometimes.",Data,adequate,"Paragraph_6|Primary_Claim|0,78",-
"314b_MSU_essay|Paragraph_7|Concluding_Summary|0,219",Paragraph_7,"(0, 219)","In this day and age, everyone is trying to be different and original. This causes most people to just look like they are doing the same thing as everyone else. In reality, though, they arent they just look like copiers.",Concluding_Summary,adequate,"Paragraph_1|Final_Claim|0,419",-
