﻿discourse_id,discourse_part,discourse_boundary,discourse_text,adjudicated_discourse_type,adjudicated_effectiveness,adjudicated_hierarchical,adjudicated_parallel
"315b_MSU_essay|Paragraph_1|Final_Claim|0,662",Paragraph_1,"(0, 662)","Throughout the centuries humans have attempted to develop new methods and ideas. Despite all thir hard work, however, it appears that the same ideas are simply rehashed in varying ways. There are no more original ideas. Concepts that are around today are simply modified versions of ideas that have been around for centuries. This does not reflect badly on the human race, however, but instead emphasises the value of these ideas. The ideas of love, magic, peace, war, and communication are universal truths. While these ideas remain concrete, the interpretations do change. Differnet interpretations of universal themes allow humans to express their originality.",Final_Claim,adequate,-,-
"315b_MSU_essay|Paragraph_2|Primary_Claim|0,63",Paragraph_2,"(0, 63)",The idea of love has been expressed in different ways over time.,Primary_Claim,adequate,"Paragraph_1|Final_Claim|0,662","Paragraph_3|Primary_Claim|0,76; Paragraph_4|Primary_Claim|0,84"
"315b_MSU_essay|Paragraph_2|Data|65,634",Paragraph_2,"(65, 634)","Shakespeare considered love to be "" a many splendored thing"" that could exist between two indiviuals despite their sex. Love did not constitute a sexual relationship, but was instead based upon a companionship or fellowship of the minds. New Testament writers saw love in a similar light, as a love between brothers. This idea of deep devotion has always been accepted. In the Victorian era, love emerged as a concept to describe the relationship between man and woman. Over time, although the application of love may have changed, the overall meaning remained the same.",Data,effective,"Paragraph_2|Primary_Claim|0,63",-
"315b_MSU_essay|Paragraph_3|Primary_Claim|0,76",Paragraph_3,"(0, 76)",God is another idea that has evolved over the centuries and across the globe.,Primary_Claim,adequate,"Paragraph_1|Final_Claim|0,662","Paragraph_2|Primary_Claim|0,63; Paragraph_4|Primary_Claim|0,84"
"315b_MSU_essay|Paragraph_3|Data|78,479",Paragraph_3,"(78, 479)","One could argue that within all human beings is an idea of God or a need for some type of Higher Power. Every civilization has at its heart some Supreme Being who serves as a legal guide and a moral compass. The concept of God may evolve, but it is always present. God may come in many forms such as a Supreme Force or even as something as trivial as money, as long as it serves its purpose as a guide.",Data,effective,"Paragraph_3|Primary_Claim|0,76",-
"315b_MSU_essay|Paragraph_4|Primary_Claim|0,84",Paragraph_4,"(0, 84)","In terms of literature, there are no truely unique ideas, but there are unique spins.",Primary_Claim,adequate,"Paragraph_1|Final_Claim|0,662","Paragraph_2|Primary_Claim|0,63; Paragraph_3|Primary_Claim|0,76"
"315b_MSU_essay|Paragraph_4|Data|86,1345",Paragraph_4,"(86, 1345)","For example, the story of a blood-sucking fiend may have first become famous with Bram Stoker's Dracula. Although his work is regarded as the quinessential vampire, vampire novels existed before him and continue to flourish now. Stoker's fiend was a truely foul creature which reflected the fear of the unknown and death that was present in his time of raging epidemics and fierce warfare. The vampire would then evolve to a creature of beauty who embodied humanity's need for immortality and invincibility. He then evolved into a creature who struggles with the condition of his soul and the effects that actions beyond his control will play on him. This version, primarily developed by Anne Rice, depicts humans desire to balance their own morality and to justify their actions to themselves and to God. Stephanie Meyer's vampires reflect a watered down version of a vampire who is still struggling with the weight of his eternal damnation against the love he has for a human. Now the vampire has completely reversed the role he had as a monster to that of a Harlequin hero. The basic characteristics have remained the same over the centuries, after all he is still a blood sucking creature, but the way he views himself and is viewed by society has changed.",Data,effective,"Paragraph_4|Primary_Claim|0,84",-
"315b_MSU_essay|Paragraph_5|Concluding_Summary|0,284",Paragraph_5,"(0, 284)","Originality can exisit, but is not an essential human characteristic. Mankind will always return to the basic universal themes, but they may be interpreted in slightly differnet forms. Artists today strive to make their own unique interpretaions that will appeal to the audience today.",Concluding_Summary,adequate,"Paragraph_1|Final_Claim|0,662",-
