﻿discourse_id,discourse_part,discourse_boundary,discourse_text,adjudicated_discourse_type,adjudicated_effectiveness,adjudicated_hierarchical,adjudicated_parallel
"316b_MSU_essay|Paragraph_1|Nonannotated|0,270",Paragraph_1,"(0, 270)","Everyone desires to be original but in today's society, it seems almost impossible to do so. It seems as though everything we see in today's society can be traced back to an original source. It seems as though there is a repetative cycle and nothing can ever be original.",Nonannotated,-,-,-
"316b_MSU_essay|Paragraph_1|Final_Claim|272,340",Paragraph_1,"(272, 340)","I, however, feel as though originality is in the eye of the beholder.",Final_Claim,adequate,-,-
"316b_MSU_essay|Paragraph_2|Primary_Claim|0,79",Paragraph_2,"(0, 79)",Originality can exist only to those people who have never experience the former.,Primary_Claim,adequate,"Paragraph_1|Final_Claim|272,340","Paragraph_2|Primary_Claim|445,495"
"316b_MSU_essay|Paragraph_2|Primary_Claim|445,495",Paragraph_2,"(445, 495)","Originality does exist, depending on the viewpoint.",Primary_Claim,adequate,"Paragraph_1|Final_Claim|272,340","Paragraph_2|Primary_Claim|0,79"
"316b_MSU_essay|Paragraph_2|Data|497,832",Paragraph_2,"(497, 832)","Originality also can exist in the way we view the world. If we view the world, looking for something new each day, we can find it. For example, if I walk across campus, I will find something that I didn't notice the day before. Something will become to me. Originality and newness does not really exist, but is waiting to be discovered,",Data,adequate,"Paragraph_2|Primary_Claim|445,495",-
"316b_MSU_essay|Paragraph_2|Data|81,443",Paragraph_2,"(81, 443)","For example, my generation has never experienced some of the clothing and fashion that existed in the 1960's. Clothing styles that did exist in the 1960's are now being seen in many stores and fashion magazines. The retro clothing is now new to my generation. Although the clothing is not origianl, it is original to my generation because we never experienced it.",Data,effective,"Paragraph_2|Primary_Claim|0,79",-
"316b_MSU_essay|Paragraph_3|Nonannotated|0,200",Paragraph_3,"(0, 200)","Originality seems to be something everyone wants to achieve. By being original, one stands out from the crowd, inspiring others. In everyone's quest to be original, we must try to create something new.",Nonannotated,-,-,-
"316b_MSU_essay|Paragraph_3|Concluding_Summary|0,299",Paragraph_3,"(0, 299)","Originality will never truly exist, but this will not stop everyone from attempting to acquire it.",Concluding_Summary,ineffective,"Paragraph_1|Final_Claim|272,340",-
