﻿discourse_id,discourse_part,discourse_boundary,discourse_text,adjudicated_discourse_type,adjudicated_effectiveness,adjudicated_hierarchical,adjudicated_parallel
"317b_MSU_essay|Paragraph_1|Final_Claim|0,203",Paragraph_1,"(0, 203)","A person can be original in the way they go about something even though it may have been done before. Whether it's fashion, business, sports, or even food; the speed, rhythm, or pattern makes it original.",Final_Claim,effective,-,-
"317b_MSU_essay|Paragraph_2|Primary_Claim|0,109",Paragraph_2,"(0, 109)","Education is a process that is repeated over and over again, but how it is achieved is what makes it original.",Primary_Claim,adequate,"Paragraph_1|Final_Claim|0,203","Paragraph_3|Primary_Claim|0,54"
"317b_MSU_essay|Paragraph_2|Data|111,531",Paragraph_2,"(111, 531)","one of my fellow classmates took the A.C.T. and made a thirty. She was a very smart girl. She made all A's all the time. Another friend of mine made a 17, but he wasn't known for his education just his sports. His grades in school were no higher than B's. They both went to the same college and got the same amount in scholarship money. The guy just got an athletic scholarship, and the girl got and academic scholarship.",Data,adequate,"Paragraph_2|Primary_Claim|0,109",-
"317b_MSU_essay|Paragraph_3|Primary_Claim|0,54",Paragraph_3,"(0, 54)","Like education, fashion is also repeated over and over.",Primary_Claim,adequate,"Paragraph_1|Final_Claim|0,203","Paragraph_2|Primary_Claim|0,109"
"317b_MSU_essay|Paragraph_3|Data|56,431",Paragraph_3,"(56, 431)","The clothes my mother wore in high school, I now wear in college. But the difference is the name brand and the order of style. They may have wore jeans and a button down with flats; today they are worn with heels. my mom may have only worn rain boots when it rained, but now they are worn if they go with their outfit.These are the same clothes, but with just a lil difference",Data,adequate,"Paragraph_3|Primary_Claim|0,54",-
"317b_MSU_essay|Paragraph_4|Concluding_Summary|0,262",Paragraph_4,"(0, 262)","Most of the time people are imitating someone,and it's more than likely on purpose. Even though they may be a imitation there is always that little something that makes them original. Whether it is the shinier the shoe or the faster the process, it is orginality.",Concluding_Summary,adequate,"Paragraph_1|Final_Claim|0,203",-
