﻿discourse_id,discourse_part,discourse_boundary,discourse_text,adjudicated_discourse_type,adjudicated_effectiveness,adjudicated_hierarchical,adjudicated_parallel
"318b_MSU_essay|Paragraph_1|Nonannotated|0,657",Paragraph_1,"(0, 657)","In our lifetimes, it is guaranteed that many things will be invented or created. Some of these creations may only be crazy ideas that people have turned into a product, but others can truly help us in life. The microwave oven, the air conditioner, the refrigerator, and especially the car are all inventions that people use every day. Novels, plays, and movies provide a source of entertainment for society, and a career for the people who create them and act in them. Where do these ""inventors"" get their inspiration however? Do they snatch the idea from someone else and take the credit, or are they just creative enough to think of these ideas themselves?",Nonannotated,-,-,-
"318b_MSU_essay|Paragraph_1|Final_Claim|659,735",Paragraph_1,"(659, 735)","People can be original, and the inventions of the past provide proof of that.",Final_Claim,effective,-,-
"318b_MSU_essay|Paragraph_2|Primary_Claim|0,118",Paragraph_2,"(0, 118)","If one were to take a trip back to the era of the ancient Greeks, they would find an era of philosophy and mathematics.",Primary_Claim,effective,"Paragraph_1|Final_Claim|659,735","Paragraph_3|Primary_Claim|0,98"
"318b_MSU_essay|Paragraph_2|Data|120,800",Paragraph_2,"(120, 800)","This was the time of learning and discovery. Ancient Greek philosophers, such as Plato, developed new ideas as to how the world and society work together. Pythagoras, among others, was a great mathematician who developed the Pythagorean theorem, which is a large part of Trigonometry today. Herodotus, a famous historian, informs us of the ancient world, and the events and battles that took place then These men are just a few examples of the pioneers that lived in those times, and the parts they played in the development of history, mathematics, and philosophy. No man had taken these subjects as far as those mentioned, and minds like these were truly original and brilliant.",Data,effective,"Paragraph_1|Final_Claim|659,735","Paragraph_3|Primary_Claim|0,98"
"318b_MSU_essay|Paragraph_3|Primary_Claim|0,98",Paragraph_3,"(0, 98)",Even in the modern day people are still finding ways to do things that no one has ever done before.,Primary_Claim,adequate,"Paragraph_1|Final_Claim|659,735","Paragraph_2|Primary_Claim|0,273"
"318b_MSU_essay|Paragraph_3|Data|100,722",Paragraph_3,"(100, 722)","Novels, plays, TV shows, and movies are all things that play a large part in the lives of many. The Harry Potter series, by J.K. Rowling, was a huge success throughout the world. Movies are made each year that people pay money to see, and although some are remakes, there is a movie every once in a while that is truly original and like no other. Even the people who write and produce television shows are taking the career to a new level. People are thinking of ideas for shows that have never been imagined before. A good example is the show ""Lost"", nobody had ever seen a show like it, and it has many viewers worldwide.",Data,effective,"Paragraph_3|Primary_Claim|0,98",-
"318b_MSU_essay|Paragraph_4|Concluding_Summary|0,330",Paragraph_4,"(0, 330)","Many inventions have become critical to human society. Transportation, academics, and entertainment are all things that people take advantage of each day. The people who created these things are truly unique. Whether it is the ancient Greeks, famous writers, or even famous directors, it is guaranteed that many are truly original.",Concluding_Summary,effective,"Paragraph_1|Final_Claim|659,735",-
