﻿discourse_id,discourse_part,discourse_boundary,discourse_text,adjudicated_discourse_type,adjudicated_effectiveness,adjudicated_hierarchical,adjudicated_parallel
"319b_MSU_essay|Paragraph_1|Nonannotated|0,179",Paragraph_1,"(0, 179)","In the past many people developed new and unique ideas. These ideas became sports, books, paintings, and much more. Yet today this question stands, can people ever be truly unique?",Nonannotated,-,-,-
"319b_MSU_essay|Paragraph_1|Final_Claim|181,304",Paragraph_1,"(181, 304)","Sure we improve and develop ideas, but are they can not be original anymore due to the fact that most things have been done.",Final_Claim,effective,-,-
"319b_MSU_essay|Paragraph_2|Primary_Claim|0,135",Paragraph_2,"(0, 135)","In today's society we hear or read things that we think are new and original, but then we hear and read something similar from the past.",Primary_Claim,adequate,"Paragraph_1|Final_Claim|181,304","Paragraph_3|Primary_Claim|0,257"
"319b_MSU_essay|Paragraph_2|Data|137,762",Paragraph_2,"(137, 762)","Most things today have been accomplished in the past yet we think we invent something new. True enough the ideas from the past have been improved, but the original concept and idea still remain. Take jeans for example, they have been around for a long time and each year it seems as if the styles of the past have moved to the present. To make this old style appear new and original people have added many things to them. Some jeans have rips in the legs others have sequines on the pockets and down the side, but the same style from the past is still there, it is just simply the same old jeans with a little extra thrown in.",Data,effective,"Paragraph_2|Primary_Claim|0,135",-
"319b_MSU_essay|Paragraph_3|Primary_Claim|0,257",Paragraph_3,"(0, 257)","Art, may it be music, books, and even music, is yet another thing that people attempt to be original in. Although there are many different types of art, they all resemble something from the past. Many artest take past music and paintings and branch them out.",Primary_Claim,effective,"Paragraph_1|Final_Claim|181,304","Paragraph_2|Primary_Claim|0,135"
"319b_MSU_essay|Paragraph_4|Data|0,155",Paragraph_4,"(0, 155)","They may change the music, but the words are still there on the other hand the musician may change the words a little, but the original music tone is there.",Data,adequate,"Paragraph_3|Primary_Claim|0,103","Paragraph_4|Data|157,469"
"319b_MSU_essay|Paragraph_4|Data|157,469",Paragraph_4,"(157, 469)",The same goes for painters. A painter may take an old idea and improve it or even take things away. A good example of this would be if a present day artest took the Mona Lisa and finally gave her eyebrows and a real smile. He or she may even throw in a tattoo for laughs and call it original even though it isn't.,Data,adequate,"Paragraph_3|Primary_Claim|0,103","Paragraph_4|Data|0,155"
"319b_MSU_essay|Paragraph_5|Concluding_Summary|0,281",Paragraph_5,"(0, 281)","We all want to do something new and unique, but sadly it seems as if there is nothing left to invent. In the end we are stuck with trying to improve past ideas and calling these so called new ideas our originals. So in the end many would say that now we can never be truly original.",Concluding_Summary,effective,"Paragraph_1|Final_Claim|181,304",-
