﻿discourse_id,discourse_part,discourse_boundary,discourse_text,adjudicated_discourse_type,adjudicated_effectiveness,adjudicated_hierarchical,adjudicated_parallel
"31_MSU_essay|Paragraph_1|Final_Claim|0,127",Paragraph_1,"(0, 127)","Although it's very uncommon, I believe it is possible to still be somewhat original. It simply takes a little, extra creativity.",Final_Claim,effective,-,-
"31_MSU_essay|Paragraph_1|Data|129,383",Paragraph_1,"(129, 383)","Scientist are constantly discovering new things, authors, although often conforming to archetypes in their writing, create relatively new stories, and engineers and architects are constantly pushing the limits and creating new and exciting ""works of art""!",Data,effective,"Paragraph_1|Final_Claim|0,127","Paragraph_2|Data|0,295; Paragraph_3|Data|0,409; Paragraph_4|Data|0,357"
"31_MSU_essay|Paragraph_2|Data|0,295",Paragraph_2,"(0, 295)","Many new discoveries are made in the scientific fields every year. Within the past decade scientist have cloned animals, mapped the human genome, and explored regions of space formerly unseen. For scientist, the universe is regularly providing new fields to work in and new ideas to work towards.",Data,effective,"Paragraph_1|Final_Claim|0,127","Paragraph_1|Data|129,383; Paragraph_3|Data|0,409; Paragraph_4|Data|0,357"
"31_MSU_essay|Paragraph_3|Data|0,409",Paragraph_3,"(0, 409)","These days, many authors write purely original works. While the plots of these stories can easily be compared to some ancient archetypes, their is often something unique about the characters and their settings. I believe this is what makes the story it's own and therefore certainly not a mere copy of a previous work. Books such as Harry Potter and Twilight have defined recent readers interest and fantasies.",Data,effective,"Paragraph_1|Final_Claim|0,127","Paragraph_1|Data|129,383; Paragraph_2|Data|0,295; Paragraph_4|Data|0,357"
"31_MSU_essay|Paragraph_4|Data|0,357",Paragraph_4,"(0, 357)","Architects and engineers are designing new buildings everyday, and with the use of new technologies, they can often create structures which were previously impossible. Buildings such as an apartment tower which rotates on a central point, massive skyscrappers in Tokyo, and bridges which span farther than any before are redefining our cities and landscapes.",Data,effective,"Paragraph_1|Final_Claim|0,127","Paragraph_1|Data|129,383; Paragraph_2|Data|0,295; Paragraph_3|Data|0,409"
"31_MSU_essay|Paragraph_5|Concluding_Summary|0,268",Paragraph_5,"(0, 268)","To be original in present times is difficult. With so much history and so many prior ideas, designs, and discoveries, one might consider it nearly impossible to create anything original, but by stopping to look around, one might find an original right in front of them.",Concluding_Summary,adequate,"Paragraph_1|Final_Claim|0,127",-
