﻿discourse_id,discourse_part,discourse_boundary,discourse_text,adjudicated_discourse_type,adjudicated_effectiveness,adjudicated_hierarchical,adjudicated_parallel
"31b_MSU_essay|Paragraph_1|Nonannotated|0,181",Paragraph_1,"(0, 181)","Can a person be truly original? So many things have already been done throughout time that it can be hard to find something that has not already been done, to come up with new ideas.",Nonannotated,-,-,-
"31b_MSU_essay|Paragraph_1|Final_Claim|183,381",Paragraph_1,"(183, 381)","It seems, though, that this world and/or universe that we live in is so big, and there are so many unanswered questions that there has to be something new and truly original out there if we jsut try.",Final_Claim,adequate,-,-
"31b_MSU_essay|Paragraph_2|Primary_Claim|0,98",Paragraph_2,"(0, 98)",The main problem in today's society with trying to be original is that people really are not trying,Primary_Claim,adequate,"Paragraph_1|Final_Claim|183,381","Paragraph_3|Primary_Claim|0,106; Paragraph_4|Primary_Claim|0,82"
"31b_MSU_essay|Paragraph_2|Data|101,816",Paragraph_2,"(101, 816)","Most artists are trying to be different rather than orginal. The difference in being ""different"" and ""orignal"" is that a person who is original is someone who comes up with a completely new concept of how to do something or how to put themselves into what they are doing; being ""different"" is trying to find something that is still popular but not completely the same as everything else. Take the music industry for example. Most music artists want to make money so they sing about the same things other artists are singing about but just give it a different tune. If a music artist wanted to be truly oroginal they would take the risk of singing about a different issue, something people might actually think about.",Data,adequate,"Paragraph_2|Primary_Claim|0,98",-
"31b_MSU_essay|Paragraph_3|Primary_Claim|0,106",Paragraph_3,"(0, 106)",This is another example of why people are having trouble being original. They do not want to take the risk.,Primary_Claim,adequate,"Paragraph_1|Final_Claim|183,381","Paragraph_2|Primary_Claim|0,98; Paragraph_4|Primary_Claim|0,82"
"31b_MSU_essay|Paragraph_3|Data|108,430",Paragraph_3,"(108, 430)",This comes into hand with less artsy people such as scientists and businesspeople. There are so many un answered questions and new findings in this world and/or universe. Scientists would rather try to just have a new finding than to go into depth about what we already know and chance possibly being wrong about something.,Data,adequate,"Paragraph_3|Primary_Claim|0,106",-
"31b_MSU_essay|Paragraph_4|Primary_Claim|0,82",Paragraph_4,"(0, 82)",Another reason why it is hard to be original is because people can be very shallow.,Primary_Claim,adequate,"Paragraph_1|Final_Claim|183,381","Paragraph_2|Primary_Claim|0,98; Paragraph_3|Primary_Claim|0,106"
"31b_MSU_essay|Paragraph_4|Data|84,730",Paragraph_4,"(84, 730)","People do not want to think or talk about certain social issues in the world or have to think about others. Artists and scientists alike just want to make their money, support themselves. Artists that stick out in my mind as actually being original are Kanye West who sings about how little girls are dressing in very revealing clothing and act like supermodels rather than just being a kid, and Martina McBride who sings about a little girl who was a happy little girl and her parents abused and killed her. These artists are people who are standing for something and singing about something different from everyone else and being truly original.",Data,adequate,"Paragraph_4|Primary_Claim|0,82",-
"31b_MSU_essay|Paragraph_5|Concluding_Summary|0,154",Paragraph_5,"(0, 154)","It is hard in this world to be truly original since so much has been done. It may sound repeatitive, but everyone has to find their own way to be original.",Concluding_Summary,adequate,"Paragraph_1|Final_Claim|183,381",-
"31b_MSU_essay|Paragraph_5|Nonannotated|156,386",Paragraph_5,"(156, 386)","Find your gift and take it to a level or posistion that nobody else has taken. Be willing to answer a question, risk maybe being wrong or not making a certain amount of money, and actually try to be original and not just different.",Nonannotated,-,-,-
