﻿discourse_id,discourse_part,discourse_boundary,discourse_text,adjudicated_discourse_type,adjudicated_effectiveness,adjudicated_hierarchical,adjudicated_parallel
"320b_MSU_essay|Paragraph_1|Nonannotated|0,187",Paragraph_1,"(0, 187)","The United States of America was founded on the principle of innovation. From the very first landing at Plymouth to social media, America has set the bar high for innovation and invention.",Nonannotated,-,-,-
"320b_MSU_essay|Paragraph_1|Final_Claim|189,330",Paragraph_1,"(189, 330)","The United States Patent Office holds millions of ideas of unique products and methods. From these findings, people certainly can be original.",Final_Claim,adequate,-,-
"320b_MSU_essay|Paragraph_2|Data|0,388",Paragraph_2,"(0, 388)","The number of inventions produced in America is certainly world-renowned. One of the first inventions that revolutionized industry and agriculture was the cotton gin, invented by Eli Whitney. For all of known history, man had used plows and mules to gather cotton. Whitney created something original that greatly assisted farmers and set other innovators up to invent other farm machinery.",Data,effective,"Paragraph_1|Final_Claim|189,330","Paragraph_3|Data|0,577; Paragraph_4|Data|0,515; Paragraph_5|Data|198,396"
"320b_MSU_essay|Paragraph_3|Data|0,577",Paragraph_3,"(0, 577)","Another invention that demonstrated ingenuity and originality was the airplane, invented by Orville and Wilbur Wright. For many years prior, many renowned scientists and scholars had scoffed at the idea of heavier-than-air flying machines. The Wright brothers, however, ignored their criticism and created something new. Just sixty-six years later, man stepped foot on the moon, using the inspiration and hard work set in place by the Wright brothers. The airplane has revolutionized our world today and has generated trillions of dollars in our economy and the world's economy.",Data,effective,"Paragraph_1|Final_Claim|189,330","Paragraph_2|Data|0,388; Paragraph_4|Data|0,515; Paragraph_5|Data|198,396"
"320b_MSU_essay|Paragraph_4|Data|0,515",Paragraph_4,"(0, 515)","One recent new invention is social media, such as Myspace, Facebook, and Twitter. All founded on the same idea of giving every person an equal voice, social media is currently changing the way we live our lives and how we gather information. Twenty years ago, no one thought that people would be able to stay connected with friends and businesses through personal computers in their households or through their iPhones and smartphones. But, using the ideals of American ingenuity, people have defined the impossible.",Data,effective,"Paragraph_1|Final_Claim|189,330","Paragraph_2|Data|0,388; Paragraph_3|Data|0,577; Paragraph_5|Data|198,396"
"320b_MSU_essay|Paragraph_5|Counterclaim|0,85",Paragraph_5,"(0, 85)","Yes, these inventions have used ideas, theories, and methods invented by other people.",Counterclaim,adequate,"Paragraph_1|Final_Claim|189,330",-
"320b_MSU_essay|Paragraph_5|Data|198,396",Paragraph_5,"(198, 396)","for example, a privately-owned spaceship could be flying space tourists as early as 2011. No one ever dreamed one hundred years ago that people someday would pay $200,000 and hop onboard a spaceship.",Data,adequate,"Paragraph_5|Rebuttal|87,195","Paragraph_2|Data|0,388; Paragraph_3|Data|0,577; Paragraph_4|Data|0,515"
"320b_MSU_essay|Paragraph_5|Concluding_Summary|398,466",Paragraph_5,"(398, 466)",Originality is certainly attainable and is encouraged by our society.,Concluding_Summary,adequate,"Paragraph_1|Final_Claim|189,330",-
"320b_MSU_essay|Paragraph_5|Rebuttal|87,195",Paragraph_5,"(87, 195)","But, these innovators have created something new by joining ideas. There is no limit to what our future holds",Rebuttal,adequate,"Paragraph_5|Counterclaim|0,85",-
