﻿discourse_id,discourse_part,discourse_boundary,discourse_text,adjudicated_discourse_type,adjudicated_effectiveness,adjudicated_hierarchical,adjudicated_parallel
"321b_MSU_essay|Paragraph_1|Nonannotated|0,341",Paragraph_1,"(0, 341)","Originality is doing something yourself, that no one else has attempted. In the world we live in today this can cause a problem with as far as our society has come along. Many scientist, writers, and philosophers have come up with ideas through the years leaving very little to the unknown, so is it even possible for idealist to be original?",Nonannotated,-,-,-
"321b_MSU_essay|Paragraph_2|Final_Claim|0,139",Paragraph_2,"(0, 139)","Hopefully people in the world answer this question with yes. It seems like everything has been discovered, but that is not necessarily true.",Final_Claim,adequate,-,-
"321b_MSU_essay|Paragraph_2|Data|141,423",Paragraph_2,"(141, 423)","Many scientist at this very second are discovering new ways to treat illnesses, as well as more efficient ways to accomplish everyday tasks. If these scientists quit doing their jobs we would never find a cure for diseases, or how to solve the problem with limited natural resources.",Data,adequate,"Paragraph_2|Final_Claim|0,139","Paragraph_3|Data|0,171"
"321b_MSU_essay|Paragraph_3|Data|0,171",Paragraph_3,"(0, 171)","In a similar way, writers can not stop publishing new books, or articles. Whether they are writing for entertainment purposes, or to inform, there will always be new ideas.",Data,adequate,"Paragraph_2|Final_Claim|0,139","Paragraph_2|Data|141,423"
"321b_MSU_essay|Paragraph_4|Concluding_Summary|0,112",Paragraph_4,"(0, 112)",To be original means you have to be creative. Without originality many people today would lose interest in ideas.,Concluding_Summary,adequate,"Paragraph_2|Final_Claim|0,139",-
"321b_MSU_essay|Paragraph_4|Nonannotated|114,431",Paragraph_4,"(114, 431)","No one wants to keep reading the same book over and over. At the same time everybody wants to find a cure for disease. Keeping this kind of mentality will hopefully make people work hard, and strive for creativity. Hopefully this will allow a new generation of scholars to cure AID's or come up with a new source fuel.",Nonannotated,-,-,-
