﻿discourse_id,discourse_part,discourse_boundary,discourse_text,adjudicated_discourse_type,adjudicated_effectiveness,adjudicated_hierarchical,adjudicated_parallel
"322b_MSU_essay|Paragraph_1|Nonannotated|0,453",Paragraph_1,"(0, 453)","Man has the ability to do many great things with his mind. However, because all men and women are in a sense similar, many writings, works of art, or songs seem similar as well. This makes one wonder if people can be orignal with their work or if they are actually copying what someone had done before them. Man must copies of things so it can remembered by the next generations. Anyone is able to express how they feel through there unique wokrs of art.",Nonannotated,-,-,-
"322b_MSU_essay|Paragraph_1|Final_Claim|455,587",Paragraph_1,"(455, 587)","A writer, an artist, or a musician can be truly original because they are able to posses their opinions and views through their work.",Final_Claim,effective,-,-
"322b_MSU_essay|Paragraph_2|Primary_Claim|0,59",Paragraph_2,"(0, 59)",Humans have the ability to do great things with their minds.,Primary_Claim,adequate,"Paragraph_1|Final_Claim|455,587","Paragraph_3|Primary_Claim|0,75"
"322b_MSU_essay|Paragraph_2|Data|61,402",Paragraph_2,"(61, 402)","Because of this, many people share the common interests in music or art. Their are so many musicians and artists because each one is able to express his feelings in a unique way. Through this, different people are interested in the same types of genres or styles of art. They are able to relate with one another and enjoy what they have made.",Data,adequate,"Paragraph_2|Primary_Claim|0,59",-
"322b_MSU_essay|Paragraph_3|Primary_Claim|0,75",Paragraph_3,"(0, 75)",Men often take what other people of discovered or found and expound on that.,Primary_Claim,adequate,"Paragraph_1|Final_Claim|455,587","Paragraph_2|Primary_Claim|0,59"
"322b_MSU_essay|Paragraph_3|Data|77,504",Paragraph_3,"(77, 504)",They use what other great minds have discovered before them and tried to take the idea even further with their abilities. This can be displayed through the invention of a computer. Someone first had the idea and created the computer. Other creative minds have worked together to put into it what they thought would be the best results and the best output would be achieved. They build off others' ideas to make something better.,Data,adequate,"Paragraph_3|Primary_Claim|0,75",-
"322b_MSU_essay|Paragraph_4|Concluding_Summary|0,298",Paragraph_4,"(0, 298)","Because men are similar, they often have similar thoughts about things. Man's own thoughts and feelings are what make him original. He has the ability to express his feelings through work. It is common that one may relate his work to another and continue from there to express his own, unique ideas.",Concluding_Summary,effective,"Paragraph_1|Final_Claim|455,587",-
