﻿discourse_id,discourse_part,discourse_boundary,discourse_text,adjudicated_discourse_type,adjudicated_effectiveness,adjudicated_hierarchical,adjudicated_parallel
"323b_MSU_essay|Paragraph_1|Nonannotated|0,203",Paragraph_1,"(0, 203)","Originality is something that most people strive for their entire lives. When most people think they have an original thought or idea, it is probably already taken by some other great thinker in the past.",Nonannotated,-,-,-
"323b_MSU_essay|Paragraph_1|Nonannotated|0,301",Paragraph_1,"(0, 301)","However when somebody does think of something truly original, it is something that will be great.",Nonannotated,-,-,-
"323b_MSU_essay|Paragraph_2|Primary_Claim|0,46",Paragraph_2,"(0, 46)",People created in novels can be truly original.,Primary_Claim,adequate,"Paragraph_5|Final_Claim|0,202","Paragraph_3|Primary_Claim|0,74; Paragraph_4|Primary_Claim|0,255"
"323b_MSU_essay|Paragraph_2|Data|48,307",Paragraph_2,"(48, 307)","The play proof is a perfect example of how a person can be original. The girl in the story figures out a theory that mathematicians have been working on for years. This example of originality is within a fictional story, but this could still happen in reality.",Data,adequate,"Paragraph_2|Primary_Claim|0,46",-
"323b_MSU_essay|Paragraph_3|Primary_Claim|0,74",Paragraph_3,"(0, 74)",Scientists can be truly original while experimenting and creating theories.,Primary_Claim,adequate,"Paragraph_5|Final_Claim|0,202","Paragraph_2|Primary_Claim|0,46; Paragraph_4|Primary_Claim|0,255"
"323b_MSU_essay|Paragraph_3|Data|76,463",Paragraph_3,"(76, 463)","Great minds like Albert Einstein and Sir Isaac Newton held original ideas for their time. Albert Einstein developed his theory of relativity from thin air. Nobody had ever thought of anything like that before. Today scientists are exploring quantum mechanics to take the next great leap in travel, communication, and cloning. People think of new ideas for these kinds of things every day.",Data,effective,"Paragraph_3|Primary_Claim|0,74",-
"323b_MSU_essay|Paragraph_4|Primary_Claim|0,255",Paragraph_4,"(0, 255)","Today it can be harder to be original than ever before because every day there is a great mind thinking of something new to add to the world. However in the stories we read like St. Lucy's Home for Werewolves, there is originality like nothing ever before.",Primary_Claim,adequate,"Paragraph_5|Final_Claim|0,202","Paragraph_2|Primary_Claim|0,46; Paragraph_3|Primary_Claim|0,74"
"323b_MSU_essay|Paragraph_4|Data|257,444",Paragraph_4,"(257, 444)",Who before the author ever thought about writing a story about a wolf and her sisters that were sent from there wolf home to live in a home for werewolves. This is originality at its best.,Data,adequate,"Paragraph_4|Primary_Claim|0,255",-
"323b_MSU_essay|Paragraph_5|Final_Claim|0,202",Paragraph_5,"(0, 202)","Originality is something every person can achieve. That person has to strive and think of something never been thought of before. This is hard to do, but when it is accomplished, great things come of it.",Final_Claim,adequate,-,-
