﻿discourse_id,discourse_part,discourse_boundary,discourse_text,adjudicated_discourse_type,adjudicated_effectiveness,adjudicated_hierarchical,adjudicated_parallel
"32_MSU_essay|Paragraph_1|Nonannotated|0,146",Paragraph_1,"(0, 146)","Throughout history, the world has seen an incredible amount of innovative and genuine people. However, are these people really completely original?",Nonannotated,-,-,-
"32_MSU_essay|Paragraph_1|Final_Claim|148,190",Paragraph_1,"(148, 190)",The answer to this question is not exactly.,Final_Claim,adequate,-,-
"32_MSU_essay|Paragraph_2|Primary_Claim|0,107",Paragraph_2,"(0, 107)","Although many may seem to create an original idea, the reality is that the idea is not original to the core.",Primary_Claim,adequate,"Paragraph_1|Final_Claim|148,190","Paragraph_4|Primary_Claim|0,317"
"32_MSU_essay|Paragraph_2|Data|109,459",Paragraph_2,"(109, 459)","For example, take any singer, songwriter, or musician. A new band may take the top of the charts and be acclaimed as an original, fresh voice, yet usually these bands can also be described as sounding like a mixture between two or three older bands. If the band was truly original, in no way could one deduce a mixture of influences or ""sound-alikes"".",Data,effective,"Paragraph_2|Primary_Claim|0,107","Paragraph_3|Data|0,374"
"32_MSU_essay|Paragraph_3|Data|0,374",Paragraph_3,"(0, 374)","Also, consider various restaurants. Most people see an eatery that may have created a new dish which is a mixture of a taco and spaghetti and call that eating establishment original. Unfortunately, no originality exists in this case. In all honesty, the establishment just took two already known, unoriginal ideas and threw them together to create an illusion of originality.",Data,effective,"Paragraph_2|Primary_Claim|0,107","Paragraph_2|Data|109,459"
"32_MSU_essay|Paragraph_4|Primary_Claim|0,317",Paragraph_4,"(0, 317)","Next, take a look at any person who claims to be original or, in common terms, ""his own person"". That person may be different from those around him or her, but the truth is that if one steps back and takes a closer look, that innovative person is really just becoming a clone of some type or mixture of types of style.",Primary_Claim,adequate,"Paragraph_1|Final_Claim|148,190","Paragraph_2|Primary_Claim|0,107"
"32_MSU_essay|Paragraph_4|Data|319,685",Paragraph_4,"(319, 685)","Take ""hippies"" for an example. Each hippie screams out for a non-conformist society, yet each hippie fits the mold of what society thinks is a hippie. The same applies for any other person. A person may claim to be an original soul, but in all honesty, people can stereotype that person. Whereas if true originality existed, people wouldn't be able to be stereotyped.",Data,effective,"Paragraph_4|Primary_Claim|0,317",-
"32_MSU_essay|Paragraph_5|Concluding_Summary|0,374",Paragraph_5,"(0, 374)","Through looking at various examples and analyzing the people and places surrounding a person, one can see plainly that no truly original idea exists. Each idea within its self is just a collage of other ideas. Therefore, no person, place, thing, or idea can be called a new innovation. Instead, new innovations can just be labeled as a new way of shaping already known ideas.",Concluding_Summary,adequate,"Paragraph_1|Final_Claim|148,190",-
