﻿discourse_id,discourse_part,discourse_boundary,discourse_text,adjudicated_discourse_type,adjudicated_effectiveness,adjudicated_hierarchical,adjudicated_parallel
"33_MSU_essay|Paragraph_1|Final_Claim|0,616",Paragraph_1,"(0, 616)","Being unique is a right that everyone is given at birth. Our looks are not only different from everyone else's, but our personalities are as well. From childhood all the way to old age we steadily make our unique impact on the world in some way or another through music, art, education, sports, movies, etc. Even as the decades seem to fly by with songs that sound similar to Elvis Presley's rock and roll albums, paintings that remind someone of Picasso, or a book that has the same theme from Pride and Prejudice everyone has their original twist in all of their work, therefore, making it their own and not a copy.",Final_Claim,effective,-,-
"33_MSU_essay|Paragraph_2|Data|0,358",Paragraph_2,"(0, 358)","Being an artist I know what it's like to be surrounded by work that looks similar to my own. Everyone in my class is assigned the same project yet the final product looks different from every other student. We all might be drawing the same wine glass, but everyone uses different line weights or shading techniques, making their work individual from the rest.",Data,adequate,"Paragraph_2|Primary_Claim|360,547",-
"33_MSU_essay|Paragraph_2|Primary_Claim|360,547",Paragraph_2,"(360, 547)","There are some things in art that seem repetitive like watercolor paintings, pottery, or even finger painting, but every artist has a different meaning to their work which makes it unique.",Primary_Claim,effective,"Paragraph_1|Final_Claim|0,616","Paragraph_3|Primary_Claim|490,624; Paragraph_4|Primary_Claim|460,548"
"33_MSU_essay|Paragraph_3|Data|0,488",Paragraph_3,"(0, 488)","Every English class at Mississippi State University is assigned at least one paper in the semester. Some papers have a topic already chosen, and some assignments let the students choose the topic. Even though students are assigned the same topic, everyone has a different view and opinion so no one paper is written the same. Teachers can agree to this because they would not assign a paper that was to be written individually by sixty students just to get the same paper back sixty times.",Data,adequate,"Paragraph_3|Primary_Claim|490,624",-
"33_MSU_essay|Paragraph_3|Primary_Claim|490,624",Paragraph_3,"(490, 624)",Just because writings seem to be copied or sounds extremely similar to things written before does not mean it is useless or unoriginal.,Primary_Claim,adequate,"Paragraph_1|Final_Claim|0,616","Paragraph_2|Primary_Claim|360,547; Paragraph_4|Primary_Claim|460,548"
"33_MSU_essay|Paragraph_3|Nonannotated|626,721",Paragraph_3,"(626, 721)","The more opinions and facts that are reasearched in writing, the better we understand the topic.",Nonannotated,-,-,-
"33_MSU_essay|Paragraph_4|Data|0,458",Paragraph_4,"(0, 458)","Music is played or made in many different ways. I have listend to all kinds of music my entire life like Jazz, Big Band, Rock and Roll, Pop, Rap, Classic, and Alternative. I have never once said to myself, ""Wow, that song sounds just like John Mayer's song, Slow Dancing in a Burning Room."" Even if I have heard a cover of the song, the musician makes it their own. People who see music as copied or repetitive do not look deep into the style of the musician.",Data,adequate,"Paragraph_4|Primary_Claim|460,548",-
"33_MSU_essay|Paragraph_4|Primary_Claim|460,548",Paragraph_4,"(460, 548)",If music was not unique then how are new songs being written and played every single day.,Primary_Claim,adequate,"Paragraph_1|Final_Claim|0,616","Paragraph_2|Primary_Claim|360,547; Paragraph_3|Primary_Claim|490,624"
"33_MSU_essay|Paragraph_5|Concluding_Summary|0,214",Paragraph_5,"(0, 214)","As the days go by we are singing, writing, drawing, and researching the same things, but we are doing it individually. Our individuality makes everything we do unique, and it will be like that for centuries to come.",Concluding_Summary,adequate,"Paragraph_1|Final_Claim|0,616",-
