﻿discourse_id,discourse_part,discourse_boundary,discourse_text,adjudicated_discourse_type,adjudicated_effectiveness,adjudicated_hierarchical,adjudicated_parallel
"33b_MSU_essay|Paragraph_1|Nonannotated|0,411",Paragraph_1,"(0, 411)","Our society is filled with an obsession of celebrities. These celebrities range from great old movie stars to rich club hoppers. The magazines are filled with pictures taken at embarrising moments to remind us that these glamorous people really are people. If a celebrity slips up, all we hear about on the radio is what that celebrity should do to mend the wounds. Many look to these celebrities as role models.",Nonannotated,-,-,-
"33b_MSU_essay|Paragraph_1|Final_Claim|413,605",Paragraph_1,"(413, 605)","A celebrity may be a role model if all you care about is fasion, but a hero can provide a real role model. Heros should be role models to most of us because they make a difference in many ways.",Final_Claim,effective,-,-
"33b_MSU_essay|Paragraph_2|Data|0,469",Paragraph_2,"(0, 469)",A hero is a person that has many positive qualities to themselves. Super heros are fictional but a great metaphor for a daily hero. Super heros devote their existance to doing good deeds. Super heros save lives regularly; doctors saves lives and makes people's lives better through devoting themselves to their practice and educations. Firefighter rush into burning buildings to help a terrible situation improve by resucing trapped victims and extinguishing the flames.,Data,effective,"Paragraph_2|Primary_Claim|471,573",-
"33b_MSU_essay|Paragraph_2|Primary_Claim|471,573",Paragraph_2,"(471, 573)","These heros do great things reuglarly, and they provide a role model a child would benifet from having.",Primary_Claim,effective,"Paragraph_1|Final_Claim|413,605","Paragraph_3|Primary_Claim|511,621"
"33b_MSU_essay|Paragraph_3|Data|0,509",Paragraph_3,"(0, 509)","Not all heros save lives. These heros include athletes, business men, and other public figures. The athletes are heros to many young and old because of the athletes abilities. The professional athletes today have such an abundance of talent and strength. Also successful business men such as Richard Branson show us once we work hard we can make a difference and play hard. The public figures such as President Obama give hope to everyone in any situation showing that no matter your race anything is possible.",Data,effective,"Paragraph_3|Primary_Claim|511,621",-
"33b_MSU_essay|Paragraph_3|Primary_Claim|511,621",Paragraph_3,"(511, 621)",These types of heros are great to look up to because they stuck to their dreams and it has been worth the work.,Primary_Claim,adequate,"Paragraph_1|Final_Claim|413,605","Paragraph_2|Primary_Claim|471,573"
"33b_MSU_essay|Paragraph_4|Nonannotated|0,143",Paragraph_4,"(0, 143)",As childern heros give us goals. Many want to be police and firemen or professional athletes. As we grow older business men and politian give us,Nonannotated,-,-,-
