﻿discourse_id,discourse_part,discourse_boundary,discourse_text,adjudicated_discourse_type,adjudicated_effectiveness,adjudicated_hierarchical,adjudicated_parallel
"34_MSU_essay|Paragraph_1|Nonannotated|0,82",Paragraph_1,"(0, 82)",What is originality? There are only a few ways that a person can be truly original.,Nonannotated,-,-,-
"34_MSU_essay|Paragraph_1|Final_Claim|84,532",Paragraph_1,"(84, 532)","Even though it may seem that everything worth creating has already been created, there is always room for improvement. In the world of science there is always something waiting to be cured or a new medical discovery. As for artists, they are limited to the styles and customary ways of creating works of art. Every person has the chance to be original, but in order to do so that person needs to use his or her own flare to really make it their own.",Final_Claim,adequate,-,-
"34_MSU_essay|Paragraph_2|Nonannotated|0,119",Paragraph_2,"(0, 119)","Yes, it is true that everyone wants to create something new, but in this day and age that seems like an impossible task.",Nonannotated,-,-,-
"34_MSU_essay|Paragraph_2|Primary_Claim|121,209",Paragraph_2,"(121, 209)","The best way to make something orginial or new is to change it, even in the smallest way.",Primary_Claim,adequate,"Paragraph_1|Final_Claim|393,532","Paragraph_3|Primary_Claim|0,142"
"34_MSU_essay|Paragraph_2|Data|211,391",Paragraph_2,"(211, 391)","The first car has already been produced, but every make and model is different and that gives each car its own uniqueness. There is a huge difference in a sports car and a mini van.",Data,adequate,"Paragraph_2|Primary_Claim|121,209","Paragraph_2|Data|393,708"
"34_MSU_essay|Paragraph_2|Data|393,708",Paragraph_2,"(393, 708)","Another example of originality is in the business world. Each business may look the same on the outside, but the way they work are all different. A new business may use more efficient means of getting work done, unlike a company that has been in use for fifty years that wants to stick to its old ways of snail mail.",Data,adequate,"Paragraph_2|Primary_Claim|121,209","Paragraph_2|Data|211,391"
"34_MSU_essay|Paragraph_3|Primary_Claim|0,142",Paragraph_3,"(0, 142)",Originality is hard to find. Artists are continuously seaking ways to be the next Picaso. The only way to do so is to make somethinng your own.,Primary_Claim,adequate,"Paragraph_1|Final_Claim|393,532","Paragraph_2|Primary_Claim|121,209"
"34_MSU_essay|Paragraph_3|Concluding_Summary|0,479",Paragraph_3,"(0, 479)",There are several different view points on whether or not it is possible to be truly original. If it is looked for in all the right ways and places orginiality can be found everywhere.,Concluding_Summary,adequate,"Paragraph_1|Final_Claim|393,532",-
"34_MSU_essay|Paragraph_3|Data|144,294",Paragraph_3,"(144, 294)",Every artsist can attempt to draw a picture of the sky line but the way he or she represents it is how the work of art will gain attention from others.,Data,adequate,"Paragraph_3|Primary_Claim|0,142",-
