﻿discourse_id,discourse_part,discourse_boundary,discourse_text,adjudicated_discourse_type,adjudicated_effectiveness,adjudicated_hierarchical,adjudicated_parallel
"34b_MSU_essay|Paragraph_1|Nonannotated|0,158",Paragraph_1,"(0, 158)","There are many individuals today that would like to create something new, and yet, it seems that seeing brand new ideas come about is becoming more infrequent.",Nonannotated,-,-,-
"34b_MSU_essay|Paragraph_1|Final_Claim|160,224",Paragraph_1,"(160, 224)","However, this is not to say that people cannot truly be original.",Final_Claim,adequate,-,-
"34b_MSU_essay|Paragraph_1|Data|226,870",Paragraph_1,"(226, 870)","While spawning a brand new idea is always a possibility, people could also take a previously invented thought and improve upon it with their own originality. Such an abundance of new tools and knowledge is available to be used to update previous ideas that have already been done to today's standards. For instance, the automobile windshield wiper has been around for who knows how long. But, as seen on one of Billy Blank's recent infomercials, an individual has taken the basic windshield wiper and improved upon it with his own ideas so that it will have the ability to clean the glass of debris as it wipes. This is only one example of many.",Data,effective,"Paragraph_1|Final_Claim|160,224",-
"34b_MSU_essay|Paragraph_1|Concluding_Summary|872,1018",Paragraph_1,"(872, 1018)","Therefore, it is not impossible for people today to take something that has been previously created and improve upon it with their own originality.",Concluding_Summary,adequate,"Paragraph_1|Final_Claim|160,224",-
