﻿discourse_id,discourse_part,discourse_boundary,discourse_text,adjudicated_discourse_type,adjudicated_effectiveness,adjudicated_hierarchical,adjudicated_parallel
"35_MSU_essay|Paragraph_1|Nonannotated|0,349",Paragraph_1,"(0, 349)","The world is full of people who want to follow the crowd and do those things that are the latest trend. However, every once in a while there will be a person who is willing to venture from the mundane and be his own self. Is this person truely unique or is he influenced by other people who are very much like him in that they want to be individuals?",Nonannotated,-,-,-
"35_MSU_essay|Paragraph_1|Final_Claim|351,728",Paragraph_1,"(351, 728)","I think this person is unique in his own way, yet these influences made him the way he is. No one can ever be truly unique because there are too many people in this world for there to not be one other person who is similar. On the other hand, this person may not realize that his thoughts and actions have been done before and they could be completely orginal ideas in his mind.",Final_Claim,adequate,-,-
"35_MSU_essay|Paragraph_2|Primary_Claim|0,111",Paragraph_2,"(0, 111)","There are about 6.5 billion people in this world, so how on earth could one person be truly and honestly unique.",Primary_Claim,adequate,"Paragraph_1|Final_Claim|351,728","Paragraph_3|Primary_Claim|0,104; Paragraph_4|Primary_Claim|0,161"
"35_MSU_essay|Paragraph_2|Data|113,458",Paragraph_2,"(113, 458)","No, that person may not know anyone else like him, but there is more than likely at least one other person in the world who has the same physical and mental traits. There is a popular saying in the south that is, ""God broke the mold when he made you,"" but there are probably several people similar to this person, they just have not met them yet.",Data,adequate,"Paragraph_2|Primary_Claim|0,111",-
"35_MSU_essay|Paragraph_3|Primary_Claim|0,104",Paragraph_3,"(0, 104)",Someone with a unique personality had to have been influenced by the people or circumstances in his life.,Primary_Claim,adequate,"Paragraph_1|Final_Claim|351,728","Paragraph_2|Primary_Claim|0,111; Paragraph_4|Primary_Claim|0,161"
"35_MSU_essay|Paragraph_3|Data|106,556",Paragraph_3,"(106, 556)","Whether it be his parents or some extravagent event that has happened, these things have a way of becoming part of a person's identity. Most people tend to associate themselves with others who share the same beliefs and thoughts as they do, so in that aspect, no one is ever truly original if he has friends who are similar to him. Though someone may not realize it, the people in his life have helped mold and shape his life, for better or for worse.",Data,adequate,"Paragraph_3|Primary_Claim|0,104",-
"35_MSU_essay|Paragraph_4|Primary_Claim|0,161",Paragraph_4,"(0, 161)","People may come up with ideas that they think are completely original simply because they have never heard of such a thing before, regardless if it exists or not.",Primary_Claim,effective,"Paragraph_1|Final_Claim|351,728","Paragraph_2|Primary_Claim|0,111; Paragraph_3|Primary_Claim|0,104"
"35_MSU_essay|Paragraph_4|Data|163,866",Paragraph_4,"(163, 866)","For example, I heard a story the other day about a girl who was talking to her mom after going to blockbuster and her mom went on a tangent for ten minutes about how there should be a place where people can rent books because it just does not seem fair that people can rent movies but not books. She later realize that what she had been so urgently describing was, in fact, known as a library. In that instance it took something else to spark this idea that she had, even though it had already been thought of before. So some things that people might not even give a second thought could actually be influencing something in the back of their mind, however this influence makes those thoughts unoriginal.",Data,effective,"Paragraph_4|Primary_Claim|0,161",-
"35_MSU_essay|Paragraph_5|Concluding_Summary|0,409",Paragraph_5,"(0, 409)","In conclussion, do I think anyone can ever be truly original? No. However, I do believe that if someone does not realize that they are being influenced by the people and situations around him, he will live his entire life thinking that he is one of a kind, when, in actuality, he is part of another group of people. This group is a group that tries so very hard to be different, but is just like everyone else.",Concluding_Summary,adequate,"Paragraph_1|Final_Claim|351,728",-
