﻿discourse_id,discourse_part,discourse_boundary,discourse_text,adjudicated_discourse_type,adjudicated_effectiveness,adjudicated_hierarchical,adjudicated_parallel
"36_MSU_essay|Paragraph_1|Final_Claim|0,304",Paragraph_1,"(0, 304)","People can not truly be original with anything that they create. We are so influnced by our surrounding that anything that we call ""new"" that people try to come up with is only an imitation of something once thought or seen. Fashion, writings, and ideas have all been recycled and recreated from the past.",Final_Claim,adequate,-,-
"36_MSU_essay|Paragraph_1|Nonannotated|306,513",Paragraph_1,"(306, 513)","Something that is so called ""new"", I believe was already once thought of and attempted at some point. Whether it was successfully carried out is a different subject matter but the idea itself is not original.",Nonannotated,adequate,-,-
"36_MSU_essay|Paragraph_2|Data|0,377",Paragraph_2,"(0, 377)",Writers try to be original in what they want to write about. The want their ideas to be fresh and something no one else has ever talked about. But the truth of the matter is that every topic that they try to come up with is an influence of something that has already been done and therefore becomes sort of a replica of that. The words may be different but the idea is the same.,Data,adequate,"Final_Claim (0, 304)"," Paragraph_3|Data|0,364; Paragraph_4|Data|0,252"
"36_MSU_essay|Paragraph_3|Data|0,364",Paragraph_3,"(0, 364)","Fashion is the most recycled trend there is. The style many seem original to those that are now wearing it but it was a time when it had already been done. For instance, in women's clothes, there was a time when women use to wear long dresses. Then the trend stopped. Now in these times the trend has reemerged itself into the fashion world making it popular again.",Data,adequate,"Final_Claim (0, 304)","Paragraph_2|Data|0,377; Paragraph_4|Data|0,252"
"36_MSU_essay|Paragraph_4|Data|0,252",Paragraph_4,"(0, 252)",The same goes for men's clothing. There was a time men use to wear pants that fit. Then came the time where they wanted them to fit bigger than what fit. Now the times have been recycled and they want their pants to fit again to fit the changing trends.,Data,adequate,"Final_Claim (0, 304)"," Paragraph_2|Data|0,377; Paragraph_3|Data|0,364"
"36_MSU_essay|Paragraph_5|Concluding_Summary|0,526",Paragraph_5,"(0, 526)","My point in all is that, the originals have past on. Everything now is either recycling with the times or is a mere influence of what has already been done. I do not believe that anything can truly be original in these days and times. People are so influenced by the works of others that they end up copying when they do not even realize it. Songs you may hear on the radio, the lyrics or the beat, it has already been done before. Nothing is truly original anymore only duplications of the past upgraded for the present times.",Concluding_Summary,effective,"Final_Claim (0, 304)",-
