﻿discourse_id,discourse_part,discourse_boundary,discourse_text,adjudicated_discourse_type,adjudicated_effectiveness,adjudicated_hierarchical,adjudicated_parallel
"36b_MSU_essay|Paragraph_1|Nonannotated|0,237",Paragraph_1,"(0, 237)","Originality is a highly misunderstood term. It is nearly, if not entirely, impossible to be completely original in a project or thought. Even though we may not realize it, everyone entcounters this problem throughout their daily routines.",Nonannotated,-,-,-
"36b_MSU_essay|Paragraph_1|Final_Claim|239,424",Paragraph_1,"(239, 424)","If we stop to think about it, we can all find that our own ideas are inspired by someone else's. This does not, however, mean that our ideas are not always our own or in some way unique.",Final_Claim,effective,-,-
"36b_MSU_essay|Paragraph_2|Data|0,928",Paragraph_2,"(0, 928)","Several years ago I experienced a situation that fits in very well with this topic. During a creative writing class, I was assigned a partner and asked to create a children's book. My partner and I brainstormed and came up with a variety of plots and characters to use in our book. We eventually chose to write about ocean creatures, while the main character learned an important life lesson. I was very proud of the final product of our hard work, and my partner and I received a good grade and rewards in a small competition. Shortly after completing our project, several people commented that they thought they had read our story before. We were even questioned if we had copied a published book. While we had not used any sources besides our imaginations, this did not mean that our ideas were completely original. We in no way cheated on our assignment, but it is only natural to receive influence from the things around us.",Data,effective,"Paragraph_2|Primary_Claim|930,997",-
"36b_MSU_essay|Paragraph_2|Primary_Claim|930,997",Paragraph_2,"(930, 997)",It is very common to realize the similarities in different projects.,Primary_Claim,adequate,"Paragraph_1|Final_Claim|239,424","Paragraph_3|Primary_Claim|0,178;Paragraph_4|Primary_Claim|0,85;Paragraph_5|Primary_Claim|0,67"
"36b_MSU_essay|Paragraph_3|Primary_Claim|0,178",Paragraph_3,"(0, 178)","This is true in all subjects concerning originality. Even when an individual is creating a project purely from their own mind, they are still influenced by everything around them.",Primary_Claim,effective,"Paragraph_1|Final_Claim|239,424","Paragraph_2|Primary_Claim|930,997;Paragraph_4|Primary_Claim|0,85;Paragraph_5|Primary_Claim|0,67"
"36b_MSU_essay|Paragraph_3|Data|180,519",Paragraph_3,"(180, 519)","It is impossible to escape the things we come into contact with everyday. We are constantly interacting with our surroundings, so it is completely reasonable that we will use the everyday things that we come into contact with to base our own projects on. All of our personal projects therefore include influences, even if we do not plan to.",Data,adequate,"Paragraph_3|Primary_Claim|0,178",-
"36b_MSU_essay|Paragraph_4|Primary_Claim|0,85",Paragraph_4,"(0, 85)",I do not believe that this fact should in any way take away from an individual's work.,Primary_Claim,adequate,"Paragraph_1|Final_Claim|239,424","Paragraph_2|Primary_Claim|930,997;Paragraph_3|Primary_Claim|0,178;Paragraph_5|Primary_Claim|0,67"
"36b_MSU_essay|Paragraph_4|Data|87,355",Paragraph_4,"(87, 355)","If they put their own time and thoughts into a project, the work is their own, even if it does include influences from the world around them. We should not judge a project based on its uniqueness or originallity because we can very easily be led in the wrong direction.",Data,adequate,"Paragraph_4|Primary_Claim|0,85",-
"36b_MSU_essay|Paragraph_5|Primary_Claim|0,67",Paragraph_5,"(0, 67)",Originality often times depends on the person observing the project.,Primary_Claim,adequate,"Paragraph_1|Final_Claim|239,424","Paragraph_2|Primary_Claim|930,997;Paragraph_3|Primary_Claim|0,178;Paragraph_4|Primary_Claim|0,85"
"36b_MSU_essay|Paragraph_5|Data|69,364",Paragraph_5,"(69, 364)","Their view of the project will be influenced by how much they know about the subject, and therefore what they believe the amount of originality is. Everyone will have a different viewpoint on a subject, so it is understandable that everyone will see a different level of originality in a project.",Data,adequate,"Paragraph_5|Primary_Claim|0,67",-
