﻿discourse_id,discourse_part,discourse_boundary,discourse_text,adjudicated_discourse_type,adjudicated_effectiveness,adjudicated_hierarchical,adjudicated_parallel
"37_MSU_essay|Paragraph_1|Nonannotated|0,377",Paragraph_1,"(0, 377)","There are few things in life that are truly original. Originality is one of those words that can have several different meanings, and each meaning could mean something different. The dictionary defines original as the uniqueness of any given thing that cannot be duplicated. People spend much of their time trying to become truly original, but can anyone ever be truly original.",Nonannotated,-,-,-
"37_MSU_essay|Paragraph_2|Final_Claim|0,84",Paragraph_2,"(0, 84)",In my opinion no one can ever say that that they are the originators of this or that.,Final_Claim,adequate,-,-
"37_MSU_essay|Paragraph_2|Data|86,394",Paragraph_2,"(86, 394)","My thinking is simple, how can you be sure someone else did not think of your idea first. A better example would be a person believed he or she came up with a unique quote only to find out this unique quote has no uniqueness at all. Everyone uses that particular, therefore you cannot claiming it as your own.",Data,adequate,"Paragraph_2|Final_Claim|0,84","Paragraph_3|Data|0,362; Paragraph_4|Data|0,316"
"37_MSU_essay|Paragraph_3|Data|0,362",Paragraph_3,"(0, 362)","In my experience the people who usually say that they are original are really the furtherst from orinality. Originality is creativity to the highest power, a person must be able to think outside the box and most people just do not do this. ""It is easy to say you are something when you never have to prove that you are"". This is true on so many different aspects.",Data,ineffective,"Paragraph_2|Final_Claim|0,84","Paragraph_2|Data|86,394; Paragraph_4|Data|0,316"
"37_MSU_essay|Paragraph_4|Data|0,316",Paragraph_4,"(0, 316)","Original is just a word. We must learn this and dismiss the notion that everyone or everything must be orginal. This is easier said than done. Many people have tried, few people have actually came up with a truly unique idea. Therefore it is better for us just to realize that true originality is just extremely rare.",Data,ineffective,"Paragraph_2|Final_Claim|0,84","Paragraph_2|Data|86,394; Paragraph_3|Data|0,362"
"37_MSU_essay|Paragraph_5|Concluding_Summary|0,397",Paragraph_5,"(0, 397)","True originality is just a fairy tale in a world full of dreamers. People should not waste a lot of time on the notion of originality. In the end it only matters what you think of your particular idea not whether it is original or not. People spend many wasted nights trying to come up with something that screams uniqueness but as we live and learn, we realize uniqueness is that unique after all.",Concluding_Summary,ineffective,"Paragraph_2|Final_Claim|0,84",-
