﻿discourse_id,discourse_part,discourse_boundary,discourse_text,adjudicated_discourse_type,adjudicated_effectiveness,adjudicated_hierarchical,adjudicated_parallel
"37b_MSU_essay|Paragraph_1|Nonannotated|0,246",Paragraph_1,"(0, 246)",Think about the modern car. Think about the television you watch almost every day at home. Even think about the pen you might have written with today. Each of these was creatively invented by someone with a brilliant and unique plan. Or were they?,Nonannotated,-,-,-
"37b_MSU_essay|Paragraph_1|Final_Claim|248,317",Paragraph_1,"(248, 317)","In today's society, it is a rare find for people to be truly original.",Final_Claim,adequate,-,-
"37b_MSU_essay|Paragraph_2|Data|0,313",Paragraph_2,"(0, 313)","When the world was in it's beginnings, everything, of course, was a fresh new idea. Some ideas stayed while other ideas were never brought back again. Thanks to trial and error, people were able to find what suited or helped them and what did not. These early days helped to form the basis of all inventions today.",Data,adequate,"Paragraph_1|Final_Claim|248,317","Paragraph_3|Data|0,328; Paragraph_3|Data|330,660; Paragraph_4|Data|0,261"
"37b_MSU_essay|Paragraph_3|Data|0,328",Paragraph_3,"(0, 328)","Think, for example, of the modern car. It is fuel-dependent, air-conditioned, and power steered. Sure these modern enhancements have helped to set it apart from the modelT Ford, but generally the idea is the same. The inventors of this modern car began with the idea of what was already invented and simply strived to enhance it.",Data,effective,"Paragraph_1|Final_Claim|248,317","Paragraph_2|Data|0,313; Paragraph_3|Data|330,660; Paragraph_4|Data|0,261"
"37b_MSU_essay|Paragraph_3|Data|330,660",Paragraph_3,"(330, 660)","Another example is the television. These days they come in wide or flat screen, normal or high definition, and can even change from a colored screen to black and white. Televisions may come out every year, but they are not exactly original, but rather improved. Unfortunately, this is often the case in today's world of inventions.",Data,effective,"Paragraph_1|Final_Claim|248,317","Paragraph_2|Data|0,313; Paragraph_3|Data|0,328; Paragraph_4|Data|0,261"
"37b_MSU_essay|Paragraph_4|Data|0,261",Paragraph_4,"(0, 261)","The newest ideas on the shelves are always advertised as the ""hot new thing"". Hot may be true, but what about new? Chances are, ""new"" is not quite the adjective. Somewhere along the lines, this new idea recieved its base from some invention from an earlier time.",Data,adequate,"Paragraph_1|Final_Claim|248,317","Paragraph_2|Data|0,313; Paragraph_3|Data|0,328; Paragraph_3|Data|330,660"
"37b_MSU_essay|Paragraph_5|Concluding_Summary|0,160",Paragraph_5,"(0, 160)","When thought about, people are not as original these days as they are made to seem. Most are often sparked by ideas that have derived from somewhere in the past.",Concluding_Summary,effective,"Paragraph_1|Final_Claim|248,317",-
