﻿discourse_id,discourse_part,discourse_boundary,discourse_text,adjudicated_discourse_type,adjudicated_effectiveness,adjudicated_hierarchical,adjudicated_parallel
"38_MSU_essay|Paragraph_1|Nonannotated|0,889",Paragraph_1,"(0, 889)","Society is based on the foundation of being original. Everyone must have new ideas and new concepts for the next clothes line or the next wonderful drug. The companies in different areas of buisness are constantly trying to be the best there ever was. However, what society and everyone in society does not focus on is the fact that many of the ideas and solutions we think of have already been created in some form. The problem that some artist or scientist face is being original. They are forced to think of new ideas that would slove the next probelm, but it can never be like the last idea. Therefore, it seems that every product a scientist or engineer designs is only a by-product of the last invention and the one before that. How is it possible for such a provocative and extrodinary invention or design to be considered original when it is inspired or created by another creation?",Nonannotated,-,-,-
"38_MSU_essay|Paragraph_2|Data|0,656",Paragraph_2,"(0, 656)","Many of the people in today's society are only focused on what is ""new"" and what is ""creative"". They only look for the next wonderful piece of creation that is going to be so extrodinary it will be like nothing else. However, what they fail to realize is that it is impossible to create a thought or idea without some sort of inspiration. Even in a person's everyday thoughts it is impossible to think about something without the first thought. It is is impossible to have the first thought without something to think about, and all the thoughts that follow came from the initial thought. The initial thought was inspired by an object or a previous thought.",Data,adequate,"Paragraph_2|Counterclaim|658,778","Paragraph_3|Data|160,910"
"38_MSU_essay|Paragraph_2|Counterclaim|658,778",Paragraph_2,"(658, 778)","Therefore, it seems that every thought and every action is predetermined by that thoughts we think and the things we see.",Counterclaim,adequate,"Paragraph_3|Final_Claim|912,1093",-
"38_MSU_essay|Paragraph_3|Nonannotated|0,51",Paragraph_3,"(0, 51)",The question is how can a person be truely original?,Nonannotated,-,-,-
"38_MSU_essay|Paragraph_3|Data|160,910",Paragraph_3,"(160, 910)","The idea did not come for another person's mind, and the creation was not created by another person. The concept for the newest invention was inspired and produced by one person. Even though thoughts and ideas are created by a previous action, that does not mean that idea is not original. This is mainly because thoughts and ideas are different in one person's mind compared to another person's mind. It is impossible for two people to think the exact same thing because we are all different. Even though we are all created the same way, our thoughts and ideas are determined by the lifestyle we have. Once we are develop into an adult that things we have seen or heard throughout the years determines or decides how we react to different situations.",Data,adequate,"Paragraph_3|Rebuttal|53,158","Paragraph_2|Data|0,656"
"38_MSU_essay|Paragraph_3|Rebuttal|53,158",Paragraph_3,"(53, 158)",I believe that a person can be truely original because a person's ideas and creations are their creations.,Rebuttal,adequate,"Paragraph_2|Counterclaim|658,778",-
"38_MSU_essay|Paragraph_3|Final_Claim|912,1093",Paragraph_3,"(912, 1093)","Therefore, even if a similar idea has been created before it and another idea comes along it does not mean that the new idea isn't original it just means that there are similarities.",Final_Claim,adequate,-,-
