﻿discourse_id,discourse_part,discourse_boundary,discourse_text,adjudicated_discourse_type,adjudicated_effectiveness,adjudicated_hierarchical,adjudicated_parallel
"38b_MSU_essay|Paragraph_1|Final_Claim|0,563",Paragraph_1,"(0, 563)","Everywhere we turn our head, an invention springs up, a new beat is created in a song, a movie script fascinates our attention, a scientist makes a breakthrough with cancer research, or a new ""saying"" for a generation is coined. Naturally, our human nature takes small doses from categories in the world around us to shape their personality, or originality. However, even if all of these are stripped away, and only the human remains, I believe that a person is truly original and unique because God makes each person different, set apart, and unique in His image.",Final_Claim,effective,-,-
"38b_MSU_essay|Paragraph_2|Primary_Claim|0,180",Paragraph_2,"(0, 180)","Most of the world today believes that materialistic things shape you are, and to some extent that is true, but it is not these things that determine whether or not you are original",Primary_Claim,adequate,"Paragraph_1|Final_Claim|0,563","Paragraph_3|Primary_Claim|0,64;Paragraph_4|Counter_Claim|0,188"
"38b_MSU_essay|Paragraph_2|Data|182,452",Paragraph_2,"(182, 452)"," A new fashion trend hits the runway and girls run to buy it. A new song hits the radio and we download it off the internet. A new book hits the shelf and readers grab it. These things intrigue us and make us act and think differently, but are not shaping our originality.",Data,adequate,"Paragraph_2|Primary_Claim|0,180",-
"38b_MSU_essay|Paragraph_3|Primary_Claim|0,64",Paragraph_3,"(0, 64)","Our originality was determined by God's divine, intricate design.",Primary_Claim,adequate,"Paragraph_1|Final_Claim|0,563","Paragraph_2|Primary_Claim|0,180; Paragraph_4|Counter_Claim|0,188"
"38b_MSU_essay|Paragraph_3|Data|66,333",Paragraph_3,"(66, 333)","That is the foundation of who we are. All other aspects the world or our generation throw are way are pieces we put in our lives, such as ""add on's."" We each may act differently, and some may not even acknowledge the fact that God make them special. However, it is so.",Data,adequate,"Paragraph_3|Primary_Claim|0,64",-
"38b_MSU_essay|Paragraph_4|Counter_Claim|0,188",Paragraph_4,"(0,188)","I have observed friends and adults that act as if business, sports, and movies define them, or make them a certain way.",Counter_Claim,adequate,"Paragraph_1|Final_Claim|0,563","Paragraph_2|Primary_Claim|0,180;  Paragraph_1|Final_Claim|0,563"
"38b_MSU_essay|Paragraph_4|Rebuttal|120,451",Paragraph_4,"(120,451)","It is by choice that categories such as art, science, and music become a huge, gripping part of our personalities. When, if we embrace our true God-given uniqueness, we do not ""need"" those things to shape us. Why? Those all are temporary, and in the end, they will all fade away. Only we will remain. How God created each one of us.",Rebuttal,adequate,"Paragraph_4|Counter_Claim|0,188",-
"38b_MSU_essay|Paragraph_5|Concluding_Summary|0,457",Paragraph_5,"(0, 457)","Music, sports, science, and business are giant parts of who we are and how we act and react to the world around us. They do not, however, define our originality or uniqueness. God created each of us in His likeness, which makes each one of us different. These aspects are everywhere and are attachments and building blocks of our personality, but in the end, they will fade. Each person is original, it does not matter what the world will bring or take away.",Concluding_Summary,effective,"Paragraph_1|Final_Claim|0,563",-
