﻿discourse_id,discourse_part,discourse_boundary,discourse_text,adjudicated_discourse_type,adjudicated_effectiveness,adjudicated_hierarchical,adjudicated_parallel
"39_MSU_essay|Paragraph_1|Nonannotated|0,109",Paragraph_1,"(0, 109)",We being humans have many different values and beliefs. We also have many different ways to express ourselves.,Nonannotated,-,-,-
"39_MSU_essay|Paragraph_1|Final_Claim|111,218",Paragraph_1,"(111, 218)",With the busy life style that people live today its kind of hard to stop and realize what is truly original.,Final_Claim,ineffective,-,-
"39_MSU_essay|Paragraph_1|Data|220,531",Paragraph_1,"(220, 531)",It could be the way you dress or the way you like to have fun for you not to be truly original therefore its hard to say if we can be original. There has been so many different things that have been made better and all different ways to express yourself now I think being truly original is very difficult to be.,Data,adequate,"Paragraph_1|Final_Claim|111,218",-
"39_MSU_essay|Paragraph_1|Concluding_Summary|533,676",Paragraph_1,"(533, 676)",Seeing how many people like to be different or just try to be different is why I get the feeling being original is not popular in society today.,Concluding_Summary,ineffective,"Paragraph_1|Final_Claim|111,218",-
