﻿discourse_id,discourse_part,discourse_boundary,discourse_text,adjudicated_discourse_type,adjudicated_effectiveness,adjudicated_hierarchical,adjudicated_parallel
"39b_MSU_essay|Paragraph_1|Final_Claim|0,383",Paragraph_1,"(0, 383)","Everyone in this world is unique in his or her own way. Even though we are all different from each other, we insist on following the ways of others because it is the easier process. By following others, we know how the actions we are taking should be performed and we know what the outcome will be of those actions. In a way, we are all original; however, most of us choose not to be.",Final_Claim,adequate,-,-
"39b_MSU_essay|Paragraph_2|Primary_Claim|0,160",Paragraph_2,"(0, 160)","Whether we are following in the footsteps of other's music, songs, hair styles, clothing, etc., we seem to pick out what we like from others and pursue after it.",Primary_Claim,ineffective,"Paragraph_1|Final_Claim|0,383","Paragraph_3|Primary_Claim|0,127"
"39b_MSU_essay|Paragraph_2|Data|162,605",Paragraph_2,"(162, 605)","We seldom care if it was someone else's idea first, if we like it we chase after it. People do it so much that it has basically become how we live our lives. If someone is wearing a pair of jeans or has a nice hair style another person likes, that person will go out and get it if he or she likes it, regardless of the fact that someone else already has it. No matter how we came to the point of getting it, as long as we have it, we are happy.",Data,adequate,"Paragraph_2|Primary_Claim|0,160",-
"39b_MSU_essay|Paragraph_3|Primary_Claim|0,127",Paragraph_3,"(0, 127)","In some matters, however, a person may choose something he or she likes and try to build on it to make it different from others.",Primary_Claim,adequate,"Paragraph_1|Final_Claim|0,383","Paragraph_2|Primary_Claim|0,160"
"39b_MSU_essay|Paragraph_3|Data|129,449",Paragraph_3,"(129, 449)","It may be a song he or she heard and they would like to make one similar to it, but with different lyrics. Or it may be a blueprint for a house or building and the person may just want to add a couple more details for his or her own house. Whatever the topic, we may sometimes take the idea and change it slighty in ways.",Data,adequate,"Paragraph_3|Primary_Claim|0,127",-
"39b_MSU_essay|Paragraph_4|Concluding_Summary|0,467",Paragraph_4,"(0, 467)","In a way, we are all original. We were brought onto this earth unique and different in many ways from everyone else. Through life, in my opinion, we seem to follow in the footsteps of others. We do this because we have a general idea of what the outcome of the actions we are taking will be. We know whether it will be a hard task or an easy task to complete. We may not be original in the things we act upon or the things we pursue, but we are original in our hearts.",Concluding_Summary,adequate,"Paragraph_1|Final_Claim|0,383",-
