﻿discourse_id,discourse_part,discourse_boundary,discourse_text,adjudicated_discourse_type,adjudicated_effectiveness,adjudicated_hierarchical,adjudicated_parallel
"3_MSU_essay|Paragraph_1|Final_Claim|0,78",Paragraph_1,"(0, 78)","yes people truly can be original, being original is what makes you who you are.",Final_Claim,adequate,-,-
"3_MSU_essay|Paragraph_1|Nonannotated|80,345",Paragraph_1,"(80, 345)","who doesn't wanna be the next person to create the hottest item on the market. when i get bored that is what i do, i think of things that i can invent. and sometimes even me and my friends sit down and brain storm. to bad we haven't came up with the genius idea yet.",Nonannotated,-,-,-
"3_MSU_essay|Paragraph_2|Data|0,351",Paragraph_2,"(0, 351)",there are many examples where people have been truly original. such as the snuggie i mean come on all they did is add selves to a freaking blanket. who doesn't get mad when they see that commercial. thats what everyone strives to be is original. it makes you stand out it also makes you special because you were able to use the brain that god gave you.,Data,adequate,"Paragraph_1|Final_Claim|0,78","Paragraph_3|Data|0,455"
"3_MSU_essay|Paragraph_3|Primary_Claim|0,55",Paragraph_3,"(0, 55)",there are many reasons why people strive to be original.,Primary_Claim,adequate,"Paragraph_1|Final_Claim|0,78",-
"3_MSU_essay|Paragraph_3|Data|130,199",Paragraph_3,"(130, 199)",it also boosts your self confidence when you think of an amazing idea.,Data,adequate,"Paragraph_3|Primary_Claim|0,55","Paragraph_2|Data|0,351"
"3_MSU_essay|Paragraph_3|Data|201,455",Paragraph_3,"(201, 455)",there are tons of things that you can invent you just haven't thought hard enough. don't be like everyone else and expand on other people's ideas. think of something new think of something great and wonderful. be the next great inventor of our generation.,Data,ineffective,"Paragraph_3|Primary_Claim|0,55","Paragraph_2|Data|0,351"
"3_MSU_essay|Paragraph_3|Data|57,128",Paragraph_3,"(57, 128)",one of the reasons is because it gives you something to look forward to.,Data,adequate,"Paragraph_3|Primary_Claim|0,55","Paragraph_2|Data|0,351"
"3_MSU_essay|Paragraph_4|Concluding_Summary|0,154",Paragraph_4,"(0, 154)",so yes people can be truly original you just have to buckle down and start brainstorming. there are still a whole lot of ideas that have yet to be created.,Concluding_Summary,adequate,"Paragraph_1|Final_Claim|0,78",-
"3_MSU_essay|Paragraph_4|Nonannotated|156,227",Paragraph_4,"(156, 227)",be the truly original person that people will talk about and look up to.,Nonannotated,-,-,-
