﻿discourse_id,discourse_part,discourse_boundary,discourse_text,adjudicated_discourse_type,adjudicated_effectiveness,adjudicated_hierarchical,adjudicated_parallel
"3b_MSU_essay|Paragraph_1|Nonannotated|0,544",Paragraph_1,"(0, 544)","Everyone wants to be different. As children we are taught that it is not always good to follow the crowd, but to be our own individual person. People are encouraged to stand up for their own individual rights and not settle for the social norms of our society. So, if uniqueness is something to be admired and desired to achieve, then how come it is so difficult to set ourselves apart from the others around us? With so many original ideas out there, it is almost impossible to come up with an idea that has not been thought of before. However,",Nonannotated,-,-,-
"3b_MSU_essay|Paragraph_1|Final_Claim|546,606",Paragraph_1,"(546, 606)",I believe that there is such a thing as being truly original.,Final_Claim,adequate,-,-
"3b_MSU_essay|Paragraph_1|Nonannotated|608,842",Paragraph_1,"(608, 842)","As human beings we were created with individual thoughts and unique minds that set us apart from other human beings. With unique minds, truly original ideas have been discovered, and continue to change the way we look at society today.",Nonannotated,-,-,-
"3b_MSU_essay|Paragraph_2|Primary_Claim|0,98",Paragraph_2,"(0, 98)",Our ideas can be seen as being truly original because of the minds that these ideas are created in.,Primary_Claim,effective,"Paragraph_1|Final_Claim|546,606","Paragraph_3|Counterclaim|0,91"
"3b_MSU_essay|Paragraph_2|Data|100,838",Paragraph_2,"(100, 838)","Every person was created with a mind unique from all the rest. Not even twins, with the same genetic disposition, have the same brain. Their thoughts are different and the ideas that are created from their minds are completely their own. If this were not true, then everyone living in the day and age of Benjamin Franklin would have had the same idea of electricity as he did. But Franklin's thought process was unique, and his brilliant discovery has led to the type of society we live in today. Without people's original ideas, we would not have many of the inventions we have today. The computer and internet, the television set, and the automobile are all examples of how an original idea can change the way in which society functions.",Data,effective,"Paragraph_2|Primary_Claim|0,98",-
"3b_MSU_essay|Paragraph_3|Counterclaim|0,92",Paragraph_3,"(0, 92)",I believe that is very difficult for people to come up with new things to discover or invent;,Counterclaim,adequate,"Paragraph_1|Final_Claim|546,606","Paragraph_2|Primary_Claim|0,98"
"3b_MSU_essay|Paragraph_3|Data|125,394",Paragraph_3,"(125, 394)","It can be seen every time a new song is released on iTunes. It may not be original in its theme, but it is unique by its sound and the voice of the artist who sings it. Magazines and newspapers would no longer be in business if new articles and ideas were not displayed.",Data,adequate,"Paragraph_3|Rebuttal|94,123",-
"3b_MSU_essay|Paragraph_3|Nonannotated|396,641",Paragraph_3,"(396, 641)","So, the next time you are trying to create something truly original and completely unique, don't be afraid to get inspiration from those whose ideas came first. Create your own twist on ideas that came from others and make it completely your own.",Nonannotated,-,-,-
"3b_MSU_essay|Paragraph_3|Rebuttal|94,123",Paragraph_3,"(94, 123)","however, it is seen every day.",Rebuttal,adequate,"Paragraph_3|Counterclaim|0,91",-
