﻿discourse_id,discourse_part,discourse_boundary,discourse_text,adjudicated_discourse_type,adjudicated_effectiveness,adjudicated_hierarchical,adjudicated_parallel
"40_MSU_essay|Paragraph_1|Nonannotated|0,88",Paragraph_1,"(0, 88)",Many ideas and inventions today tend to be improvements upon inventions already existing.,Nonannotated,-,-,-
"40_MSU_essay|Paragraph_1|Final_Claim|90,275",Paragraph_1,"(90, 275)","Despite this fact, man has the capablity to have orriginal thoughts. History has shown that society today is a molded by the orriginal thoughts of philosiphers and inventors of the past.",Final_Claim,effective,-,-
"40_MSU_essay|Paragraph_2|Primary_Claim|0,100",Paragraph_2,"(0, 100)","Man kind has always had the propencity to see and fill needs in society, everyday life, and in nature",Primary_Claim,adequate,"Paragraph_1|Final_Claim|90,275","Paragraph_2|Primary_Claim|319,493"
"40_MSU_essay|Paragraph_2|Data|103,317",Paragraph_2,"(103, 317)","From the idea that the world is round, to the invention of the light bulb, to the current green movement to refine polution, man has proven that indevidual thought can have a grand influence on the world as a whole.",Data,adequate,"Paragraph_2|Primary_Claim|0,100",-
"40_MSU_essay|Paragraph_2|Primary_Claim|319,493",Paragraph_2,"(319, 493)",Even if most inventions and ideas are only improvements of earlier ideas they are still original in that no one else was able to identify the potential for improvement before.,Primary_Claim,adequate,"Paragraph_1|Final_Claim|90,275","Paragraph_2|Primary_Claim|0,100"
"40_MSU_essay|Paragraph_2|Data|495,810",Paragraph_2,"(495, 810)",Originality can not be solely identified as an entirely new edea that no one else has thought of in the past. Its deffinition can also extend to a refined idea that has not been thought of in the past. There are still many ideas and needs that have not been accomodated in todays society thatstill need to be filled.,Data,adequate,"Paragraph_2|Primary_Claim|319,493",-
"40_MSU_essay|Paragraph_2|Concluding_Summary|697,887",Paragraph_2,"(697, 887)",Originality begins with original thought and continues with original action.,Concluding_Summary,adequate,"Paragraph_1|Final_Claim|90,275",-
