﻿discourse_id,discourse_part,discourse_boundary,discourse_text,adjudicated_discourse_type,adjudicated_effectiveness,adjudicated_hierarchical,adjudicated_parallel
"40b_MSU_essay|Paragraph_1|Final_Claim|0,324",Paragraph_1,"(0, 324)","People can have their own original way of doing things or thinking of ways to develop something new, but in reality everything is the same. You can be an artist, song writer, film maker and come up with different ideas for ways to bringing something new out, but it's all the same, although it may be done in a different way.",Final_Claim,adequate,-,-
"40b_MSU_essay|Paragraph_1|Concluding_Summary|1309,1809",Paragraph_1,"(1309, 1809)","Everyone wants to come up with something new, something no one else has thought of, but eventually someone has or someone will, its just the point of who will bring the idea to life first, and then it could be years later where that idea or thought you brought to surface could be imitated by someone else;It's just a repeated link So, can people ever be truly original, yes, but someone, somewhere is thinking of that same idea, has thought of that same idea, or have brought that idea to real life.",Concluding_Summary,adequate,"Paragraph_1|Final_Claim|0,324",-
"40b_MSU_essay|Paragraph_1|Data|326,562",Paragraph_1,"(326, 562)",Sometimes it makes you wonder how can an artist form a picture that has never been thought of or already sculptured or painted because in some form of way someone has came up with the same idea and have already brought that idea to life.,Data,adequate,"Paragraph_1|Final_Claim|0,324","Paragraph_1|Data|564,893; Paragraph_1|Data|895,1307"
"40b_MSU_essay|Paragraph_1|Data|564,893",Paragraph_1,"(564, 893)","Just like teaching, their isn't another form of way that an English or History teacher can go by teaching the subject to students because eventually everything will have to deal with something about english or history. Each of the teachers may teach a different way or have different techniques for teaching, but its all the same.",Data,adequate,"Paragraph_1|Final_Claim|0,324","Paragraph_1|Data|326,562; Paragraph_1|Data|895,1307"
"40b_MSU_essay|Paragraph_1|Data|895,1307",Paragraph_1,"(895, 1307)","Today, you see alot of movies that have came out or are soon to be showing that are very similar to other movies that have already been filmed and made by other filmakers, just a little different. Some songs and movies that came about years ago has reached surface again in this day in age, the same movie, but just brought back out because its something new to people that didn't know that song or movie existed.",Data,adequate,"Paragraph_1|Final_Claim|0,324","Paragraph_1|Data|326,562; Paragraph_1|Data|564,893"
