﻿discourse_id,discourse_part,discourse_boundary,discourse_text,adjudicated_discourse_type,adjudicated_effectiveness,adjudicated_hierarchical,adjudicated_parallel
"42_MSU_essay|Paragraph_1|Nonannotated|0,33",Paragraph_1,"(0, 33)",Can people ever truly be original?,Nonannotated,-,-,-
"42_MSU_essay|Paragraph_2|Nonannotated|0,298",Paragraph_2,"(0, 298)","Has the time come? Is the era of firsts over? Ideas come from many places. Inspiration has many names. Originality has many owners, but will anyone dare take this opportunity to step outside of the lines and be truly original? Or is it now up to us to take the ideas already present and better them?",Nonannotated,-,-,-
"42_MSU_essay|Paragraph_3|Data|0,369",Paragraph_3,"(0, 369)","Ideas can be stolen this is true, but many are more progressed now than they were when the first person thought them up. Some ideas need a little help to reach their full potential. Like the idea of Disney World. It would not exist as it is today if the dream had simply died with Walt Disney. What would our world be if others did not share the same interests or ideas?",Data,adequate,"Paragraph_7|Final_Claim|0,156","Paragraph_4|Data|0,381; Paragraph_5|Data|0,384; Paragraph_6|Data|0,336"
"42_MSU_essay|Paragraph_4|Data|0,381",Paragraph_4,"(0, 381)","On American Idol, the contestants are asked to sing songs familiar to the audience. This will sometimes land them a vote from an avid fan. The judges always say, Make it your own. They change a few notes and experiment in different octaves. Sometimes it is enough, but for others it is not. Are these who do not make the cut not daring enough to satisfy our entertainment desires?",Data,adequate,"Paragraph_7|Final_Claim|0,156","Paragraph_3|Data|0,369; Paragraph_5|Data|0,384; Paragraph_6|Data|0,336"
"42_MSU_essay|Paragraph_5|Data|0,384",Paragraph_5,"(0, 384)","Fashion, some say, has come full circle. We now have so many resources, but are re-using what we already have. Fashionistas of today are going retro or vintage on us. To get the in look you can go to the over-priced boutiques; that is fine, but you are just as well of shopping in a second hand store. If only our mothers would have held onto their ridiculous clothes from days past.",Data,ineffective,"Paragraph_7|Final_Claim|0,156","Paragraph_3|Data|0,369; Paragraph_4|Data|0,381; Paragraph_6|Data|0,336"
"42_MSU_essay|Paragraph_6|Data|0,336",Paragraph_6,"(0, 336)","In the theatre many new plays are written, but it seems to me that many people are comfortable watching the familiar old shows and movies over again. We simply take a script from twenty years ago and throw the hot new actors and actresses into them; sexing up the scenes and tarnishing the language until it is suitable for the audience.",Data,ineffective,"Paragraph_7|Final_Claim|0,156","Paragraph_3|Data|0,369; Paragraph_4|Data|0,381; Paragraph_5|Data|0,384"
"42_MSU_essay|Paragraph_7|Final_Claim|0,156",Paragraph_7,"(0, 156)","Maybe it is not that originality that is lost, but it is simply our wish to make better the ideas, dreams, and unfinished plans set out by those ahead of us.",Final_Claim,adequate,-,-
