﻿discourse_id,discourse_part,discourse_boundary,discourse_text,adjudicated_discourse_type,adjudicated_effectiveness,adjudicated_hierarchical,adjudicated_parallel
"42b_MSU_essay|Paragraph_1|Nonannotated|0,189",Paragraph_1,"(0, 189)",What does it mean to be original? I like to define original as being one-of-a-kind. Sometimes it appears that everything that can be thought of and done has already been thought of and done.,Nonannotated,-,-,-
"42b_MSU_essay|Paragraph_1|Final_Claim|191,330",Paragraph_1,"(191, 330)","I believe, however, that while many aspects of a person's life may be the same as another's, the person's life overall is completely unique.",Final_Claim,adequate,-,-
"42b_MSU_essay|Paragraph_2|Data|0,786",Paragraph_2,"(0, 786)","One area of a person's life that may seem to be unoriginal is their ideas. It appears sometimes that everything there is to be thought has already been thought of. Coming up with new ideas can be a very difficult task. I once had what I considered a profound idea at the time: What if what i see as red actually looks different through another person's eyes? We both call it red of course, because thats what we were taught. I discussed this thought with many friends since, and they have also had that very same thought! I did come to a conclusion however, while having these discussions. I believe that while we might have had that same idea, we also had very different ideas that spawned from the one. We seemed to have gone in different directions in our thinking from the main idea.",Data,effective,"Paragraph_2|Primary_Claim|788,858",-
"42b_MSU_essay|Paragraph_2|Primary_Claim|788,858",Paragraph_2,"(788, 858)","Having different takes, opinions, and lines of thought makes us unique.",Primary_Claim,adequate,"Paragraph_1|Final_Claim|191,330","Paragraph_3|Primary_Claim|0,101; Paragraph_4|Primary_Claim|0,30"
"42b_MSU_essay|Paragraph_3|Primary_Claim|0,101",Paragraph_3,"(0, 101)",Another area of our lives that may make us feel as if we are just copying somebody else is our career.,Primary_Claim,ineffective,"Paragraph_1|Final_Claim|191,330","Paragraph_2|Primary_Claim|788,858; Paragraph_4|Primary_Claim|0,30"
"42b_MSU_essay|Paragraph_3|Data|103,370",Paragraph_3,"(103, 370)","Let us face it: few truly new jobs are being created anytime soon. Even with new technology and new products being created, a maintenence job has been around a long time. Whether you work on cars or futuristic teleportation devices, you are still a maintenence worker.",Data,adequate,"Paragraph_3|Primary_Claim|0,101",-
"42b_MSU_essay|Paragraph_4|Primary_Claim|0,30",Paragraph_4,"(0, 30)",Another area is our activities.,Primary_Claim,adequate,"Paragraph_1|Final_Claim|191,330","Paragraph_2|Primary_Claim|788,858; Paragraph_3|Primary_Claim|0,101"
"42b_MSU_essay|Paragraph_4|Data|32,304",Paragraph_4,"(32, 304)","What we do in our free time. Many people like to write, others like to play sports. Nobody does anything that no one else in the world does not or has not done. The only person that can claim that originality is an inventor of aan activity, and who knows who was the first?",Data,adequate,"Paragraph_4|Primary_Claim|0,30",-
"42b_MSU_essay|Paragraph_5|Concluding_Summary|0,258",Paragraph_5,"(0, 258)","The point I believe that makes us all unique is our lives, the sum of all the things we think and do. No one has all the same jobs and ideas. It is the combination of all of our sometimes seemingly copied thoughts and actions that make us what we are: unique.",Concluding_Summary,adequate,"Paragraph_1|Final_Claim|191,330",-
