﻿discourse_id,discourse_part,discourse_boundary,discourse_text,adjudicated_discourse_type,adjudicated_effectiveness,adjudicated_hierarchical,adjudicated_parallel
"43_MSU_essay|Paragraph_1|Nonannotated|0,638",Paragraph_1,"(0, 638)","When speaking on the basis of originality, many ideas tend to render in one's thoughts. For example, what is really the definition of originality? To some, originality involves creating an idea or product that someone else may have already come up with, but adding their own personal spin on things. The other is when it is defined as creating an idea or product that is completely your own, no one else has ever thought of it before. In today's world there are many new trends and fashions that truly stand out from others, but is it because of its originality or is it just another carbon copy of something someone else has already done.",Nonannotated,-,-,-
"43_MSU_essay|Paragraph_2|Final_Claim|0,117",Paragraph_2,"(0, 117)","Much of the world today, in my opinion, are all developments of something old, that has already been done in the past.",Final_Claim,adequate,-,-
"43_MSU_essay|Paragraph_2|Primary_Claim|119,188",Paragraph_2,"(119, 188)",The only difference is it is more elaborated on by today's population.,Primary_Claim,adequate,"Paragraph_2|Final_Claim|0,117","Paragraph_4|Counterclaim|0,124"
"43_MSU_essay|Paragraph_2|Data|190,593",Paragraph_2,"(190, 593)","For example,the many fashion designs that have aroused. Most of the fashion designers who make these clothing items like to refer to them as original designs, but when all they really are, are copies. They only call them originals, because their companies were the first to remake them and add only a little something extra to try and change its look. Absolutely nothing about the item is truly original.",Data,adequate,"Paragraph_2|Primary_Claim|119,188","Paragraph_3|Data|0,561"
"43_MSU_essay|Paragraph_3|Data|0,561",Paragraph_3,"(0, 561)","The same thing can be said about the music that is being sung and performed today. Many like to think that today's music is somehow different than music of the past. This is also information that I see as false. If many were to actually listen to the lyrics and sometimes,perhaps even the beats, there is not much difference at all. They all speak about the same thing, the only difference is there is a different vocalist singing. Claims of originality in the music is only opinion based by the artist themselves, and the portion of listeners who critique them.",Data,adequate,"Paragraph_2|Primary_Claim|119,188","Paragraph_2|Data|190,593"
"43_MSU_essay|Paragraph_4|Counterclaim|0,124",Paragraph_4,"(0, 124)",There is not one to say that people can not invent something or come up with a new idea that is truly original than the last.,Counterclaim,adequate,"Paragraph_2|Final_Claim|0,117","Paragraph_2|Primary_Claim|119,188"
"43_MSU_essay|Paragraph_4|Rebuttal|126,345",Paragraph_4,"(126, 345)",But for now there is a strong lack thereof. Maybe it is because they are tired of trying to do something new. Or it could simply be because there are truly nothing else that needs to be invented that is not already here.,Rebuttal,adequate,"Paragraph_4|Counterclaim|0,124",-
"43_MSU_essay|Paragraph_5|Concluding_Summary|0,224",Paragraph_5,"(0, 224)","The lack of originality may be a problem for years to come. Or someone may surprise everyone with something that they really came up with. But until that time, everything right now, to me, are all carbon copies of each other.",Concluding_Summary,adequate,"Paragraph_2|Final_Claim|0,117",-
"43_MSU_essay|Paragraph_5|Nonannotated|226,265",Paragraph_5,"(226, 265)","Hopefully, somebody will prove me wrong.",Nonannotated,-,-,-
