﻿discourse_id,discourse_part,discourse_boundary,discourse_text,adjudicated_discourse_type,adjudicated_effectiveness,adjudicated_hierarchical,adjudicated_parallel
"43b_MSU_essay|Paragraph_1|Nonannotated|0,374",Paragraph_1,"(0, 374)","With so many advances in technology such as smart phones, computers, and television; more and more people have become addicted to the need of technology. Being constantly connected to the outside world has given the media steady access to young people. In doing so, they are given more time to get there message across, how they want a person to feel, dress, and what to say.",Nonannotated,-,-,-
"43b_MSU_essay|Paragraph_2|Data|0,292",Paragraph_2,"(0, 292)","The massive consumption can not help but influence people, and not many people are as independent. They see someone on television or the internet and the media has made them out to be something ""cool"" and teens flock to be like the next big thing, and use less of their own ideas and feelings.",Data,adequate,"Paragraph_4|Final_Claim|0,112","Paragraph_3|Data|0,367"
"43b_MSU_essay|Paragraph_3|Data|0,367",Paragraph_3,"(0, 367)","Also there seems to be a lack in creativity songs begin to sound the same, and movies have similar plots. People have grown accustom to the same style of entertainment, and that style rarely changes. Writers and movie companys want to produce what sells so they stick to the sure thing and produce similar films and songs instead of being creative and taking a chance.",Data,adequate,"Paragraph_4|Final_Claim|0,112","Paragraph_2|Data|0,292"
"43b_MSU_essay|Paragraph_4|Final_Claim|0,112",Paragraph_4,"(0, 112)","The technology has helped the world in many ways, but has seemed to limit creativity and individuality in people.",Final_Claim,adequate,-,-
"43b_MSU_essay|Paragraph_4|Nonannotated|114,201",Paragraph_4,"(114, 201)",Maybe one day we will see the creativity that made this country as strong as it once was,Nonannotated,-,-,-
