﻿discourse_id,discourse_part,discourse_boundary,discourse_text,adjudicated_discourse_type,adjudicated_effectiveness,adjudicated_hierarchical,adjudicated_parallel
"44_MSU_essay|Paragraph_1|Nonannotated|0,105",Paragraph_1,"(0, 105)",People always strive to be unique or different. This idea clashes with creativeness all through our lives.,Nonannotated,-,-,-
"44_MSU_essay|Paragraph_1|Final_Claim|107,296",Paragraph_1,"(107, 296)","However, people can always be original in some way. Although everything that we as human beings try do seems as if it has ""already been done,"" their is always an unique path the we can take.",Final_Claim,effective,-,-
"44_MSU_essay|Paragraph_2|Data|0,151",Paragraph_2,"(0, 151)","In order to stand out from the ordinary crowd, one must appear to be different from everyone else. Being different is sometimes a hard task to complete.",Data,adequate,"Paragraph_2|Primary_Claim|153,376",-
"44_MSU_essay|Paragraph_2|Primary_Claim|153,376",Paragraph_2,"(153, 376)","A person may not be the only individual in the world with an unique idea. The same person, however, may stand out from the crowd in his or her area. Of course their is no singularity in the world, but one can be among a few.",Primary_Claim,adequate,"Paragraph_1|Final_Claim|107,296","Paragraph_3|Primary_Claim|198,383; Paragraph_4|Primary_Claim|229,424"
"44_MSU_essay|Paragraph_3|Data|0,196",Paragraph_3,"(0, 196)","When something is outside of the normal ways of life, we, as humans, quickly notice. Ethnic groups have been given attention for decades due to their ability to go against what we assume is normal.",Data,adequate,"Paragraph_3|Primary_Claim|198,383",-
"44_MSU_essay|Paragraph_3|Primary_Claim|198,383",Paragraph_3,"(198, 383)","By taking the opposite path of normality, humans are able to express their uniqueness among their peers. Although many choose to go against normality, a sense of originality is achieved.",Primary_Claim,adequate,"Paragraph_1|Final_Claim|107,296","Paragraph_2|Primary_Claim|153,376; Paragraph_4|Primary_Claim|229,424"
"44_MSU_essay|Paragraph_4|Data|0,227",Paragraph_4,"(0, 227)","Improvement can always be made to an existing product or idea. If every idea did not have the power to be altered, there would not any advancement in our world. Without advancing, there is no need for the human race to continue.",Data,adequate,"Paragraph_4|Primary_Claim|229,424",-
"44_MSU_essay|Paragraph_4|Primary_Claim|229,424",Paragraph_4,"(229, 424)","Although a specific idea may have been done before, a person can always add a slight variation. With a common base, one will have the ability the recreate a certain idea, thus, making it their own.",Primary_Claim,effective,"Paragraph_1|Final_Claim|107,296","Paragraph_2|Primary_Claim|153,376; Paragraph_3|Primary_Claim|198,383"
"44_MSU_essay|Paragraph_5|Concluding_Summary|0,371",Paragraph_5,"(0, 371)","Because the reality presented to us has a constantly repeating cycle, creating a completely new idea is nearly impossible. By setting oneself apart from others or the normal ways of life, or by simply adding variation, a new idea, however, can be attained. Once a person has added his or her personality trait to an existing idea, then he or she has truly become original.",Concluding_Summary,effective,"Paragraph_1|Final_Claim|107,296",-
