﻿discourse_id,discourse_part,discourse_boundary,discourse_text,adjudicated_discourse_type,adjudicated_effectiveness,adjudicated_hierarchical,adjudicated_parallel
"44b_MSU_essay|Paragraph_1|Nonannotated|0,421",Paragraph_1,"(0, 421)","What makes a hero, what transcends a normal person to that of someone who will be held in high regards for then on out? Why do we, my generation, look over these people? We look to endorsements from celebrities whether it be for a political purpose or even a new fashion. What have they done for us? They've made movies, music, TV shows, or video games but what makes them so special that we hold them in such high regard?",Nonannotated,-,-,-
"44b_MSU_essay|Paragraph_1|Final_Claim|423,611",Paragraph_1,"(423, 611)",We should be looking to heroes for guidance not celebrities not only for the trials they had to overcome but also the sense that they have developed and the bi-partisan attitude they hold.,Final_Claim,adequate,-,-
"44b_MSU_essay|Paragraph_2|Data|0,657",Paragraph_2,"(0, 657)","We are a nation of followers, if you step back and observe you will find that most people are always looking for someone to lead them. There is a reason that ""Sheeple"" is a popular term in the internet sub-culture today. We've been socialized throughout generations that we need to look up to true American heroes, however, it has become watered down, instead of looking up to the General Pattons, the Barack Obamas, or even the everyday people we meet, we look up to Will Smith, Lady GaGa, or Simon Cowell. Why, if you are looking for guidance, would you skip over the people who have faced adversity and go to the people who make a living off of adversity?",Data,effective,"Paragraph_2|Primary_Claim|659,825",-
"44b_MSU_essay|Paragraph_2|Primary_Claim|659,825",Paragraph_2,"(659, 825)","Our heroes have gone through trials and tribulations and have come out through the other side, yet we would rather look up to someone who is used to the pampered life.",Primary_Claim,adequate,"Paragraph_1|Final_Claim|423,611","Paragraph_3|Primary_Claim|567,752; Paragraph_4|Primary_Claim|0,238"
"44b_MSU_essay|Paragraph_3|Data|0,565",Paragraph_3,"(0, 565)","When someone goes through the things that our heroes have gone through, you develop a sense of the world, you have been to hell and back. They don't take things for granted, they appreciate the human life and all the perks that come with it. Celebrities throw away things like marriage, family, and health for a thrill ride that only ends up horribly and sometimes, even deadly. Heroes realize that the most important things in life is not how much money you make, how many people know you, but it is how you live your life and what example you set for other people.",Data,adequate,"Paragraph_3|Primary_Claim|567,752",-
"44b_MSU_essay|Paragraph_3|Primary_Claim|567,752",Paragraph_3,"(567, 752)","Most of your life experiences come through, not the things that you did, but the things that have you have happened to you. Real heroes realize this and they grow stronger because of it.",Primary_Claim,adequate,"Paragraph_1|Final_Claim|423,611","Paragraph_2|Primary_Claim|659,825; Paragraph_4|Primary_Claim|0,238"
"44b_MSU_essay|Paragraph_4|Primary_Claim|0,238",Paragraph_4,"(0, 238)","Heroes aren't supported by companies, they don't offer out their endorsements, they are truly bi-partisan. A celebrity can be paid to say anything, endorse anything, do anything, but a hero will only do something if it suits his lifestyle.",Primary_Claim,adequate,"Paragraph_1|Final_Claim|423,611","Paragraph_2|Primary_Claim|659,825; Paragraph_3|Primary_Claim|567,752"
"44b_MSU_essay|Paragraph_4|Data|240,675",Paragraph_4,"(240, 675)","For example, I highly doubt that Barack Obama is going to be touting the right to bear arms in Huntsville, Alabama because the NRA paid him $50k to do so. On the opposite side, I wouldn't be surprised to see anyone from Jude Law to Kate Winslet making an appearance just because of the fact that it's netting them some money. So the question is, do you want to trust someone who says something out of sheer desire or out of sheer greed?",Data,adequate,"Paragraph_4|Primary_Claim|0,238",-
"44b_MSU_essay|Paragraph_5|Concluding_Summary|0,339",Paragraph_5,"(0, 339)","In closing, true heroes are the ones that don't think of themselves as heroes, as a wise man once said ""I'm not the hero, never was, never will be."" That's the sign of a true role model, someone who realizes that it was their duty to act however it is they did, not because they were getting paid but because it was helping the human cause.",Concluding_Summary,adequate,"Paragraph_1|Final_Claim|423,611",-
