﻿discourse_id,discourse_part,discourse_boundary,discourse_text,adjudicated_discourse_type,adjudicated_effectiveness,adjudicated_hierarchical,adjudicated_parallel
"45_MSU_essay|Paragraph_1|Nonannotated|0,21",Paragraph_1,"(0, 21)",Celebrities Vs. Heroes,Nonannotated,-,-,-
"45_MSU_essay|Paragraph_2|Nonannotated|0,98",Paragraph_2,"(0, 98)",In some circumstances clebrities are heroes. Although a hero can be just an average person as well.,Nonannotated,-,-,-
"45_MSU_essay|Paragraph_2|Primary_Claim|100,189",Paragraph_2,"(100, 189)",A hero is someone who does for others without thinking about what they will get out of it.,Primary_Claim,adequate,"Paragraph_4|Final_Claim|0,114","Paragraph_3|Primary_Claim|0,81"
"45_MSU_essay|Paragraph_2|Data|191,372",Paragraph_2,"(191, 372)",They give selflessly and often. A hero can also be someone like a fire fighter or policeman; someone who puts their life on the line everyday for the safety and well-being of others.,Data,adequate,"Paragraph_2|Primary_Claim|100,189",-
"45_MSU_essay|Paragraph_3|Primary_Claim|0,81",Paragraph_3,"(0, 81)","On the other hand, some celebrities might fall into this category of being a hero.",Primary_Claim,adequate,"Paragraph_4|Final_Claim|0,114","Paragraph_2|Primary_Claim|100,189"
"45_MSU_essay|Paragraph_3|Data|83,405",Paragraph_3,"(83, 405)","Some celebrities like Oprah, who give back to the community, can be looked upon as a hero. Other celebrities, such as actors and actresses, can be heroes for those who are aspiring to become an actor or actress themselves. Basically anyone who is a professional can be a hero to someone trying to join that same profession.",Data,adequate,"Paragraph_3|Primary_Claim|0,81",-
"45_MSU_essay|Paragraph_4|Final_Claim|0,114",Paragraph_4,"(0, 114)",I think everyone deserves someone to look up to or admire. Whether they be celebrites or heroes or maybe even both.,Final_Claim,ineffective,-,-
"45_MSU_essay|Paragraph_4|Data|116,455",Paragraph_4,"(116, 455)","For instance my hero is a soccer player named Lionel Messi. He plays for the national Argentina team. He is my hero because he is a young soccer player, only at age twenty-three, and he is living his dream. Some may look at him and say he is a celebrity.",Data,adequate,"Paragraph_4|Final_Claim|0,114",-
"45_MSU_essay|Paragraph_4|Data|59,455",Paragraph_4,"(59, 455)","If people have no one to look up to, they will have nothing to aim for in the future.",Data,adequate,"Paragraph_4|Final_Claim|0,114",-
