﻿discourse_id,discourse_part,discourse_boundary,discourse_text,adjudicated_discourse_type,adjudicated_effectiveness,adjudicated_hierarchical,adjudicated_parallel
"45b_MSU_essay|Paragraph_1|Nonannotated|0,29",Paragraph_1,"(0, 29)",All Celebrities Are Not Heroes,Nonannotated,-,-,-
"45b_MSU_essay|Paragraph_2|Nonannotated|0,357",Paragraph_2,"(0, 357)","Children in today's society have been raised idealizing celebrities. No one teaches these children that these celebrities are not real heroes. The definition of a hero is, someone who voluntarily helps others. This is different than a celebrity because celebrities are usually only looked up to because they are famous, not because of their selfless actions.",Nonannotated,-,-,-
"45b_MSU_essay|Paragraph_3|Data|0,224",Paragraph_3,"(0, 224)","Some people may look down upon celebrities because it seems that they are taking away the admiration that true heroes should be receiving. The truth behind this theory is, it is not the celebrities fault it is Americas fault.",Data,adequate,"Paragraph_3|Primary_Claim|226,391",-
"45b_MSU_essay|Paragraph_3|Primary_Claim|226,391",Paragraph_3,"(226, 391)",People choose to see celebrities how they are shown and that is as an idol or a hero. Unfortunately this does devalue the fame and admiration our true heroes deserve.,Primary_Claim,adequate,"Paragraph_3|Final_Claim|393,466","Paragraph_4|Primary_Claim|208,342; Paragraph_5|Primary_Claim|0,94"
"45b_MSU_essay|Paragraph_3|Final_Claim|393,466",Paragraph_3,"(393, 466)",Which is why heroes should receive the same amount of fame as celebrities.,Final_Claim,adequate,-,-
"45b_MSU_essay|Paragraph_4|Data|0,206",Paragraph_4,"(0, 206)",However all the blame should not be placed on the celebrities. Heroes are part of the blame too. If someone thinks they themselves deserve the title of a hero then they should let America know what they did.,Data,ineffective,"Paragraph_4|Primary_Claim|208,342",-
"45b_MSU_essay|Paragraph_4|Primary_Claim|208,342",Paragraph_4,"(208, 342)",The problem heroes have in this situation is it is not as easy for them to get publicity and to be made known as it is for celebrities.,Primary_Claim,adequate,"Paragraph_3|Final_Claim|393,466","Paragraph_3|Primary_Claim|226,391; Paragraph_5|Primary_Claim|0,94"
"45b_MSU_essay|Paragraph_5|Primary_Claim|0,94",Paragraph_5,"(0, 94)","On the other hand, this does not mean that all celebrities should not be looked upon as heroes.",Primary_Claim,adequate,"Paragraph_3|Final_Claim|393,466","Paragraph_3|Primary_Claim|226,391; Paragraph_4|Primary_Claim|208,342"
"45b_MSU_essay|Paragraph_5|Data|96,316",Paragraph_5,"(96, 316)",Some celebrities truly live up to the definition of a hero. Today there are many celebrities spending their money and time to help make America a better place. Therefore we should not discriminate against all celebrities.,Data,adequate,"Paragraph_5|Primary_Claim|0,94",-
"45b_MSU_essay|Paragraph_6|Concluding_Summary|0,330",Paragraph_6,"(0, 330)",As time goes on more people will fight this battle and show America that celebrities are not the only heroes in today's world. It will become easier for heroes to be just as famous as the modern day celebrity it will just take some time for America to get used to and one day everyone will look up to heroes as they do celebrities.,Concluding_Summary,ineffective,"Paragraph_3|Final_Claim|393,466",-
