﻿discourse_id,discourse_part,discourse_boundary,discourse_text,adjudicated_discourse_type,adjudicated_effectiveness,adjudicated_hierarchical,adjudicated_parallel
"46_MSU_essay|Paragraph_1|Nonannotated|0,5",Paragraph_1,"(0, 5)",Heroes,Nonannotated,-,-,-
"46_MSU_essay|Paragraph_2|Final_Claim|332,465",Paragraph_2,"(332, 465)","Generally, those who recieve our admiration and adoration should be the heroes that serve the people of our country in a positive way.",Final_Claim,effective,-,-
"46_MSU_essay|Paragraph_2|Nonannotated|6,330",Paragraph_2,"(6, 330)",Britney Spears is not the woman someone should want their children looking up to. Being in the limelight causes many celebrities to struggle with a variety of issues. Many celebrities are going through their third and fourth time through rehab before the age of twenty-one. There are a few celebrities who are positive role models.,Nonannotated,-,-,-
"46_MSU_essay|Paragraph_3|Data|0,328",Paragraph_3,"(0, 328)",The people of our country who serve in the military should be the first heroes. It takes a great deal of pride and honor to go to war for someone to go to war for their country. The heroes give up their lives to allow the people of our country to have freedom. Some people may look up to a celebrity for their musical background.,Data,adequate,"Paragraph_3|Primary_Claim|330,438",-
"46_MSU_essay|Paragraph_3|Primary_Claim|330,438",Paragraph_3,"(330, 438)",But what is more important is to look up to those who give up their lives in order to keep this country safe.,Primary_Claim,effective,"Paragraph_2|Final_Claim|332,465","Paragraph_4|Primary_Claim|246,368; Paragraph_5|Primary_Claim|387,487"
"46_MSU_essay|Paragraph_4|Data|0,244",Paragraph_4,"(0, 244)","The people who volunteer to help those less fortunate. Over the Thanksgiving holidays, there were so many cases of families spending their Thanksgiving dinner serving food to the homeless or those who could not afford a hearty Thanksgiving meal.",Data,adequate,"Paragraph_4|Primary_Claim|246,368",-
"46_MSU_essay|Paragraph_4|Primary_Claim|246,368",Paragraph_4,"(246, 368)","Many give up in order to give back to others. Overall, that seems to be a better role model for the others in this country.",Primary_Claim,effective,"Paragraph_2|Final_Claim|332,465","Paragraph_3|Primary_Claim|330,438; Paragraph_5|Primary_Claim|387,487"
"46_MSU_essay|Paragraph_5|Data|0,385",Paragraph_5,"(0, 385)","The people who donate to charities to help the lives of those less fortunate. The heroes in the country are those who continue to send donations to non-profit organziations in order to keep the humanity of the organization running. Those who may not have a lot of time to work at a homeless shelter, will send money in order to pay for the food to feed the homeless on Thanksgiving day.",Data,adequate,"Paragraph_5|Primary_Claim|387,487",-
"46_MSU_essay|Paragraph_5|Primary_Claim|387,487",Paragraph_5,"(387, 487)",Those who are continuously willing to provide for others are the true heroes that need to be admired.,Primary_Claim,effective,"Paragraph_2|Final_Claim|332,465","Paragraph_3|Primary_Claim|330,438; Paragraph_4|Primary_Claim|246,368"
"46_MSU_essay|Paragraph_6|Concluding_Summary|0,322",Paragraph_6,"(0, 322)","Celebrities may have all the lights, popularity, and fame; but the true heroes are those who find it more important to be helpful for others. Heroes may not be the first person on TV. However, they should be the first people to be admired because they are the true people who keep this world moving in a positive direction.",Concluding_Summary,effective,"Paragraph_2|Final_Claim|332,465",-
