﻿discourse_id,discourse_part,discourse_boundary,discourse_text,adjudicated_discourse_type,adjudicated_effectiveness,adjudicated_hierarchical,adjudicated_parallel
"46b_MSU_essay|Paragraph_1|Nonannotated|0,21",Paragraph_1,"(0, 21)",Heroes or Celebrities?,Nonannotated,-,-,-
"46b_MSU_essay|Paragraph_2|Nonannotated|0,316",Paragraph_2,"(0, 316)",Heroes and celebrities are similar in many ways. They are famous people who stand out above the rest and are looked up to by many. Heroes and celebrities are also very different. A hero is some one who has done a good act to make himself known. A celebrity on the other hand can be someone who is know by many people.,Nonannotated,-,-,-
"46b_MSU_essay|Paragraph_2|Final_Claim|318,402",Paragraph_2,"(318, 402)",A hero should be admired over celebrities because of the way their fame was obtained.,Final_Claim,adequate,-,-
"46b_MSU_essay|Paragraph_3|Primary_Claim|0,105",Paragraph_3,"(0, 105)",If someone does a great thing therefore becoming famous they should be admired for the work they have done.,Primary_Claim,adequate,"Paragraph_2|Final_Claim|318,402","Paragraph_4|Primary_Claim|0,97; Paragraph_5|Primary_Claim|0,243"
"46b_MSU_essay|Paragraph_3|Data|108,549",Paragraph_3,"(108, 549)","In this case that person is a hero because they have done something through their own power and it has made them famous. This can be a deed that helps a community, a country, or even the whole world. This includes scientists that have discovered the cure for a deadly disease, a world leader who ends a war, or even a person who starts a house building project in a poor community. These are people who should be admired, and they are heroes.",Data,effective,"Paragraph_3|Primary_Claim|0,105",-
"46b_MSU_essay|Paragraph_4|Primary_Claim|0,97",Paragraph_4,"(0, 97)",People who have become famous for being attractive or because they are rich are not to be admired.,Primary_Claim,adequate,"Paragraph_2|Final_Claim|318,402","Paragraph_3|Primary_Claim|0,105; Paragraph_5|Primary_Claim|0,243"
"46b_MSU_essay|Paragraph_4|Data|99,325",Paragraph_4,"(99, 325)",These people are merely celebrities. They have done nothing good that deserves any attention. They should be ignored because it is their face that other countries see therefore they are representing their country to foreigners.,Data,adequate,"Paragraph_4|Primary_Claim|0,97",-
"46b_MSU_essay|Paragraph_5|Primary_Claim|0,243",Paragraph_5,"(0, 243)","There are also people who are famous and can gain the celebrity status for doing very bad things. People who have preformed horrible war crimes or mass murders have become famous and well known for their deeds, yet they should never be admired.",Primary_Claim,adequate,"Paragraph_2|Final_Claim|318,402","Paragraph_3|Primary_Claim|0,105; Paragraph_4|Primary_Claim|0,97"
"46b_MSU_essay|Paragraph_6|Concluding_Summary|0,421",Paragraph_6,"(0, 421)",The line between celebrities and heroes is not black and white. There are celebrities that can do good things and there are heroes that can do very stupid things. So it is up to the individual to choose who to admire. A person can be admired for a the single thing they did good while also hated for everything else they do. In the end the line between hero and celebrity is very blurry and admirers should use discretion.,Concluding_Summary,ineffective,"Paragraph_2|Final_Claim|318,402",-
