﻿discourse_id,discourse_part,discourse_boundary,discourse_text,adjudicated_discourse_type,adjudicated_effectiveness,adjudicated_hierarchical,adjudicated_parallel
"47_MSU_essay|Paragraph_1|Nonannotated|0,429",Paragraph_1,"(0, 429)","There are many differences between heroes and celebrities. In todays world, society has gotten confused on the fact that celebrities and heroes differ. Society believes that as long as people are famous for something it makes them a hero. While the truth of the matter is a celebrity is just someone who is famous, yet a hero is someone who has done something heroic and should be remembered and possibly honored. With this said,",Nonannotated,-,-,-
"47_MSU_essay|Paragraph_1|Final_Claim|431,517",Paragraph_1,"(431, 517)",society should chose to admire the heroes instead of the attention seeking celebrities.,Final_Claim,effective,-,-
"47_MSU_essay|Paragraph_2|Data|0,383",Paragraph_2,"(0, 383)","In the world today people are more worried about what Jennifer Aniston wore to the red carpet than who is saving lives in the war half way around the world. A doctor could save a life of a newborn baby with some miraculous surgery and be praised and glorified for maybe a few months, and then forgotten. Yet, a celebrity that adopted a child from Asia will be the talk of the century.",Data,effective,"Paragraph_2|Primary_Claim|406,482",-
"47_MSU_essay|Paragraph_2|Nonannotated|385,404",Paragraph_2,"(385, 404)","With these examples,",Nonannotated,-,-,-
"47_MSU_essay|Paragraph_2|Primary_Claim|406,482",Paragraph_2,"(406, 482)",anyone can see that societys views have been geared toward the wrong things.,Primary_Claim,effective,"Paragraph_1|Final_Claim|431,517","Paragraph_3|Primary_Claim|0,96; Paragraph_4|Primary_Claim|0,89"
"47_MSU_essay|Paragraph_3|Primary_Claim|0,96",Paragraph_3,"(0, 96)",Heroes are people who are famous or should be famous because they have done some that were great.,Primary_Claim,effective,"Paragraph_1|Final_Claim|431,517","Paragraph_2|Primary_Claim|406,482; Paragraph_4|Primary_Claim|0,89"
"47_MSU_essay|Paragraph_3|Data|98,507",Paragraph_3,"(98, 507)","Celebrities are people who if they werent famous we would know nothing about. People mix this concept up. Heroes are the people that we should teach our children to grow up to be like. They should want to become a hero, themselves. Heroes are the people that even if they are not remembered for long over the gossip and drama of the celebrity lives, will still be in the hearts of the people that they helped.",Data,adequate,"Paragraph_3|Primary_Claim|0,96",-
"47_MSU_essay|Paragraph_4|Primary_Claim|0,89",Paragraph_4,"(0, 89)","Heroes, the role models, are who we should choose to look up to, praise, and gossip about.",Primary_Claim,adequate,"Paragraph_1|Final_Claim|431,517","Paragraph_2|Primary_Claim|406,482; Paragraph_3|Primary_Claim|0,96"
"47_MSU_essay|Paragraph_4|Data|91,590",Paragraph_4,"(91, 590)","Celebrities are being paid to entertain us. Their entire life could be a scam just so we can get some laughs and excitement out of it. Heroes on the other hand, are going to be heroes all day long. They are the ones that are doing good deeds out of the kindness in their heart, just to do it. They arent getting paid or getting ratings for the publicity they are able to acquire. They are everyday people who have done some extraordinary and should be known for what they did no matter how long ago.",Data,adequate,"Paragraph_4|Primary_Claim|0,89",-
"47_MSU_essay|Paragraph_5|Concluding_Summary|0,500",Paragraph_5,"(0, 500)","Society will one day see the difference between heroes and celebrities. It will become clear to many when they have a hero as a role model, that the world is blind to the actual good. The celebrities may seem to do well but it is only an act. Heroes are the people in the world that very few will know, many will hear about, but very none will remember. This is a disappointment to the younger generation since they will need role models to help guide them through life even outside of the safety net.",Concluding_Summary,adequate,"Paragraph_1|Final_Claim|431,517",-
