﻿discourse_id,discourse_part,discourse_boundary,discourse_text,adjudicated_discourse_type,adjudicated_effectiveness,adjudicated_hierarchical,adjudicated_parallel
"47b_MSU_essay|Paragraph_1|Nonannotated|0,16",Paragraph_1,"(0, 16)",Hero or Celebrity,Nonannotated,-,-,-
"47b_MSU_essay|Paragraph_2|Nonannotated|0,370",Paragraph_2,"(0, 370)","Celebrities and heroes are not the same they are totally different in every way. So many people believe they should admire someone famous, someone who has money, and someone who is on television. Those people are celebrities. Heroes are people who risk their own life for someone else. They risk their life out of the pure goodness of their heart not for selfish reasons.",Nonannotated,-,-,-
"47b_MSU_essay|Paragraph_2|Final_Claim|372,499",Paragraph_2,"(372, 499)",A hero is the person everyone should admire; they make better role models because they are not acting they are being themselves.,Final_Claim,-,-,-
"47b_MSU_essay|Paragraph_3|Primary_Claim|0,50",Paragraph_3,"(0, 50)",Heroes are a wonderful thing to have in this world.,Primary_Claim,adequate,"Paragraph_2|Final_Claim|372,499","Paragraph_3|Primary_Claim|394,496; Paragraph_4|Primary_Claim|0,34; Paragraph_5|Primary_Claim|0,48"
"47b_MSU_essay|Paragraph_3|Primary_Claim|394,496",Paragraph_3,"(394, 496)",Celebrities are people who only do good deeds for publisity and not out of the goodness of their heart.,Primary_Claim,adequate,"Paragraph_2|Final_Claim|372,499","Paragraph_3|Primary_Claim|0,50; Paragraph_4|Primary_Claim|0,34; Paragraph_5|Primary_Claim|0,48"
"47b_MSU_essay|Paragraph_3|Data|498,678",Paragraph_3,"(498, 678)","Being famous is not everything, a person would have money and anything that they have ever dreamed of except for the accomplishments of a good deed for someone in need just because.",Data,adequate,"Paragraph_3|Primary_Claim|394,496",-
"47b_MSU_essay|Paragraph_3|Data|52,392",Paragraph_3,"(52, 392)","We have heroes in every community whether people believe that or not. We have police officers, firefighters, and other people that would to anything to help someone in need. A role model should be someone that a person can look up to because they do great thing for their community, and they are willing to help anyone in need of assistance.",Data,effective,"Paragraph_3|Primary_Claim|0,50",-
"47b_MSU_essay|Paragraph_4|Primary_Claim|0,34",Paragraph_4,"(0, 34)",Heroes are people who are selfless.,Primary_Claim,adequate,"Paragraph_2|Final_Claim|372,499","Paragraph_3|Primary_Claim|0,50; Paragraph_3|Primary_Claim|394,496; Paragraph_5|Primary_Claim|0,48"
"47b_MSU_essay|Paragraph_4|Data|36,445",Paragraph_4,"(36, 445)",These types of people will help an elderly person cross the street or remove a cat from a tree. Heroes are people that will go out of their way to help anyone even though they may not recieve anything in return. These heroes may not even realize they are always recieving something for everything they do. They are recieving happiness and a smile from the person or thing they rescued from some sort of danger.,Data,adequate,"Paragraph_4|Primary_Claim|0,34",-
"47b_MSU_essay|Paragraph_5|Primary_Claim|0,48",Paragraph_5,"(0, 48)",Celebrities do as they are told not as they feel.,Primary_Claim,adequate,"Paragraph_2|Final_Claim|372,499","Paragraph_3|Primary_Claim|0,50; Paragraph_3|Primary_Claim|394,496; Paragraph_4|Primary_Claim|0,34"
"47b_MSU_essay|Paragraph_5|Data|50,376",Paragraph_5,"(50, 376)","If they are told to give so much to a charity they will even though they may not even realize what that charity is. they may even say they support some huge project, but only because they were told that they need to support due to lack of publisity. These everyday celebrities only act and do as they are told not as they feel.",Data,adequate,"Paragraph_5|Primary_Claim|0,48",-
"47b_MSU_essay|Paragraph_6|Concluding_Summary|0,417",Paragraph_6,"(0, 417)","All in all, so many people look up to the wrong type of role model. Children look up to celebrities just because they are on there favorite movie or television show, not because they have done something great or remarkable just because they are funny and entertaining. What ever happened to children looking up to a family member such as an uncle, aunt, mother, or father. Those are the role models most children need.",Concluding_Summary,adequate,"Paragraph_2|Final_Claim|3726,499",-
