﻿discourse_id,discourse_part,discourse_boundary,discourse_text,adjudicated_discourse_type,adjudicated_effectiveness,adjudicated_hierarchical,adjudicated_parallel
"48_MSU_essay|Paragraph_1|Final_Claim|0,385",Paragraph_1,"(0, 385)","There is no question as to whether celebrities and heroes are different from each other. Heroes, to my knowledge, are people, famous or not, who are admired for the things that they do and inspire others to do the same. Celebrities, on the other hand, are famous for their talents. There is a distinct difference, however, it is possible for a person to consider a celebrity their hero.",Final_Claim,adequate,-,-
"48_MSU_essay|Paragraph_2|Primary_Claim|0,30",Paragraph_2,"(0, 30)",Heros do not have to be famous.,Primary_Claim,adequate,"Paragraph_1|Final_Claim|0,385","Paragraph_3|Primary_Claim|0,242"
"48_MSU_essay|Paragraph_2|Data|32,481",Paragraph_2,"(32, 481)","They come in all types such as, the single, hard working mother taking care of her three children with no help from anyone. The school teacher who has dedicated her life to taking teaching children how to read and write. Or even the grandfather who takes his grandchildren fishing every sunday after church and tells them stories of his childhood. Heros all too often simple people doing simple things that make positive differences in peoples lives.",Data,adequate,"Paragraph_2|Primary_Claim|0,30",-
"48_MSU_essay|Paragraph_3|Primary_Claim|0,242",Paragraph_3,"(0, 242)","Of course, a person could consider a celebrity their hero if they admire a specific talent her or she has or perhaps the way a particular celebrity may carry him or herself. However, many celebrities are admired for the attention they receive.",Primary_Claim,adequate,"Paragraph_1|Final_Claim|0,385","Paragraph_2|Primary_Claim|0,30"
"48_MSU_essay|Paragraph_4|Concluding_Summary|0,79",Paragraph_4,"(0, 79)",The simplicity of heros are often overshadowed by the complexity of a celebrity.,Concluding_Summary,adequate,"Paragraph_1|Final_Claim|0,385",-
