﻿discourse_id,discourse_part,discourse_boundary,discourse_text,adjudicated_discourse_type,adjudicated_effectiveness,adjudicated_hierarchical,adjudicated_parallel
"48b_MSU_essay|Paragraph_1|Nonannotated|0,54",Paragraph_1,"(0, 54)",Originality is something that I appreciate in any work.,Nonannotated,-,-,-
"48b_MSU_essay|Paragraph_1|Final_Claim|56,324",Paragraph_1,"(56, 324)",It is near impossible to be the first to do something. I believe uniqueness can be found by imitating something that has been done before and then building on it. I do not believe just because something has been done before that a work similar to it cannot be original.,Final_Claim,adequate,-,-
"48b_MSU_essay|Paragraph_2|Data|0,493",Paragraph_2,"(0, 493)","In ""The Graduate"" it passes time quickly through the use of a montage. This is one example of originality because in writing a transition is needed to go from one point in time to another or the reader will probably be confused. The use of this technique is an innovation brought about by the use of film. Even using film to present the story is original and creative in its own way, and it opened up avenues for a different presentation of the story compared to that of a novel or short story.",Data,effective,"Paragraph_1|Final_Claim|56,324","Paragraph_3|Data|0,645"
"48b_MSU_essay|Paragraph_3|Data|0,645",Paragraph_3,"(0, 645)","The way an author writes a story can change the way it is seen. In many of the short stories we read the author included characters we could relate to as the protagonists. Often times point of view gave us incite into characters' thoughts. Thousands of people write short stories which are typically fictional. Each story manages to be its own although many may be similar. An author's style largely determines how the story is read, and uses of different techniques can make a simple short story an original piece of work. Two different authors could tell the same story, but by using different methods each could have an original piece of work.",Data,effective,"Paragraph_1|Final_Claim|56,324","Paragraph_2|Data|0,493"
