﻿discourse_id,discourse_part,discourse_boundary,discourse_text,adjudicated_discourse_type,adjudicated_effectiveness,adjudicated_hierarchical,adjudicated_parallel
"49_MSU_essay|Paragraph_1|Final_Claim|0,466",Paragraph_1,"(0, 466)","Often times the distinction between celebrities and heroes becomes very unclear and distant. Many celebrities because of their increasing fame are seen as heroes and role models of their generation, rather than entertainers and performers. It is dire that the line between the two groups be reinforced and made very clear. It is the fine line between heroes and celebrities that creates real role models, people who go above and beyond for the sole benefit of others.",Final_Claim,effective,-,-
"49_MSU_essay|Paragraph_2|Primary_Claim|0,204",Paragraph_2,"(0, 204)","There are many characteristics and attributes that define a hero. A hero is someone who typically exudes selflessness, excellence, honor, integrity, and any virtue that you might find in heroes in fiction.",Primary_Claim,effective,"Paragraph_1|Final_Claim|0,466","Paragraph_3|Primary_Claim|0,92"
"49_MSU_essay|Paragraph_2|Data|206,788",Paragraph_2,"(206, 788)","A Medal of Honor recipient is someone who is a perfect example of a hero. These men and women earn the Medal of Honor by going above and beyond the call of duty to help and protect their comrades and extraordinary situations. For example, Major Patrick H Brady earned the Medal of Honor for his valiant display of selflessness during the Vietnam War where he flew a helicopter to rescue over fifty-one of his comrades while being under extremely heavy fire the entire time. This type of galantry is the definition of being heroic, rather than parading infront of a television camera.",Data,effective,"Paragraph_2|Primary_Claim|0,204",-
"49_MSU_essay|Paragraph_3|Primary_Claim|0,92",Paragraph_3,"(0, 92)","Where heroes are pinnacles of service before self and excellence, celebrities simply are not.",Primary_Claim,adequate,"Paragraph_1|Final_Claim|0,466","Paragraph_2|Primary_Claim|0,204"
"49_MSU_essay|Paragraph_3|Data|94,761",Paragraph_3,"(94, 761)","Sure, celebrities perform and entertain for the sole purpose of amusing the audience but they are typically driven by other feelings and aspirations rather than for the audience. The connection they develop with their audience is not the same as the connection Maj Brady had for the troops surrounded by Vietcong. Celebrities are so entangled in the vicious circle of the media that they are trapped and desperately trying to please the media and their audience. Also, they typically do many acts for the benefit of their reputation, something a true hero would not do; rather, a hero would not worry about their reputation and instead always have honor and integrity.",Data,effective,"Paragraph_3|Primary_Claim|0,92",-
"49_MSU_essay|Paragraph_4|Concluding_Summary|0,436",Paragraph_4,"(0, 436)","Role models should be created by the presence of true heroes, not celebrities. For this to happen, the line and distinction betweent he two should be made very clear and fine. It must be ascertained by all that people should strive to be like Major Brady, and not like the useless tools of the media that do nothing but try and raise themselves above others, rather than what a true hero does, and that is to raise others above themself.",Concluding_Summary,effective,"Paragraph_1|Final_Claim|0,466",-
