﻿discourse_id,discourse_part,discourse_boundary,discourse_text,adjudicated_discourse_type,adjudicated_effectiveness,adjudicated_hierarchical,adjudicated_parallel
"49b_MSU_essay|Paragraph_1|Nonannotated|0,26",Paragraph_1,"(0, 26)",To admire or not to admire?,Nonannotated,-,-,-
"49b_MSU_essay|Paragraph_2|Final_Claim|0,322",Paragraph_2,"(0, 322)","In today's society there is not a fine line between a hero and a celebrity. Heros are not the only people that can be admired, celebrities can be admired to. Some might even say that celebrities can be heros too There are some celebrities that can be looked up to for their work, ethics, and the example they set for people.",Final_Claim,adequate,-,-
"49b_MSU_essay|Paragraph_3|Primary_Claim|0,55",Paragraph_3,"(0, 55)",One reason celebrities can be admired is for their work.,Primary_Claim,adequate,"Paragraph_3|Primary_Claim|0,55",-
"49b_MSU_essay|Paragraph_3|Data|57,306",Paragraph_3,"(57, 306)","Whether a celebrity is a musician, artist, actor, or even an athlete he or she can inspire one to do great things. Most of the time celebrities are known for something great they do, or how they do their job, and these celebrities can be role models.",Data,adequate,"Paragraph_2|Final_Claim|0,322","Paragraph_3|Primary_Claim|0,55; Paragraph_5|Primary_Claim|0,87"
"49b_MSU_essay|Paragraph_4|Primary_Claim|0,116",Paragraph_4,"(0, 116)","Not all celebrities have the greatest ethics or even set a good example for people, but there are still a few who do.",Primary_Claim,adequate,"Paragraph_4|Primary_Claim|0,116",-
"49b_MSU_essay|Paragraph_4|Data|118,445",Paragraph_4,"(118, 445)","In the Arena of sports, Peyton Manning a ""celebrity"" to many inspires young athletes to work hard on and off the field, study the game, and be humble. Many people admire him and there are even many players in the NFL who strive to be like Manning when it comes to work ethics. He even impacts people outside the world of sports.",Data,effective,"Paragraph_2|Final_Claim|0,322","Paragraph_3|Primary_Claim|0,55; Paragraph_4|Primary_Claim|0,116"
"49b_MSU_essay|Paragraph_5|Primary_Claim|0,87",Paragraph_5,"(0, 87)",Another reason celebrities can be admired is because of the example they set for people.,Primary_Claim,adequate,"Paragraph_5|Primary_Claim|0,87",-
"49b_MSU_essay|Paragraph_5|Data|89,193",Paragraph_5,"(89, 193)","Most celebrities probably do not set the best example for children in America, but there are some who do.",Data,ineffective,"Paragraph_2|Final_Claim|0,322",-
"49b_MSU_essay|Paragraph_6|Concluding_Summary|0,213",Paragraph_6,"(0, 213)","In conclusion there are numerous reasons that celebrities can be admired. They can be looked up to for their work, ethics and they can be role models for children. Heros are not the only people that can be admired.",Concluding_Summary,adequate,-,-
