﻿discourse_id,discourse_part,discourse_boundary,discourse_text,adjudicated_discourse_type,adjudicated_effectiveness,adjudicated_hierarchical,adjudicated_parallel
"4_MSU_essay|Paragraph_1|Nonannotated|0,321",Paragraph_1,"(0, 321)",Does the song playing on the radio sound familiar? Is the movie playing at the theater a remake of an older version? his is very common in this day and time. Movies are often remakes of an original version that was made years before. Songs are covered by so many artists it's hard to figure out who the original singer is.,Nonannotated,-,-,-
"4_MSU_essay|Paragraph_1|Nonannotated|323,453",Paragraph_1,"(323, 453)","Truthfully, it seems that everything has been done before, and thats the attitude most people have. This belief is entirely untrue.",Nonannotated,-,-,-
"4_MSU_essay|Paragraph_1|Final_Claim|323,604",Paragraph_1,"(323, 604)","Even though everything seems to be done before, a person can still be original today because the world is in constant need of new ideas as it changes.",Final_Claim,effective,-,-
"4_MSU_essay|Paragraph_2|Data|0,603",Paragraph_2,"(0, 603)","The world is changing a little more everyday. Think back ten years ago and one can realize that in that short period of time things have changed a lot. Most of these changes are just improvements on old ideas, but its still original and different from the usual. Vehicles can now parallel park themselves, blankets have sleeves, clothes are wrinkle-free. These are all recent ideas that have been very successful. If anyone claims that it's all been done before they have no idea what they are talking about because there is always room for new and original ideas and these ideas are being made everyday.",Data,effective,"Paragraph_1|Final_Claim|323,604",-
"4_MSU_essay|Paragraph_3|Concluding_Summary|0,326",Paragraph_3,"(0, 326)","Even though so many things seem redone and remade, there is still people who are being original. Whether its improving an existing idea or coming up with an entirely new one, these are both ways to be original. The more the world grows the more we need these ideas. Now more than ever, its easy for anyone to be truly original.",Concluding_Summary,adequate,"Paragraph_1|Final_Claim|323,604",-
