﻿discourse_id,discourse_part,discourse_boundary,discourse_text,adjudicated_discourse_type,adjudicated_effectiveness,adjudicated_hierarchical,adjudicated_parallel
"4b_MSU_essay|Paragraph_1|Nonannotated|0,35",Paragraph_1,"(0, 35)","Can anyone ever be ""truly original?""",Nonannotated,-,-,-
"4b_MSU_essay|Paragraph_1|Final_Claim|37,487",Paragraph_1,"(37, 487)","In my experience, no one can be ""truly original."" Think about it. Everyone has millions of varying thoughts every day. To be ""truly original,"" one would have to think of something that no one who ever lived has ever thought of before. Assuming there are about 6 billion people present in the world today, this feat is impossible. Through scientists and musicians one will discover that it is impossible to be truly original without life experiences.",Final_Claim,effective,-,-
"4b_MSU_essay|Paragraph_2|Primary_Claim|0,109",Paragraph_2,"(0, 109)","In a world of 6 billion people, scientists have difficulty researching new ideas to publish and experiment on.",Primary_Claim,effective,"Paragraph_1|Final_Claim|37,487","Paragraph_3|Primary_Claim|0,120"
"4b_MSU_essay|Paragraph_2|Data|111,703",Paragraph_2,"(111, 703)","The field of medicine for instance is very defined in the sense that we have laws about what is acceptable and what is not. This limits our abilities to discover new things that might be outside of the acceptable range. The limitations are what keep scientists from possibly discovering the new cure for cancer. The limitations also prevent scientists from creating something new. Millions of acceptable research studies have happened for instance to discover a cure for cancer; therefore, ones ability to think about a new method is limited and seemingly impossible to be truly original.",Data,adequate,"Paragraph_2|Primary_Claim|0,109",-
"4b_MSU_essay|Paragraph_3|Primary_Claim|0,120",Paragraph_3,"(0, 120)","To be truly original, musicians have to write from their life experience, but even then, originality is not guaranteed.",Primary_Claim,effective,"Paragraph_1|Final_Claim|37,487","Paragraph_2|Primary_Claim|0,109"
"4b_MSU_essay|Paragraph_3|Data|122,653",Paragraph_3,"(122, 653)","Imagine if a student were to start humming a random tune, it would sound familiar to someone who has heard the same two notes put together in a song. With only so many musical notes, it is mathematically impossible to rearrange them all in a different way. The originality comes from ones own life experience. Whether composing an instrumental sonata, or singing in a country band, life experiences add twists and turns in the music that a previous composer might not have thought of because they didnt experience the same things.",Data,adequate,"Paragraph_3|Primary_Claim|0,120",-
"4b_MSU_essay|Paragraph_4|Concluding_Summary|0,300",Paragraph_4,"(0, 300)","Life experience is the only way to be truly original in anything in life. Whether a person is stepping outside of the acceptable medical range by researching new methods or singing about how your grandma got run over by a reindeer, it is life experience that makes anyones actions truly original.",Concluding_Summary,ineffective,"Paragraph_1|Final_Claim|37,487",-
