﻿discourse_id,discourse_part,discourse_boundary,discourse_text,adjudicated_discourse_type,adjudicated_effectiveness,adjudicated_hierarchical,adjudicated_parallel
"51_MSU_essay|Paragraph_1|Nonannotated|0,163",Paragraph_1,"(0, 163)","Heroes are a rare commodity throughout the past. With the goal to become a leader in the community rather than for the fame, there can be confusion between the two.",Nonannotated,-,-,-
"51_MSU_essay|Paragraph_1|Final_Claim|165,256",Paragraph_1,"(165, 256)","Admiration should be reserved only for those that inspire, not those that seek to entertain.",Final_Claim,adequate,-,-
"51_MSU_essay|Paragraph_2|Data|0,597",Paragraph_2,"(0, 597)","Everyone needs a role model in there life, in fact it is impossible to not have someone to look for guidance. This is were there is a struggle in today's society, as people are looking at the celebrities and seeing heroes. The true hero though only presents itself when fame has come second. This means that the person has done something to change the world and is thus recognized later as a hero. For instance. Nelson Mandela did not seek to be world known but rather to fight for the survival and freedom of his people. Fame came after to him. This separates the goals of a celebrity from a hero.",Data,adequate,"Paragraph_2|Primary_Claim|599,699",-
"51_MSU_essay|Paragraph_2|Primary_Claim|599,699",Paragraph_2,"(599, 699)","By inspiring a difference a hero becomes a celebrity, but a celebrity can almost never become a hero.",Primary_Claim,adequate,"Paragraph_1|Final_Claim|165,256","Paragraph_3|Primary_Claim|475,600"
"51_MSU_essay|Paragraph_3|Data|0,473",Paragraph_3,"(0, 473)","When people look at the entertainers of there world there seems to be a jealousy factor that presents itself. This envious factor can easily be mistaken for a sense of encouragement but it is actually not the case. Instead this is a sense of fortune that comes with it. People have stopped looking at heroes in there surroundings like the animal shelter, the local government, and other community service organizations, but rather to the celebrities that are made so public.",Data,adequate,"Paragraph_3|Primary_Claim|475,600",-
"51_MSU_essay|Paragraph_3|Primary_Claim|475,600",Paragraph_3,"(475, 600)","Rather than focusing on the gossip or the donations the celebrities have made, people need to focus on the local, real heroes.",Primary_Claim,adequate,"Paragraph_1|Final_Claim|165,256","Paragraph_2|Primary_Claim|599,699"
"51_MSU_essay|Paragraph_4|Concluding_Summary|0,368",Paragraph_4,"(0, 368)","Separating those that have the illusion to be true heroes disguising it as hidden greed has become a true test. But it should not be, as since we need to draw a line between the two. Having a poster of a pop star next to a picture of Franklin Roosevelt needs to stop in our society. Admiration should only be reserved for those that are dependable and truly deserve it.",Concluding_Summary,adequate,"Paragraph_1|Final_Claim|165,256",-
