﻿discourse_id,discourse_part,discourse_boundary,discourse_text,adjudicated_discourse_type,adjudicated_effectiveness,adjudicated_hierarchical,adjudicated_parallel
"52_MSU_essay|Paragraph_1|Nonannotated|0,15",Paragraph_1,"(0, 15)",Celebrity Heroes,Nonannotated,-,-,-
"52_MSU_essay|Paragraph_2|Nonannotated|0,239",Paragraph_2,"(0, 239)","Today's society seems to adore celebrities. Every move they make is recorded and critiqued by Americans. People try to be just like these celebrities, and anyone who is not a carbon copy of what they see on TV is not part of the ""in"" crowd.",Nonannotated,-,-,-
"52_MSU_essay|Paragraph_2|Final_Claim|241,586",Paragraph_2,"(241, 586)","Celebrities should not get this kind of attention. A few of them may give to charity every now and then or help the needy, but overall, the rich and famous do very little to help the community. The attention of America should be focused on the people who have done their part to help society, not because it looks good, but because they are good.",Final_Claim,adequate,-,-
"52_MSU_essay|Paragraph_3|Data|0,393",Paragraph_3,"(0,393)","The heroes of today deserve to be recognized more than movie stars and music groups. Americans should show these heroes how greatful they are to have them. When celebrities have done no more than care about themselves, heroes have cared for everyone around them. Celebrities may occasionally do something heroic, but many times this act is done for attention, not for the good of the community.",Data,adequate,"Paragraph_2|Final_Claim|241,586",-
"52_MSU_essay|Paragraph_3|Concluding_Summary|395,580",Paragraph_3,"(395, 580)","In these cases, society should not give celebrities any credit for being heroic. The community should focus more attention on the actual heroes of America, rather than these fake heroes.",Concluding_Summary,adequate,-,-
