﻿discourse_id,discourse_part,discourse_boundary,discourse_text,adjudicated_discourse_type,adjudicated_effectiveness,adjudicated_hierarchical,adjudicated_parallel
"53_MSU_essay|Paragraph_1|Nonannotated|0,10",Paragraph_1,"(0, 10)",Role Models,Nonannotated,-,-,-
"53_MSU_essay|Paragraph_2|Final_Claim|0,277",Paragraph_2,"(0, 277)",There is a big difference between a hero and a celebrity. A hero is a person who is always helping people with their problems and a person who is looked up to by society. Celebrities are not necessarily heroes. On occasion they can do heroic actions and be thought of as a hero.,Final_Claim,adequate,-,-
"53_MSU_essay|Paragraph_3|Data|0,231",Paragraph_3,"(0, 231)","Becoming a hero is something only that person can help. People are not born as heroes, it is the mentality they have. They want to help others, and not just themselvses I believe that a hero is made by the actions him or her takes.",Data,adequate,"Paragraph_2|Final_Claim|0,277","Paragraph_4|Data|0,453"
"53_MSU_essay|Paragraph_4|Data|0,453",Paragraph_4,"(0,453)","Celebrities are looked up to by numerous people, but they are not classified as a hero. Some celebrities are classified as a hero. I believe that if a celebrity helps out the world as much as they can then they are a kind of hero. I look up to celebrities who help out the world. For example, when a celebrity takes time out of their day to go visit children at a hospital, or if they give charities to the less fortunate, that is what i consider a hero.",Data,adequate,"Paragraph_2|Final_Claim|0,277","Paragraph_3|Data|0,231"
"53_MSU_essay|Paragraph_5|Concluding_Summary|0,276",Paragraph_5,"(0, 276)",I believe that we should admire people who appreciate what they have and are willing to give to people who may not have had the same opportunities that they had. In my eyes a hero is someone who can look at the world from another point of view and decides to make a difference.,Concluding_Summary,adequate,"Paragraph_2|Final_Claim|0,277",-
