﻿discourse_id,discourse_part,discourse_boundary,discourse_text,adjudicated_discourse_type,adjudicated_effectiveness,adjudicated_hierarchical,adjudicated_parallel
"54_MSU_essay|Paragraph_1|Nonannotated|0,10",Paragraph_1,"(0, 10)",A Real Hero,Nonannotated,-,-,-
"54_MSU_essay|Paragraph_2|Nonannotated|0,285",Paragraph_2,"(0, 285)","There are many celebrities who are seen as ""heroes"", however the title of hero is earned not awarded. I believe that far too many people see a person in their favorite movie and mistake them for who they are representing instead of who they are. This is understandable, but not logical.",Nonannotated,-,-,-
"54_MSU_essay|Paragraph_2|Final_Claim|287,381",Paragraph_2,"(287, 381)",A real hero proves himself by performing heroic acts or simply being there for someone in need.,Final_Claim,adequate,-,-
"54_MSU_essay|Paragraph_2|Nonannotated|383,443",Paragraph_2,"(383, 443)",Heroes can be seen daily in the communities around the world.,Nonannotated,-,-,-
"54_MSU_essay|Paragraph_3|Primary_Claim|0,105",Paragraph_3,"(0, 105)",A true hero is an unsellfish person who takes up for the underdog or the helps the guy who has no friends.,Primary_Claim,adequate,"Paragraph_2|Final_Claim|287,381","Paragraph_4|Primary_Claim|0,193; Paragraph_5|Primary_Claim|0,79"
"54_MSU_essay|Paragraph_3|Data|107,465",Paragraph_3,"(107, 465)","I have witnessed many true heroes in my life. For example, my mother has been a hero for as long as I have known her. When my mother sees a homeless man on the side of the road she does not pity him and continue on; she simply pulls over and helps him out. She takes care of people who have no way of doing so themselves. This is how I see a real hero acting.",Data,adequate,"Paragraph_3|Primary_Claim|0,105",-
"54_MSU_essay|Paragraph_4|Primary_Claim|0,193",Paragraph_4,"(0, 193)","A real hero is not a person who plays a fun loving philanthropist on the big screen then whinces at the thought of helping someone in real life. However, celebrities are seen as heroes everyday.",Primary_Claim,adequate,"Paragraph_2|Final_Claim|287,381",-
"54_MSU_essay|Paragraph_4|Data|195,533",Paragraph_4,"(195, 533)","I believe this is because people want to believe. Everyone wants to believe that the world is full of people doing the right thing and giving more than they recieve. Although, the truth is that most of the people who are rich with money are the poorest with faith and morality.",Data,adequate,"Paragraph_4|Primary_Claim|0,193",-
"54_MSU_essay|Paragraph_4|Nonannotated|473,533",Paragraph_4,"(473, 533)",That is not to say that all celebrities are souless monsters.,Nonannotated,-,-,-
"54_MSU_essay|Paragraph_5|Primary_Claim|0,79",Paragraph_5,"(0, 79)",There are celebrites who truly do have good hearts and are genuinly nice people.,Primary_Claim,adequate,"Paragraph_2|Final_Claim|287,381","Paragraph_3|Primary_Claim|0,105; Paragraph_4|Primary_Claim|0,193"
"54_MSU_essay|Paragraph_5|Data|81,254",Paragraph_5,"(81, 254)","Also, if the only good thing a celebrity can do is allow people to hope then that is better than nothing. Good nature is in the core of all people we just need to express it.",Data,ineffective,"Paragraph_5|Primary_Claim|0,79",-
