﻿discourse_id,discourse_part,discourse_boundary,discourse_text,adjudicated_discourse_type,adjudicated_effectiveness,adjudicated_hierarchical,adjudicated_parallel
"55_MSU_essay|Paragraph_1|Final_Claim|0,131",Paragraph_1,"(0, 131)","Some people view celebrities as heroes. In some cases, they are, but not in all cases. We should admire both heroes and celebrities.",Final_Claim,adequate,-,-
"55_MSU_essay|Paragraph_2|Primary_Claim|0,172",Paragraph_2,"(0, 172)","Heroes are people who change someone's life for the better. They are put in someone's life by a higher being for a purpose. If that hero happens to be a celebrity, so be it.",Primary_Claim,adequate,"Paragraph_1|Final_Claim|0,131","Paragraph_3|Primary_Claim|0,146; Paragraph_4|Primary_Claim|0,139"
"55_MSU_essay|Paragraph_2|Data|174,376",Paragraph_2,"(174, 376)","After Hurrican Katrina, many celebrities were making very generous donations to help people who had lost their homes. I view those celbrities as heroes because they changed someone's life for the better.",Data,adequate,"Paragraph_2|Primary_Claim|0,172",-
"55_MSU_essay|Paragraph_3|Primary_Claim|0,146",Paragraph_3,"(0, 146)","Some celebrities belong to organizations and charity groups. These celebrities work along side normal, not famous human beings and are both heroes.",Primary_Claim,adequate,"Paragraph_1|Final_Claim|0,131","Paragraph_2|Primary_Claim|0,172; Paragraph_4|Primary_Claim|0,139"
"55_MSU_essay|Paragraph_3|Data|148,319",Paragraph_3,"(148, 319)","The normal people aren't recognized because they are ""nameless."" They are still as much of a hero as say, Johnny Depp would be if he belonged to one of those organizations.",Data,adequate,"Paragraph_3|Primary_Claim|0,146",-
"55_MSU_essay|Paragraph_4|Primary_Claim|0,139",Paragraph_4,"(0, 139)","Some celebrities are out doing crack and other drugs. They are not heroes, nor should they be admired, yet they can still be someone's hero.",Primary_Claim,adequate,"Paragraph_1|Final_Claim|0,131","Paragraph_2|Primary_Claim|0,172; Paragraph_3|Primary_Claim|0,146"
"55_MSU_essay|Paragraph_4|Data|141,261",Paragraph_4,"(141, 261)",That person could look up to them no matter what. Perhaps it is their idol and placed in their life for a higher purpose.,Data,adequate,"Paragraph_4|Primary_Claim|0,139",-
"55_MSU_essay|Paragraph_5|Concluding_Summary|0,195",Paragraph_5,"(0, 195)","Just because someone is a celebrity, they aren't also a hero. They are just a famous person. The unnamed people are the heroes as well. In my opinion, we should admire both heroes and celebrities.",Concluding_Summary,adequate,"Paragraph_1|Final_Claim|0,131",-
