﻿discourse_id,discourse_part,discourse_boundary,discourse_text,adjudicated_discourse_type,adjudicated_effectiveness,adjudicated_hierarchical,adjudicated_parallel
"5_MSU_essay|Paragraph_1|Nonannotated|0,375",Paragraph_1,"(0, 375)","In today's society we are often anticipating the creation of new ideas in technology, stories, and art. These things we anticipate have never been seen before because they have never been created. Is it that people create these new ideas to revolutionize our world, or is it just that they are simply the first people to actually follow through with the idea and make it real?",Nonannotated,-,-,-
"5_MSU_essay|Paragraph_2|Nonannotated|0,54",Paragraph_2,"(0, 54)",The question being posed is not a simple one to answer.,Nonannotated,-,-,-
"5_MSU_essay|Paragraph_2|Data|124,463",Paragraph_2,"(124, 463)","It is often peoples efforts to want to seem different from the world, or to stand out and proclaim themselves as ""original"" in order to receive a necessary amount of attention. Today, someone can be named original by the way they dress, the color hair they have, or by the type of music that interest them. This does that claim originality.",Data,adequate,"Paragraph_2|Primary_Claim|56,122",-
"5_MSU_essay|Paragraph_2|Primary_Claim|56,122",Paragraph_2,"(56, 122)",Originality can be defined as many different things in our society.,Primary_Claim,adequate,"Paragraph_4|Final_Claim|0,105","Paragraph_3|Primary_Claim|0,75"
"5_MSU_essay|Paragraph_3|Primary_Claim|0,75",Paragraph_3,"(0, 75)","Being original is not an adjective to describe a person, but rather an idea.",Primary_Claim,adequate,"Paragraph_4|Final_Claim|0,105","Paragraph_2|Primary_Claim|56,122"
"5_MSU_essay|Paragraph_3|Data|77,344",Paragraph_3,"(77, 344)","Originality dates back to the ideas and inspirations of Shakespeare, Picasso, Albert Einstein, and even Bill gates. These people did not do or make these wonderful things to stand out or be famous, but to do what they love and accomplish something to grow our society.",Data,adequate,"Paragraph_3|Primary_Claim|0,75",-
"5_MSU_essay|Paragraph_4|Final_Claim|0,105",Paragraph_4,"(0, 105)",People are continuously brainstorming new ideas. Following through with this new idea is true originality.,Final_Claim,adequate,-,-
"5_MSU_essay|Paragraph_4|Concluding_Summary|107,311",Paragraph_4,"(107, 311)","Although today, it is hard to invent something that is not already available, people do accomplish new things. If there was no true originality in the world, it seems there would be no hope for the future.",Concluding_Summary,adequate,"Paragraph_4|Final_Claim|0,105",-
