﻿discourse_id,discourse_part,discourse_boundary,discourse_text,adjudicated_discourse_type,adjudicated_effectiveness,adjudicated_hierarchical,adjudicated_parallel
"5b_MSU_essay|Paragraph_1|Nonannotated|0,660",Paragraph_1,"(0, 660)","Originality is the ability to express oneself apart from others through creativity, talent, or new ideas. Today, many people believe that the best has already been discovered or has already been done; however, I believe that this is incorrect. If someone designs, creates, or theorizes about an idea that they did not know already existed, then that person still has originality. Instead of discouraging the youth today from expressing their creative minds, look at the new idea as if presented in a new fashion. Although the idea may have already been presented, perhaps the new version will have some sort of spin or twist that sets it apart from the old one.",Nonannotated,-,-,-
"5b_MSU_essay|Paragraph_1|Final_Claim|662,758",Paragraph_1,"(662, 758)",Originality can still be expressed today through the minds that see it in a new or different way.,Final_Claim,adequate,-,-
"5b_MSU_essay|Paragraph_2|Data|0,770",Paragraph_2,"(0, 770)","Music today has grown and changed from jazz to rock n' roll, blues to rap and r&b. Several recent songs have been remade by artists who found the idea from someone else wrote the song years or even decades before. The remade versions never sound exactly like the old ones, though. Usually, the new song will have a more modern sound and use different instruments. The song will still have the same lyrics and tune, but the whole song has changed into something completely new. Artists who have recreated a song still have presented the track in a new way with their own originality. Their voice alone separates the new version from the old; therefore, an artist can still be original even if that artist decides to recreate a song that was first written years in advance.",Data,effective,"Paragraph_1|Final_Claim|662,758","Paragraph_3|Data|0,422"
"5b_MSU_essay|Paragraph_3|Data|0,422",Paragraph_3,"(0, 422)","Writing is another art that has been criticized for copying or stealing previous ideas. However, the author of the new story would not directly copy a plot that has already been told. They would change the characters' names, the setting, time period, etc. If the new story is different or unique in some way from the original book presented, then the writer is still expressing his or her own creative and original ability.",Data,adequate,"Paragraph_1|Final_Claim|662,758","Paragraph_2|Data|0,770"
"5b_MSU_essay|Paragraph_4|Concluding_Summary|0,238",Paragraph_4,"(0, 238)","Originality has been debated by people everywhere, whether it's through writing, drawing, music, or discovering ideas. The new ideas still have originality if presented in a way that is more modern, has a new twist, or even new characters.",Concluding_Summary,effective,"Paragraph_1|Final_Claim|662,758",-
"5b_MSU_essay|Paragraph_4|Nonannotated|240,575",Paragraph_4,"(240, 575)","Everyone should uplift the minds of the individual that creates something anew instead of criticizing their ability to think or reason. Originality is only as original as the person. If the person believes that they have created something entirely unique from the first, praise their work and their courage for presenting this new idea.",Nonannotated,-,-,-
