﻿discourse_id,discourse_part,discourse_boundary,discourse_text,adjudicated_discourse_type,adjudicated_effectiveness,adjudicated_hierarchical,adjudicated_parallel
"61_MSU_essay|Paragraph_1|Nonannotated|0,28",Paragraph_1,"(0, 28)",Being a Hero is the Way to go,Nonannotated,-,-,-
"61_MSU_essay|Paragraph_2|Nonannotated|0,129",Paragraph_2,"(0, 129)","Being a hero on a daily basis is something that is unexpected sometimes, but being a celebrity is something everybody tries to be.",Nonannotated,-,-,-
"61_MSU_essay|Paragraph_2|Final_Claim|131,275",Paragraph_2,"(131, 275)",People today seem to admire celebrities more than heros because celebrities want all the attention. A hero deserves more praise than a celebrity.,Final_Claim,adequate,-,-
"61_MSU_essay|Paragraph_3|Data|0,399",Paragraph_3,"(0,399)","There are many men and women overseas fighting for freedom everyday against the enemies of our country. They do not want to fight so they can be popular, they fight so that everybody in America can have the best lives possible. Soldiers in the armed forces put there life on the line everyday for their family, friends, and people they do not even know. Rarely celebrities will do such a noble thing.",Data,adequate,"Paragraph_2|Final_Claim|131,275","Paragraph_4|Data|0,351"
"61_MSU_essay|Paragraph_4|Data|0,351",Paragraph_4,"(0,351)","Celebrities are popular because they want to be the person everybody knows. People might even dislike a celebrity, but that certian celebrity does not care; as long as people know who he/she is, that celebrity is happy. Most of the time, a celebrity will not put their life on the line to save another person because they care to much about there fame.",Data,adequate,"Paragraph_2|Final_Claim|131,275","Paragraph_3|Data|0,399"
"61_MSU_essay|Paragraph_5|Concluding_Summary|0,263",Paragraph_5,"(0, 263)","In conclusion, heros should be the ones people talk about all the time for there bravery and courage. Celebrities want to be popular, so they do everything possible to get the attention. Heros do not ask for anybody's attention, but they earn it for their actions.",Concluding_Summary,adequate,"Paragraph_2|Final_Claim|131,275",-
