﻿discourse_id,discourse_part,discourse_boundary,discourse_text,adjudicated_discourse_type,adjudicated_effectiveness,adjudicated_hierarchical,adjudicated_parallel
"62_MSU_essay|Paragraph_1|Final_Claim|0,97",Paragraph_1,"(0, 97)",A hero is someone who is self-made and has and act of selflessness to show for the act of heroism.,Final_Claim,adequate,-,-
"62_MSU_essay|Paragraph_1|Nonannotated|99,407",Paragraph_1,"(99, 407)","People everywhere love to idolize someone but the people dont really care who their hero is. A common persons roll model will be a celebrity or a fictional character from a novel. In all since a ""hero"" is someone who fights for those who cant, speaks for those who are mute, and see's for those who are blind.",Nonannotated,-,-,-
"62_MSU_essay|Paragraph_2|Primary_Claim|0,147",Paragraph_2,"(0, 147)","People everywhere have a void that the person needs to feel and they will pick anyone to fill that void, and they will call that person their ""hero.",Primary_Claim,adequate,"Paragraph_1|Final_Claim|0,97","Paragraph_4|Primary_Claim|263,415"
"62_MSU_essay|Paragraph_2|Data|148,512",Paragraph_2,"(148, 512)","A child might ""look up too"" their favorite comic book character, and a teen might look up to the new actor/actresses that are their age that they can ""relate with."" An adult on the other hand, will make a wiser decision an choose a relative like a grandfater or someone along that line for what they have accomplished over their lifetime, and that is a true hero.",Data,adequate,"Paragraph_2|Primary_Claim|0,147","Paragraph_3|Data|0,443"
"62_MSU_essay|Paragraph_3|Data|0,443",Paragraph_3,"(0, 443)","The persons who have lost all touch with reality or has lost all their relatives will not have the close realitive to ""look up too."" That person will look to find a fictional character like someone in a novel who they can relate theirself to. That is always not a good thing. The character being related to will sometimes be a killer and the person will loose touch with reality and think that he is that person and do a lot of harm to society.",Data,adequate,"Paragraph_2|Primary_Claim|0,147","Paragraph_2|Data|148,512"
"62_MSU_essay|Paragraph_4|Data|0,128",Paragraph_4,"(0, 128)",A true hero is a grandfather who worked so hard to provide for his family his whole life he can hardly move a muscle in his body.,Data,adequate,"Primary_Claim (263, 415)","Paragraph_4|Data|130,312"
"62_MSU_essay|Paragraph_4|Data|130,312",Paragraph_4,"(130, 312)",An hero can also be someone like the firefighters and policemen who lost their lives to save the lifes of many citizens in New York.,Data,effective,"Primary_Claim (263, 415)","Paragraph_4|Data|0,128"
"62_MSU_essay|Paragraph_4|Primary_Claim|263,415",Paragraph_4,"(263, 415)","These acts of selflessness is what a true hero is. The hero does not do it for the glory or the fame, but they do it for the sole purpose to help others.",Primary_Claim,effective,"Paragraph_1|Final_Claim|0,97","Paragraph_4|Data|0,128"
"62_MSU_essay|Paragraph_5|Concluding_Summary|0,266",Paragraph_5,"(0, 266)","For those who think they are heros, and try to be heros for the glory or fame, need to stop. They are just heartless idiots who do not deserve to help anyone. The true heros will always be there to protect the weak and innocent when they are in need of a true ""hero.""",Concluding_Summary,adequate,"Paragraph_1|Final_Claim|0,97",-
