﻿discourse_id,discourse_part,discourse_boundary,discourse_text,adjudicated_discourse_type,adjudicated_effectiveness,adjudicated_hierarchical,adjudicated_parallel
"62b_MSU_essay|Paragraph_1|Nonannotated|0,286",Paragraph_1,"(0, 286)",To be truly original is a great accomplishment. It would mean that something created was created without the influence of anything. This creation would be nothing but the actual thoughts and ideas of the creator. Now whether or not someone can actually do this is an interesting thought.,Nonannotated,-,-,-
"62b_MSU_essay|Paragraph_1|Final_Claim|288,422",Paragraph_1,"(288, 422)",I believe that no one person can be truly and ultimately original; however that is not to say that what they do is merely a recreation.,Final_Claim,adequate,-,-
"62b_MSU_essay|Paragraph_2|Data|0,456",Paragraph_2,"(0, 456)","At some point in time someone had to be original. There has to be a starting point. This starting point can have so many influences over the things that were to come. But because there was this original start, it can give people the inspiration to have their own start. Because there are so many things in the world that can affect what people see and how they see things, it would be near impossible to have any form of media that has no outside influence.",Data,adequate,"Paragraph_2|Primary_Claim|458,507",-
"62b_MSU_essay|Paragraph_2|Primary_Claim|458,507",Paragraph_2,"(458, 507)",Ideas and inspiration have to come from somewhere.,Primary_Claim,adequate,"Paragraph_1|Final_Claim|288,422","Paragraph_3|Primary_Claim|0,145; Paragraph_3|Primary_Claim|420,514"
"62b_MSU_essay|Paragraph_2|Nonannotated|509,581",Paragraph_2,"(509, 581)",Many times it is a number of different things that can influence someone.,Nonannotated,-,-,-
"62b_MSU_essay|Paragraph_3|Primary_Claim|0,145",Paragraph_3,"(0, 145)","With a number of things that affect these people who create such interesting things, they develop their own style. This style is what is original.",Primary_Claim,adequate,"Paragraph_1|Final_Claim|288,422","Paragraph_2|Primary_Claim|458,507 Paragraph_3|Primary_Claim|420,514"
"62b_MSU_essay|Paragraph_3|Data|147,418",Paragraph_3,"(147, 418)",It comes from many different inspirations and influences but it is adapted and shaped around an individual. Even the greatest had mentors and teachers. These people would have helped shape the style and uniqueness that we know today. Originality is an interesting concept.,Data,adequate,"Paragraph_3|Primary_Claim|0,145",-
"62b_MSU_essay|Paragraph_3|Primary_Claim|420,514",Paragraph_3,"(420, 514)","Every individual can bring something different to the table, thus making what they do original.",Primary_Claim,effective,"Paragraph_1|Final_Claim|288,422","Paragraph_2|Primary_Claim|458,507; Paragraph_3|Primary_Claim|0,145"
"62b_MSU_essay|Paragraph_3|Data|516,771",Paragraph_3,"(516, 771)","Some people do things better than others, everyone had different gifts, everyone thinks differently. These things, when put together can create the most unique and original person. No two people are alike; therefore it is all different; it is all original.",Data,adequate,"Paragraph_3|Primary_Claim|420,514",-
"62b_MSU_essay|Paragraph_4|Concluding_Summary|0,427",Paragraph_4,"(0, 427)","Outside influences make it had to have something that someone can call all their own, but at the same time it creates an aspect of a person that is one and only. Yes, ideas can be original, but the most original aspect is the style or the thought process. By using this style, people can create new and original ideas. It will never be truly original but because of the diversity in the world it will be original in its own way.",Concluding_Summary,effective,"Paragraph_1|Final_Claim|288,422",-
