﻿discourse_id,discourse_part,discourse_boundary,discourse_text,adjudicated_discourse_type,adjudicated_effectiveness,adjudicated_hierarchical,adjudicated_parallel
"63_MSU_essay|Paragraph_1|Final_Claim|0,318",Paragraph_1,"(0, 318)","Many people may consider a hero someone who is couragous, or someone worth looking up to. In my opinion, a hero should be someone who is done something to to achieve that certian status. Yes, they can be couragous and a role model to some, but they should have done something outstanding to accomplish the title ""hero.""",Final_Claim,adequate,-,-
"63_MSU_essay|Paragraph_1|Rebuttal|1063,1299",Paragraph_1,"(1063, 1299)","To me, they are just celebrities.",Rebuttal,adequate,"Paragraph_1|Counterclaim|320,403",-
"63_MSU_essay|Paragraph_1|Counterclaim|1301,1353",Paragraph_1,"(1301, 1353)",Some people may believe that sports stars are heroes.,Counterclaim,adequate,"Paragraph_1|Final_Claim|0,318","Paragraph_1|Counterclaim|320,403"
"63_MSU_essay|Paragraph_1|Data|1355,1911",Paragraph_1,"(1355, 1911)","The athlete may be awesome at the sport that they play and may never let their fans down, but can they be considered a hero? For example, I know that some considered Tiger Woods a hero of their own. He is an awesome golfer and is known world wide for his accomplishments. He was paid the highest out of all athletes in our nation. He had a dynasty built under his name. I can understand why one might believe he is a hero. Now, he has fallen and let most of his fans down. He had a corrupt life. Nothin in his own life was worthy of being considered a hero.",Data,adequate,"S1P1|Rebuttal|1913, 1980",-
"63_MSU_essay|Paragraph_1|Rebuttal|1913,1980",Paragraph_1,"(1913, 1980)","Just becauses he was out-standing at golf, does not make him a hero.",Rebuttal,adequate,"Paragraph_1|Counterclaim|1301,1353",-
"63_MSU_essay|Paragraph_1|Concluding_Summary|1982,2150",Paragraph_1,"(1982, 2150)","In conclusion, I do think that some famous celebrities can be considered worthy of being a hero, but not all. A hero worked for his title, it's not mirely given to them.",Concluding_Summary,adequate,"Paragraph_1|Final_Claim|0,318",-
"63_MSU_essay|Paragraph_1|Counterclaim|320,403",Paragraph_1,"(320, 403)",Some people see celebrities as heroes because of the role that they play in a movie.,Counterclaim,adequate,"Paragraph_1|Final_Claim|0,318","Paragraph_1|Counterclaim|1301,1353"
"63_MSU_essay|Paragraph_1|Data|405,1061",Paragraph_1,"(405, 1061)","For instance, many might believe Bruce Willis is a mighty hero for saving all the people that he did in his Die Hard movies. In reality, what has he done besides act the part that he was given in the movie? Not to take away anything from Bruce Willis. He is one of my favorite actors, but I would not consider him a hero. In the movie Pearl Harbour, Ben Affleck and Josh Hartnet play the role of the hero. They fight through trials and tribulation. In the end, one dies for his country in a couragous act and the other goes home to take care of the family he left behind. Both seem very heroic. They both would fit the description of being a very fine hero.",Data,effective,"Paragraph_1|Rebuttal|1063, 1299",-
"63_MSU_essay|Paragraph_1|Rebuttal(1063,|1299",Paragraph_1,1299),The real heros are they ones that took a stand for our country in the real Pearl Harbour. I believe society gets the judgement mixed up and looks up to certian celebrities because of the roles they play.,"Rebuttal(1063,",adequate,"Paragraph_1|Counterclaim|320,403",-
