﻿discourse_id,discourse_part,discourse_boundary,discourse_text,adjudicated_discourse_type,adjudicated_effectiveness,adjudicated_hierarchical,adjudicated_parallel
"63b_MSU_essay|Paragraph_1|Nonannotated|0,11",Paragraph_1,"(0, 11)",Great or Not,Nonannotated,-,-,-
"63b_MSU_essay|Paragraph_2|Nonannotated|0,79",Paragraph_2,"(0, 79)",Heroes and celebrities have to seem to run into the same idea in todays society.,Nonannotated,-,-,-
"63b_MSU_essay|Paragraph_2|Final_Claim|81,231",Paragraph_2,"(81, 231)",Heroes are heroic people. People that conquer great challenges and do good things. A celebrity is simply someone who is known among a great population.,Final_Claim,adequate,-,-
"63b_MSU_essay|Paragraph_3|Primary_Claim|0,45",Paragraph_3,"(0, 45)",Heroes complete tasks for the good of mankind.,Primary_Claim,adequate,"Paragraph_2|Final_Claim|81,231","Paragraph_4|Primary_Claim|0,52"
"63b_MSU_essay|Paragraph_3|Data|47,366",Paragraph_3,"(47, 366)","Cops are heroes. They go out everyday and risk their lives to save someone elses. People are are enlisted in the army, navy , and marines are heroes also. They fight a great fight. They fight to keep things in order the way we ordinary people know it as. If it was not for them we would possibly be not the same country.",Data,effective,"Paragraph_3|Primary_Claim|0,45",-
"63b_MSU_essay|Paragraph_4|Primary_Claim|0,52",Paragraph_4,"(0, 52)","Unlike heros, celebrities are just well known people.",Primary_Claim,adequate,"Paragraph_2|Final_Claim|81,231","Paragraph_3|Primary_Claim|0,45"
"63b_MSU_essay|Paragraph_4|Data|54,211",Paragraph_4,"(54, 211)","They are rappers, singers , and actors. They have not done anything except make something that people enjoy watching. They are jus entertainers, nothing more.",Data,adequate,"Paragraph_4|Primary_Claim|0,52",-
"63b_MSU_essay|Paragraph_5|Concluding_Summary|0,374",Paragraph_5,"(0, 374)","One can not but heroes and celebrities into the same category. The is not a comparison among they two. Heroes are the people we look up to, love, and want to be like because of their bravery. We like celebnties because of their wealth and the level of entertaintent they bring to us. This is nothing significant. People must learn to put a gap between celebrities and heroes.",Concluding_Summary,adequate,"Paragraph_2|Final_Claim|81,231",-
