﻿discourse_id,discourse_part,discourse_boundary,discourse_text,adjudicated_discourse_type,adjudicated_effectiveness,adjudicated_hierarchical,adjudicated_parallel
"64_MSU_essay|Paragraph_1|Nonannotated|0,180",Paragraph_1,"(0, 180)",Every child has their favorite hero whether it is Batman or the Hulk. As they grow older they realize that these super heroes do not compare to the real heroes that live among them.,Nonannotated,-,-,-
"64_MSU_essay|Paragraph_1|Final_Claim|182,561",Paragraph_1,"(182, 561)","Heroes save lives of others, volunteer their own time for others, and are always there to give anyone an extra hand. On the other hand, celebrities are famous because they won America's Next Top Model or because they are rich. Although some celebrities are heroes, just because someone is considered a celebrity does not mean that they should be admired in the same way as a hero.",Final_Claim,effective,-,-
"64_MSU_essay|Paragraph_2|Data|0,129",Paragraph_2,"(0, 129)",Some people work at homeless shelters and soup kitchens their whole lives just so they can make a positive impact on someone else.,Data,adequate,"Paragraph_2|Primary_Claim|131,320","Paragraph_2|Data|322,591"
"64_MSU_essay|Paragraph_2|Primary_Claim|131,320",Paragraph_2,"(131, 320)",People should look up to those kinds of people because they sacrifice so much for the good of others. Just because they are not famous or well-known does not mean that they cannot be heroes.,Primary_Claim,adequate,"Paragraph_1|Final_Claim|182,561","Paragraph_3|Primary_Claim|246,410"
"64_MSU_essay|Paragraph_2|Data|322,591",Paragraph_2,"(322, 591)",A hero to some homeless child might be considered as someone who donated food for their family over the holidays. Everyone is capable of making a little effort like this but just because someone is famous does not mean that they should automatically carry the hero role.,Data,adequate,"Paragraph_2|Primary_Claim|131,320","Paragraph_2|Data|0,129"
"64_MSU_essay|Paragraph_3|Data|0,244",Paragraph_3,"(0, 244)",The hero role is carried by a few celebrities such as Brad Pitt and Angelina Jolee. This couple has adopted a few under privileged children from Africa and has donated much of their time to help build schools and homes for communities over seas.,Data,effective,"Paragraph_3|Primary_Claim|246,410","Paragraph_3|Data|412,609"
"64_MSU_essay|Paragraph_3|Primary_Claim|246,410",Paragraph_3,"(246, 410)",Some celebrities should be viewed as heroes because of all of their efforts to make the world a better place. Just because someone is rich does not make them a hero.,Primary_Claim,effective,"Paragraph_1|Final_Claim|182,561","Paragraph_2|Primary_Claim|131,320"
"64_MSU_essay|Paragraph_3|Data|412,609",Paragraph_3,"(412, 609)","They could have gotten rich just because their parents own a chain of hotels, like Paris Hilton. She has not done any community service and yet, some people view her as a hero because she is famous.",Data,adequate,"Paragraph_3|Primary_Claim|246,410","Paragraph_3|Data|0,244"
"64_MSU_essay|Paragraph_4|Nonannotated|0,345",Paragraph_4,"(0, 345)",Many people look up to celebrities because they are jealous of what they have. This is okay but to consider a selfish rich person as a hero is obscure. A hero is someone who is always there and will sacrifice their own time to help someone else out. Heroes are seen everyday but not recognized because they are not famous and living in Hollywood.,Nonannotated,-,"Paragraph_1|Final_Claim|182,561",-
"64_MSU_essay|Paragraph_4|Concluding_Summary|347,",Paragraph_4,"347,",People should be more aware of what a true hero is and what they give back to the community before calling any celebrity a hero just because they are famous.,Concluding_Summary,adequate,"Paragraph_1|Final_Claim|182,561",-
