﻿discourse_id,discourse_part,discourse_boundary,discourse_text,adjudicated_discourse_type,adjudicated_effectiveness,adjudicated_hierarchical,adjudicated_parallel
"64b_MSU_essay|Paragraph_1|Nonannotated|0,20",Paragraph_1,"(0, 20)",Reason for Admiration,Nonannotated,-,-,-
"64b_MSU_essay|Paragraph_2|Nonannotated|0,494",Paragraph_2,"(0, 494)","Harriet Tubman, Martin Luther King Jr, and Abraham Lincoln: these are the people who have shaped history and changed the way many Americans live. Their determination has changed generation, and this is why many of them are considered heroes. Some of the younger generations are losing sight of what a hero really is, and are classifying celebrities as heroes. While it is fine to aspire to be like Will Smith or Jada Pickett-Smith, we have to remember that true heroes are what we should admire.",Nonannotated,-,-,-
"64b_MSU_essay|Paragraph_2|Final_Claim|496,642",Paragraph_2,"(496, 642)","We should admire heroes, because they have made a change for a good cause, given themselves for others, and motivated others through there actions.",Final_Claim,effective,-,-
"64b_MSU_essay|Paragraph_3|Counterclaim|0,54",Paragraph_3,"(0, 54)","Some celebrities are giving their time to a good cause,",Counterclaim,adequate,"Paragraph_2|Final_Claim|496,642","Paragraph_4|Primary_Claim|0,232; Paragraph_5|Counterclaim|54,129; Paragraph_5|Primary_Claim|0,52"
"64b_MSU_essay|Paragraph_3|Data|109,731",Paragraph_3,"(109, 731)","While some may seem like good people, most celebrities just do charity work to make themselves look good or to increase their fan base. This is not the kind of idea we want children to have when they are committing to a good cause. While on the other hand heroes are heroes, because they do things not just to help themselves, but to effect change for millions of people. For a hero, it is not about the amount of people who adore you for what you do, but the good change that will come from the work. Every child should have a hero to look up to so they know that it is not about them, but about the change they will make.",Data,effective,"Paragraph_3|Rebuttal|56,107",-
"64b_MSU_essay|Paragraph_3|Rebuttal|56,107",Paragraph_3,"(56, 107)",but this is not the case for all celebrities though.,Rebuttal,adequate,"Paragraph_3|Counterclaim|0,54",-
"64b_MSU_essay|Paragraph_4|Primary_Claim|0,232",Paragraph_4,"(0, 232)","Secondly, most celebrities are would not give their life for their job. In other words, celebrities do their job to pay the bills and make themselves happy. While heroes would give everything to reach the goals they are striving for.",Primary_Claim,adequate,"Paragraph_2|Final_Claim|496,642","Paragraph_3|Counterclaim|0,54; Paragraph_5|Counterclaim|54,129; Paragraph_5|Primary_Claim|0,52"
"64b_MSU_essay|Paragraph_4|Data|234,414",Paragraph_4,"(234, 414)",Every generation should admire someone who would give up everything to reach their goal or make change occur. Unlike some celebrities this is exactly the trait that all heroes have.,Data,adequate,"Paragraph_4|Primary_Claim|0,232",-
"64b_MSU_essay|Paragraph_5|Primary_Claim|0,52",Paragraph_5,"(0, 52)","Lastly, heroes motivate others through their actions.",Primary_Claim,adequate,"Paragraph_2|Final_Claim|496,642","Paragraph_3|Counterclaim|0,54; Paragraph_4|Primary_Claim|0,232; Paragraph_5|Counterclaim|54,129"
"64b_MSU_essay|Paragraph_5|Rebuttal|131,179",Paragraph_5,"(131, 179)",but they can not give them the proper motivation.,Rebuttal,adequate,"Paragraph_5|Counterclaim|54,129",-
"64b_MSU_essay|Paragraph_5|Data|181,500",Paragraph_5,"(181, 500)","Heroes not only encourage, but motivate people to do their best. Heroes should be admired over celebrities because they can motivate people whereas celebrities just encourage. We should want more youth to be motivated to go do a good deed, than to have keep encouraging them to do it. Heroes can motivate the generation.",Data,adequate,"Paragraph_5|Rebuttal|131,179",-
"64b_MSU_essay|Paragraph_5|Counterclaim|54,129",Paragraph_5,"(54, 129)","Yes, celebrities can encourage younger generations to go after their dreams,",Counterclaim,adequate,"Paragraph_2|Final_Claim|496,642","Paragraph_3|Counterclaim|0,54; Paragraph_4|Primary_Claim|0,232; Paragraph_5|Primary_Claim|0,52"
"64b_MSU_essay|Paragraph_6|Concluding_Summary|0,314",Paragraph_6,"(0, 314)","In conclusion, all celebrities are not heroes. Every hero has the same qualities: they motivate, effect change, and put others before themselves.Therefore heroes should be admired more, because they have all the traits to motivate and effect change in future generations. Whereas celebrities are just picture dolls.",Concluding_Summary,effective,"Paragraph_2|Final_Claim|496,642",-
