﻿discourse_id,discourse_part,discourse_boundary,discourse_text,adjudicated_discourse_type,adjudicated_effectiveness,adjudicated_hierarchical,adjudicated_parallel
"65_MSU_essay|Paragraph_1|Final_Claim|0,149",Paragraph_1,"(0, 149)","I believe that no one can ever truly be original. Our society is bases off of what is common and accepted. We are a people of ""monkey see, monkey do"".",Final_Claim,adequate,-,-
"65_MSU_essay|Paragraph_2|Primary_Claim|0,104",Paragraph_2,"(0, 104)","The word ""original"" is not used in the correct contents for what people mean when they claim this status.",Primary_Claim,adequate,"Paragraph_1|Final_Claim|0,149","Paragraph_3|Primary_Claim|0,61"
"65_MSU_essay|Paragraph_2|Data|106,395",Paragraph_2,"(106, 395)","""Original"" has been used to label one's self to contradict the claims if they are being called Gothic or emo. I've had friend uses this word several times. It continues to surprise me that they follow fashion trends, even though they might not be so mainstream, and claim them as there own.",Data,adequate,"Paragraph_2|Primary_Claim|0,104",-
"65_MSU_essay|Paragraph_3|Primary_Claim|0,61",Paragraph_3,"(0, 61)",Even the arts and sciences are not original to any individual.,Primary_Claim,adequate,"Paragraph_1|Final_Claim|0,149","Paragraph_2|Primary_Claim|0,104"
"65_MSU_essay|Paragraph_3|Data|63,430",Paragraph_3,"(63, 430)","There is a time period for each style of writing, film, fashion, buildings, and artwork. Each time period consists of countless artists, writers, designers, architects, directors. In the sciences, one can date similar discoveries back to around the same times. People base the acceptance and motivation of their works off of each other and what is going on in history.",Data,adequate,"Paragraph_3|Primary_Claim|0,61",-
"65_MSU_essay|Paragraph_4|Concluding_Summary|0,407",Paragraph_4,"(0, 407)","We learn from our surroundings and base our ideas off of those taught to us by parents, teachers, and peers. Everything we do is because we've seen it done before. The human race is the idea of ""monkey see, monkey do"". What we wear is because advertisements have told us what is ""cool"". How we act is because of the society we were raised in that held us to certain standards. No one can truly be ""original"".",Concluding_Summary,effective,"Paragraph_1|Final_Claim|0,149",-
