﻿discourse_id,discourse_part,discourse_boundary,discourse_text,adjudicated_discourse_type,adjudicated_effectiveness,adjudicated_hierarchical,adjudicated_parallel
"65b_MSU_essay|Paragraph_1|Nonannotated|0,87",Paragraph_1,"(0, 87)","Should we admire heroes, but not celebrities? First one must ask what exactly a hero is.",Nonannotated,-,-,-
"65b_MSU_essay|Paragraph_1|Data|1008,1289",Paragraph_1,"(1008, 1289)","I think people are quick to call them heroes because they possess occupations that a lot of people dream about having and likewise they become their hero and they get a lot of credit for being heroic people. When really other than there fame and fortune, they have no heroic traits.",Data,adequate,"Paragraph_1|Primary_Claim|920,1006",-
"65b_MSU_essay|Paragraph_1|Data|1291,1520",Paragraph_1,"(1291, 1520)","The truth of the matter is that there are everyday heroes like firefighters, policeman, and other people that show heroic traits everyday that get no recognition for being a hero, because they are not in the limelight like others.",Data,effective,"Paragraph_1|Primary_Claim|1522,1573",-
"65b_MSU_essay|Paragraph_1|Primary_Claim|1522,1573",Paragraph_1,"(1522, 1573)",Of course to be hero one does not have to be famous.,Primary_Claim,effective,"Paragraph_1|Final_Claim|1575,1682","Paragraph_1|Primary_Claim|530,594; Paragraph_1|Primary_Claim|89,187; Paragraph_1|Primary_Claim|920,1006"
"65b_MSU_essay|Paragraph_1|Final_Claim|1575,1682",Paragraph_1,"(1575, 1682)","Heroes do not have any special traits, they are people that go out of their way to perform acts of kindness.",Final_Claim,adequate,-,-
"65b_MSU_essay|Paragraph_1|Nonannotated|1684,1748",Paragraph_1,"(1684, 1748)","Romain Rolland once said, A hero is a man who does what he can.""",Nonannotated,-,-,-
"65b_MSU_essay|Paragraph_1|Data|189,528",Paragraph_1,"(189, 528)","I think in society today there are heroes that are celebrities, but there are also celebrities that are not heroes. Usually heroes due an act of kindness to help someone out or to do something very notable that goes against everyday life. These actions make this person a hero. It could a very life defining action or a very simple gesture.",Data,adequate,"Paragraph_1|Primary_Claim|89,187",-
"65b_MSU_essay|Paragraph_1|Primary_Claim|530,594",Paragraph_1,"(530, 594)",Each person has a different outlook on what a hero means to them.,Primary_Claim,adequate,"Paragraph_1|Final_Claim|1575,1682","Paragraph_1|Primary_Claim|1522,1573; Paragraph_1|Primary_Claim|89,187; Paragraph_1|Primary_Claim|920,1006"
"65b_MSU_essay|Paragraph_1|Data|596,918",Paragraph_1,"(596, 918)",I think people use the word hero too loosely. People are quick to call movie stars and professional athletes proclaimed heroes. When in fact they are just doing their job and are usually very good at it. If they did not have that job title would people still refer to them as heroes? Personally I do not think they would.,Data,adequate,"Paragraph_1|Primary_Claim|530,594",-
"65b_MSU_essay|Paragraph_1|Primary_Claim|89,187",Paragraph_1,"(89, 187)",A dictionary describes a hero as a person who is admired for his brave deeds and notable qualities.,Primary_Claim,effective,"Paragraph_1|Final_Claim|1575,1682","Paragraph_1|Primary_Claim|1522,1573; Paragraph_1|Primary_Claim|530,594; Paragraph_1|Primary_Claim|920,1006"
"65b_MSU_essay|Paragraph_1|Primary_Claim|920,1006",Paragraph_1,"(920, 1006)","Of course there are heroes that are movie stars and professional athletes, but not all.",Primary_Claim,effective,"Paragraph_1|Final_Claim|1575,1682","Paragraph_1|Primary_Claim|1522,1573; Paragraph_1|Primary_Claim|530,594; Paragraph_1|Primary_Claim|89,187"
