﻿discourse_id,discourse_part,discourse_boundary,discourse_text,adjudicated_discourse_type,adjudicated_effectiveness,adjudicated_hierarchical,adjudicated_parallel
"66_MSU_essay|Paragraph_1|Nonannotated|0,660",Paragraph_1,"(0, 660)","What would you choose, thousands of screaming fans beckoning you to perform your guitar solo or a quiet shelf in a library with only a couple hundred pages detailing your life. It is the sad choice between being a celebrity on one hand and a hero on the other. Celebrities get fame, wealth, and millions of fans for singing or acting and more often than not get articles in magazines for public misconduct or other such deeds. The hero however does not get this recognition but instead saves lives, furthers human thinking, or encourages and gives hope to others. Not all celebrities are bad by any means and not all heroes are necessarily good either. However,",Nonannotated,-,-,-
"66_MSU_essay|Paragraph_1|Final_Claim|662,793",Paragraph_1,"(662, 793)",people should look up to heroes They should model themselves after them because honestly there is more to life than money and fame.,Final_Claim,adequate,-,-
"66_MSU_essay|Paragraph_2|Primary_Claim|0,86",Paragraph_2,"(0, 86)",Heroes have been made famous through their deeds but few have looked to as role models.,Primary_Claim,adequate,"Paragraph_1|Final_Claim|662,793","Paragraph_3|Primary_Claim|0,127"
"66_MSU_essay|Paragraph_2|Data|88,928",Paragraph_2,"(88, 928)","In the United States, heroes like Franklin Roosevelt have saved our nation from national disasters and those like Martin Luther King and Abraham Lincoln stood against slavery even unto ridicule and death. This freed a people from tyranny. Another hero, Alexander Graham Bell, created the telephone that allowed long distance communication, and scientists and theoretists like Einstein and Newton furthered human thinking and paved away for science to grow and inventors to invent. This made possible new, better ways of living. Lastly, there are those heroes that are never named. The firemen and policemen that risked life or death to search for people trapped under rubble in the wreckage of the World Trade Center. All these heroes, even Einstein which seems a little far fetched, have been admired but either not for long or not by many.",Data,adequate,"Paragraph_2|Primary_Claim|0,86",-
"66_MSU_essay|Paragraph_3|Primary_Claim|0,127",Paragraph_3,"(0, 127)","Celebrities on the other hand are admired by many, and with the advent of mass media, their fanbase is increasing exponentially.",Primary_Claim,adequate,"Paragraph_1|Final_Claim|662,793","Paragraph_2|Primary_Claim|0,86"
"66_MSU_essay|Paragraph_3|Data|129,612",Paragraph_3,"(129, 612)","Actors are fawned upon and praised because of their charm, good looks, and acting ability. Outside of acting many of them drink, do drugs, commit criminal offenses, etc. Celebrity musicians are often just as bad. Pop singer including Britney Spears have been caught ridiculously drunk on camera and news about this incident goes to everyone through the newspaper, T.V., and the internet. However, people still look up to these people as role models and admire them for their ""talent"".",Data,adequate,"Paragraph_3|Primary_Claim|0,127",-
"66_MSU_essay|Paragraph_4|Concluding_Summary|0,314",Paragraph_4,"(0, 314)",A hero deserves to be admired through his deeds with little thought to him or herself while celebrities often try to do deeds in order to make themselves look better and gain fans and wealth in their attempt to acheive stardom. This sums up the reasoning that heroes should be admired rather than celebrity figures.,Concluding_Summary,effective,"Paragraph_1|Final_Claim|662,793",-
