﻿discourse_id,discourse_part,discourse_boundary,discourse_text,adjudicated_discourse_type,adjudicated_effectiveness,adjudicated_hierarchical,adjudicated_parallel
"66b_MSU_essay|Paragraph_1|Nonannotated|0,433",Paragraph_1,"(0, 433)","In today's world, well-known people from movies, television shows, and the music business are widely admired by the general public. At the same time, local heroes, and even national heroes, are admired by those who know their stories, but eventually their story falls out of mind. Personally, I believe this is unfair to those who have become heroes for doing a great work that was beneficial to the community or even a single person.",Nonannotated,-,-,-
"66b_MSU_essay|Paragraph_1|Final_Claim|435,650",Paragraph_1,"(435, 650)","A celebrity deserves to be admired to an extent for their accomplishments, but a hero should be admired for what they've done for others and, because of their selflessness, should be admired more so than a celebrity.",Final_Claim,effective,-,-
"66b_MSU_essay|Paragraph_2|Data|0,705",Paragraph_2,"(0, 705)","The birthplace of a famous celebrity will commonly be marked by signs built by the city that will remain in place for decades, but if in that same city a man risks his life for a family in a burning house, he may be the talk of the town or be given a small reward for his efforts; the reward seems unfair compared to what is done for the celebrity who may never do anything selfless and heroic. This local hero's story may travel between family members and friends, but is story remains local and his heroic efforts will only be admired by few. Does a celebrity truly deserve such admiration and attention in the shadow of a feat that changed a person's life, or even gave a person a second chance at life?",Data,adequate,"Paragraph_1|Final_Claim|435,650","Paragraph_3|Data|0,729"
"66b_MSU_essay|Paragraph_3|Data|0,729",Paragraph_3,"(0, 729)","At war, heroes are made daily. Men and women give up their lives to protect their families, their believes, their land and their people. Much of the of the heroism in war are completely forgotten, or the story of them never makes it off the battlefield, the man who changed the tide of the battle and gave his life is just another casualty to the people on the winning side. Even while soldiers are on the front lines of battle, they are put out of mind by the public. People go about their daily lives, going to the theater, a concert, or just watching TV to see their favorite actor or singer without even the slightest thought to the people who are preserving their freedom at the price of their comfort, health, or even lives.",Data,adequate,"Paragraph_1|Final_Claim|435,650","Paragraph_2|Data|0,705"
"66b_MSU_essay|Paragraph_4|Concluding_Summary|0,479",Paragraph_4,"(0, 479)","A hero deserves to be admired and looked up to for their good deeds. The hero can be a hero to many or few, but he deserves the admiration that most all celebrities get for their talent. Its not what talent you are given, but what you do with that talent that is important. A celebrity does deserve to be admired for the hard work they've put in to their profession, but not in comparison to someone who has truly sacrificed for the betterment of other people, and not themselves.",Concluding_Summary,effective,"Paragraph_1|Final_Claim|435,650",-
