﻿discourse_id,discourse_part,discourse_boundary,discourse_text,adjudicated_discourse_type,adjudicated_effectiveness,adjudicated_hierarchical,adjudicated_parallel
"67_MSU_essay|Paragraph_1|Nonannotated|0,308",Paragraph_1,"(0, 308)","Today, celebrites play a large role in our society. Because we see them on magazines, television, and all throughout the media, we our constantly reminded of what they do. While some may dismiss the idea of looking up to a celebrity, it seems that many people admire them, and may even call them their heroes.",Nonannotated,-,-,-
"67_MSU_essay|Paragraph_1|Final_Claim|310,513",Paragraph_1,"(310, 513)","Because celebrities usually become famous for a certain role they play in the media, and not because of what they have actually accomplished, we should not look at them as our only source of a role model.",Final_Claim,effective,-,-
"67_MSU_essay|Paragraph_2|Primary_Claim|0,154",Paragraph_2,"(0, 154)","Heroes are people who have accomplished something profound in their lives for the good of others, and who have become known through their personal actions.",Primary_Claim,adequate,"Paragraph_1|Final_Claim|310,513","Paragraph_3|Primary_Claim|0,262"
"67_MSU_essay|Paragraph_2|Data|156,770",Paragraph_2,"(156, 770)","This is different from celebrites, in that we usually only get a glimpse of their true personal life. This is not to say celebrites cannot accomplish something great and people should not look up to them, but that we should focus on people who strive to help our society and are actually doing something to make a difference. There are many celebrites who are trying to help, and who do act as heroes. Many celebrites donate money to worthy causes and promote wholesome ideas. However, we need to be sure that we are not just focusing on what role these celebrites play in the media, but the actual people they are.",Data,effective,"Paragraph_2|Primary_Claim|0,154",-
"67_MSU_essay|Paragraph_3|Primary_Claim|0,262",Paragraph_3,"(0, 262)","Sometimes, when we say we admire a celebrity, we are actually only seeing them as the character they play, or stories we read about them in magazines. We admire heroes, however, because we know what they have accomplished and that is what makes them a role model.",Primary_Claim,effective,"Paragraph_1|Final_Claim|310,513","Paragraph_2|Primary_Claim|0,154"
"67_MSU_essay|Paragraph_3|Data|264,652",Paragraph_3,"(264, 652)","For example, there are many substantial role models in the characters we see on television or in movies, but that doesn't mean we should strive to be like the person who plays those characters. But when we hear about people, locally or nationally known, that have done something great or lived their life in a way that inspires others, we know they are actual people who we can look up to.",Data,adequate,"Paragraph_3|Primary_Claim|0,262",-
"67_MSU_essay|Paragraph_4|Concluding_Summary|0,595",Paragraph_4,"(0, 595)","Since society pays such attention to celebrites, it is difficult not to want to be like one. It is not wrong to look up to a celebrity if we know that the way they are living their life is something that we should strive to mimic. Admiring someone for what they do is not wrong, as long as we are sure it is what they do, and not just what the media tells us. We all have someone we look up to, whether it be a famous celebrity or a local hero. When deciding whether to strive to be like someone, choose based on the knowledge of what they have done, and how they are actually living their lives.",Concluding_Summary,adequate,"Paragraph_1|Final_Claim|310,513",-
