﻿discourse_id,discourse_part,discourse_boundary,discourse_text,adjudicated_discourse_type,adjudicated_effectiveness,adjudicated_hierarchical,adjudicated_parallel
"67b_MSU_essay|Paragraph_1|Nonannotated|0,279",Paragraph_1,"(0, 279)","When a person thinks of a hero, actions like saving a cat from a tree, pulling a person from a burning building, or actions similar to these comes to mind. A celebrity brings about a different thought. Thoughts such as starring in a movie or having a number one hit comes to mind.",Nonannotated,-,-,-
"67b_MSU_essay|Paragraph_1|Final_Claim|281,379",Paragraph_1,"(281, 379)",Both heroes and celebrities can be admirable depending upon their actions and influence on society.,Final_Claim,adequate,-,-
"67b_MSU_essay|Paragraph_2|Primary_Claim|0,119",Paragraph_2,"(0, 119)",A person becomes a hero when he or she benefits society or helps a person in such a way that his or her life is changed.,Primary_Claim,adequate,"Paragraph_1|Final_Claim|281,379","Paragraph_3|Primary_Claim|0,68"
"67b_MSU_essay|Paragraph_2|Data|121,670",Paragraph_2,"(121, 670)","Society admires such people for their courage and selflessness. These are traits that each and every person wishes to possess. In January 2009, a 155 passenger plane crashed into the Hudson River. Captain Sullenberger remained calm and was able to maneuver the plane in such a way that it glided onto the water. All 155 passengers survived with only minor injuries. Because of his determination, Captain Sullenberger saved the lives of many that day. He changed the lives of each of the passengers. His actions led to him receiving the title of hero.",Data,effective,"Paragraph_2|Primary_Claim|0,119","Paragraph_3|Data|70,649"
"67b_MSU_essay|Paragraph_3|Primary_Claim|0,68",Paragraph_3,"(0, 68)",A celebrity is one who receives attention because of his or her fame.,Primary_Claim,adequate,"Paragraph_1|Final_Claim|281,379","Paragraph_2|Primary_Claim|0,119"
"67b_MSU_essay|Paragraph_3|Data|70,649",Paragraph_3,"(70, 649)","A movie star such as Reese Witherspoon gains attention from her star role in ""Sweet Home Alabama."" Kelli Pickler, a country singer, has a number one hit with her song ""Red High Heels"" and is suddenly recognized for her work. Celebrities such as these do not deserve admiration solely on the fact that they star in a movie or compose a song that tops the charts. Angelina Jolie, along with many others, not only plays leading roles in movies but also donates a large amount of money to charities. Her donations impact the lives of many. Jolie's work through charities is admirable.",Data,effective,"Paragraph_3|Primary_Claim|0,68","Paragraph_2|Data|121,670"
"67b_MSU_essay|Paragraph_4|Nonannotated|0,187",Paragraph_4,"(0, 187)","Heroes and celebrities are viewed differently by many. Often times children admire movie stars because they love the movie he or she stars in, but adults admire them for different reasons.",Nonannotated,-,"Paragraph_1|Final_Claim|281,379",-
"67b_MSU_essay|Paragraph_4|Concluding_Summary|189,308",Paragraph_4,"(189, 308)",The actions and impact celebrities and heroes make on society is the deciding factor on whether they deserve admiration.,Concluding_Summary,adequate,"Paragraph_1|Final_Claim|281,379",-
