﻿discourse_id,discourse_part,discourse_boundary,discourse_text,adjudicated_discourse_type,adjudicated_effectiveness,adjudicated_hierarchical,adjudicated_parallel
"68_MSU_essay|Paragraph_1|Nonannotated|0,576",Paragraph_1,"(0, 576)","Many instances in modern society involve the idolization and borderline worship of celebrities. Movie stars, models, and professional athletes are all lifted up to a surreal level in they eyes of the much of the world, revered for qualities such as their looks, physique, or abilities. Contrary to these fleeting talents and traits, people described as ""heroic"" rarely recieve the same endorsement as celebrities. They possess attributes that take time and effort to develop, virtues that require determination and perseverence to obtain--traits that are lasting and permanent.",Nonannotated,-,-,-
"68_MSU_essay|Paragraph_1|Final_Claim|578,1142",Paragraph_1,"(578, 1142)","Although it seems much of society today would see it otherwise, it is the heroic that merit the acclaim of the masses; it is their virtue and consistency that are noble traits all people should and are able to strive for. The talents and looks that we worship the celebrity for are not obtainable for some, and not able to be maintained by any--as is proof by the many cases in Hollywood of a fallen star brought down simply because the talent or attribute that once held them up has faded or aged away. Virtue is something more consistent, that cannot age or rust.",Final_Claim,effective,-,-
"68_MSU_essay|Paragraph_2|Data|0,544",Paragraph_2,"(0, 544)","Quite frequently examples are able to be found of cases where a star, once valued for some superficial ideal, loses his/her acclaim simply because this ideal has faded away. We as a society reduce these celebrities to their physical attributes, and so when those are no longer useful, we discredit the person along with those talents. When we idolize someone as a hero, however, we are subscribing to attributes of their personality and their character, things that cannot fade away with time, and things that we all can hope to emulate one day.",Data,effective,"Paragraph_1|Final_Claim|578,1142",-
"68_MSU_essay|Paragraph_3|Concluding_Summary|0,213",Paragraph_3,"(0, 213)","Heroes are meant to be our role models, because they embody the character and virtue that lasts and cannot be broken. Clebrities are celebrated for the superficial that they possess, that fades and wears with time.",Concluding_Summary,effective,"Paragraph_1|Final_Claim|578,1142",-
