﻿discourse_id,discourse_part,discourse_boundary,discourse_text,adjudicated_discourse_type,adjudicated_effectiveness,adjudicated_hierarchical,adjudicated_parallel
"68b_MSU_essay|Paragraph_1|Nonannotated|0,499",Paragraph_1,"(0, 499)","People admire many different public figures in the world today. In America, for example, sports fans look to stars that seem to be among the elite, especially in basketball. We do, however, see basketball stars admired for the wrong reasons; some have worked for their fame, and others have just caught the eye of the public. I believe a hero is defined as one who has done something to gain his/her status of admiration, unlike celebrities who have inherited the spotlight from good looks or hieght.",Nonannotated,-,-,-
"68b_MSU_essay|Paragraph_1|Final_Claim|501,637",Paragraph_1,"(501, 637)",The American people should look up to real heroes instead of celebrities so that our culture will maintain its foundation of good values.,Final_Claim,effective,-,-
"68b_MSU_essay|Paragraph_2|Data|0,611",Paragraph_2,"(0, 611)","Real heroes in basketball are the ones who do not showboat. When they accomplish something great, they try their hardest to keep the focus on the team, not them. A real basketball hero of local stature is Jarvis Varnado. Recently, he forfeited his basketball scholarship from Mississippi State University so that the basketball program could recruit one extra player, thus creating a better team. He took out a loan to pay for his schooling. This was a selfless act that many of the players admired by the public would never do. Had Varnado focused on himself, he would have let the coach release another player.",Data,effective,"Paragraph_2|Primary_Claim|613,691",-
"68b_MSU_essay|Paragraph_2|Primary_Claim|613,691",Paragraph_2,"(613, 691)",This is the selflessness on which America should focus and base its principles.,Primary_Claim,adequate,"Paragraph_1|Final_Claim|326,637","Paragraph_3|Primary_Claim|574,677"
"68b_MSU_essay|Paragraph_3|Data|0,572",Paragraph_3,"(0, 572)","An example of a celebrity in basketball is Kobe Bryant. In his history with the Los Angeles Lakers, he has caused trouble and tension with the team. In his recent case of cheating on his wife, he denied the truth numerous times before admitting fault. Even when he did admit his crime, there were really no reprocussions. The American people forsook one of the greatest principles on which our country was founded: justice. We can also see his selfishness on the court. When he makes a shot, he gloats, and makes a concious effort to put the focus on himself, not the team.",Data,effective,"Paragraph_3|Primary_Claim|574,677",-
"68b_MSU_essay|Paragraph_3|Primary_Claim|574,677",Paragraph_3,"(574, 677)","If Americans continue to worship such idols, they will be setting the stage for the fall of our country.",Primary_Claim,adequate,"Paragraph_1|Final_Claim|326,637","Paragraph_2|Primary_Claim|613,691"
"68b_MSU_essay|Paragraph_4|Concluding_Summary|0,568",Paragraph_4,"(0, 568)","In America today there are people admired based on something they did to prove themselves, and there are those that are praised for their riches. This principle of heroes and celebrities is seen prominently in basketball, where concious efforts are made not only to promote themselves and make more money, but efforts are also made to benefit the team as a whole. America should ground its focus on the players who play for the sake of the game, and not those who are greedy. Those are the true heroes. We can apply this to every aspect of heroism, not just basketball.",Concluding_Summary,effective,"Paragraph_1|Final_Claim|326,637",-
