﻿discourse_id,discourse_part,discourse_boundary,discourse_text,adjudicated_discourse_type,adjudicated_effectiveness,adjudicated_hierarchical,adjudicated_parallel
"69_MSU_essay|Paragraph_1|Nonannotated|0,117",Paragraph_1,"(0, 117)","Between heroes or celebrities, people admire both, but who actually deserve the respect, and who should we look up to.",Nonannotated,-,-,-
"69_MSU_essay|Paragraph_1|Primary_Claim|119,289",Paragraph_1,"(119, 289)","Celebrities somehow become famous for one reason or another. They end up living their lives thinking they're better than everyone, but without their fans they are nothing.",Primary_Claim,adequate,"Paragraph_4|Final_Claim|0,297","Paragraph_1|Primary_Claim|291,438"
"69_MSU_essay|Paragraph_1|Primary_Claim|291,438",Paragraph_1,"(291, 438)","Heroes become famous for doing something good, or for being good at something. They still are famous, but it's not because they just want attention.",Primary_Claim,-,"Paragraph_4|Final_Claim|0,297","Paragraph_1|Primary_Claim|119,289"
"69_MSU_essay|Paragraph_2|Data|0,574",Paragraph_2,"(0, 574)","Celebrities are themselves just normal people. For some, though, they cannot seem to realize that very fact. There is a new celebrity almost everyday, and the old ones are soon forgotten. Many celebrities become famous from just doing something just so outrageous that they end up being photographed by the popparatzi and become quickly famous. These same people begin to see that fame fades quickly. They strive to be in the spotlight and do anything to stay there. Which a lot of the time ends up ruining their reputation, but keeps them famous. There are a few exceptions.",Data,adequate,"Paragraph_1|Primary_Claim|119,289",-
"69_MSU_essay|Paragraph_3|Data|0,467",Paragraph_3,"(0, 467)","Heroes actually earn they're fame, though some actually don't want fame. They were just doing what they could, or what they thought was right. These people stay famous for years, if not lifetimes, to come. Some heroes become famous from being good at something, like a sport. They became good because they worked at it and didn't give up. Heroes normally have good qualities, which is good because the people that look up to them mirror themselves somewhat after them.",Data,adequate,"Paragraph_1|Primary_Claim|291,438",-
"69_MSU_essay|Paragraph_4|Final_Claim|0,297",Paragraph_4,"(0, 297)","It is seem easy to see who we should actually look up to. Celebrities are not good, because sometimes they have bad qualities, and do not have a good reason to why they are actually famous. Heroes are who we all want to be in our hearts. Good at something, or just brave enough to do what they did.",Final_Claim,adequate,-,-
