﻿discourse_id,discourse_part,discourse_boundary,discourse_text,adjudicated_discourse_type,adjudicated_effectiveness,adjudicated_hierarchical,adjudicated_parallel
"69b_MSU_essay|Paragraph_1|Nonannotated|0,278",Paragraph_1,"(0, 278)","Who should we admire--heroes, celebrities, or both? We should admire only those people who have, by something they have done, earned our respect. We should admire those who have in some way contributed to society, demonstrated integrity, and encouraged us to do something better.",Nonannotated,-,-,-
"69b_MSU_essay|Paragraph_2|Data|0,898",Paragraph_2,"(0, 898)","Who fullfils these qualifications? That is the question that must be answered if we are to determine who we should admire; however, we must first define exactly what a celebrity is and what a hero is. A celebrity is someone who is famous, who is known because they have done things such as act in movies, are on television, or maybe because they play sports. A hero is someone who has promoted the greater good, itstead of themselves. We should admire and respect those who make our world better. Do celebrities like Lindsey Lohan, who has been in jail at least once for a DUI, deserve our respect? Are they worthy of our admiration? No, I do not think people like this deserve our admiration. Heroes such as doctors, who work to save lives, or the military, who protect us, do deserve our respect. They are contributing to our wellbeing. They inspire us to and give us the opportunity to be better.",Data,effective,"Paragraph_3|Final_Claim|119,181",-
"69b_MSU_essay|Paragraph_3|Nonannotated|0,117",Paragraph_3,"(0, 117)","Should we admire celebrities or heroes; those whose faces we know, or those who have made a difference for the better?",Nonannotated,-,-,-
"69b_MSU_essay|Paragraph_3|Final_Claim|119,181",Paragraph_3,"(119, 181)","We should respect those who are heroes, not simply celebrities.",Final_Claim,effective,-,-
"69b_MSU_essay|Paragraph_3|Concluding_Summary|183,413",Paragraph_3,"(183, 413)","That is not to say, however, that one could not be both. Someone could be a celebrity and a hero. They could be famous and also have contributed to the good. To sum it all up, we should admire those who have earned this admiration.",Concluding_Summary,adequate,"Paragraph_3|Final_Claim|119,181",-
