﻿discourse_id,discourse_part,discourse_boundary,discourse_text,adjudicated_discourse_type,adjudicated_effectiveness,adjudicated_hierarchical,adjudicated_parallel
"6_MSU_essay|Paragraph_1|Nonannotated|0,25",Paragraph_1,"(0, 25)",There is no truly original,Nonannotated,-,-,-
"6_MSU_essay|Paragraph_2|Nonannotated|0,115",Paragraph_2,"(0, 115)",It seems that people are out of new ideas nowadays. Lots of things we see today are copies or even copies of copies.,Nonannotated,-,-,-
"6_MSU_essay|Paragraph_2|Final_Claim|117,223",Paragraph_2,"(117, 223)",People want to be truly original but they failed because there is no truly original nowadays on every area.,Final_Claim,adequate,-,-
"6_MSU_essay|Paragraph_3|Data|0,596",Paragraph_3,"(0, 596)","Isaac Newton once said, If I have seen further than others, it is because I have stood on the shoulders of giants. People could not be successful if he just do things by himself. Everyone needs ""shoulders of giants"". Everyone needs to read the other people's views of a certain issue. People who succeed just because he has the ability to gather the all world's ideal and let them work for him. Yes, people who wants to be successful needs his own ideal. But this ideal is not a totally new one. This ideal must have some references. People invent new things used the oldsciences and technology.",Data,effective,"Paragraph_2|Final_Claim|117,223",-
"6_MSU_essay|Paragraph_4|Concluding_Summary|0,118",Paragraph_4,"(0, 118)",There is no truly original because all the new ideals referenced lots of old ideals. It's not original although is new.,Concluding_Summary,adequate,"Paragraph_2|Final_Claim|117,223",-
