﻿discourse_id,discourse_part,discourse_boundary,discourse_text,adjudicated_discourse_type,adjudicated_effectiveness,adjudicated_hierarchical,adjudicated_parallel
"6b_MSU_essay|Paragraph_1|Nonannotated|0,171",Paragraph_1,"(0, 171)","Everyone wants to be original, but in todays world can it be done? Is there anything that people can create or do that someone has not already done in the past 2009 years?",Nonannotated,-,-,-
"6b_MSU_essay|Paragraph_1|Final_Claim|173,373",Paragraph_1,"(173, 373)","Yes, I believe that there are still ways today that people can be original. Dress, speech, and inventions are all different opportunities that people have where they can create new ways to be original.",Final_Claim,effective,-,-
"6b_MSU_essay|Paragraph_2|Data|0,463",Paragraph_2,"(0, 463)","In many countries men and women have a dress code they must follow, but in America there is not one so people may dress however they please People often express themselves through their clothing. For example, kids or young adults often referred to as gothic dress in all black and where crazy clothes to express themselves and get attention. Some of these gothic people get very creative with their outfit choices, therefore creating a new and original style.",Data,effective,"Paragraph_2|Primary_Claim|1213,1352","Paragraph_2|Data|465,745; Paragraph_2|Data|747,1211"
"6b_MSU_essay|Paragraph_2|Primary_Claim|1213,1352",Paragraph_2,"(1213, 1352)","In America and other free countries around the world, freedom to dress at you please allows people the opportunity to be original every day.",Primary_Claim,effective,"Paragraph_1|Final_Claim|173,373","Paragraph_3|Primary_Claim|0,146; Paragraph_4|Primary_Claim|0,53"
"6b_MSU_essay|Paragraph_2|Data|465,745",Paragraph_2,"(465, 745)","Fashion designers come up with new, original looks every day. We see models at fashion shows strutting down the run way in clothes we never could have dreamed up. These fashion designers are very original in their creations, and never cease to surprise people with their new ideas.",Data,effective,"Paragraph_2|Primary_Claim|1213,1352","Paragraph_2|Data|0,463; Paragraph_2|Data|747,1211"
"6b_MSU_essay|Paragraph_2|Data|747,1211",Paragraph_2,"(747, 1211)","Lady Gaga is an extremely good example of originality. At the beginning of 2009 she was a brand new performer. Since then, she has become one of the most popular performers of our generation. Her extreme outfit choices, catchy music, and crazy music videos have caused people to not be able to forget Lady Gaga. At award shows and in her videos, Lady Gaga wears clothes that people never knew existed. Her originality is what has gained her a majority of her fame.",Data,effective,"Paragraph_2|Primary_Claim|1213,1352","Paragraph_2|Data|0,463; Paragraph_2|Data|465,745"
"6b_MSU_essay|Paragraph_3|Primary_Claim|0,146",Paragraph_3,"(0, 146)","Freedom of speech is a very popular right in America. Because of this right, people are allowed to say what they please and not be punished for it.",Primary_Claim,adequate,"Paragraph_1|Final_Claim|173,373","Paragraph_2|Primary_Claim|1213,1352; Paragraph_4|Primary_Claim|0,53"
"6b_MSU_essay|Paragraph_3|Data|148,1015",Paragraph_3,"(148, 1015)","This includes musicians lyrics, poets poems, and writers books and plays. Many believe that there will never be another original movie or book, but I do not believe this is true. The twilight saga is a prime example of this. Although many people will argue that the subject vampires and werewolves has been done before, this is not a good argument. The vampires and werewolves in Stephanie Meyers twilight saga are original creations that are unlike the known vampire and werewolf in many ways. These vampires do not eat human blood, are not affected drastically by wooden stakes or the sun, and can be around humans without killing them. The werewolves in her books are not even actually werewolves but shape shifters. Her books, the Twilight have now been turned into movies, and the books and movies are great examples of originality in entertainment today.",Data,effective,"Paragraph_3|Primary_Claim|0,146",-
"6b_MSU_essay|Paragraph_4|Primary_Claim|0,53",Paragraph_4,"(0, 53)",In todays world new inventions are created every day.,Primary_Claim,adequate,"Paragraph_1|Final_Claim|173,373","Paragraph_2|Primary_Claim|1213,1352; Paragraph_3|Primary_Claim|0,146"
"6b_MSU_essay|Paragraph_4|Concluding_Summary|230,358",Paragraph_4,"(230, 358)","Freedom to dress as you please, freedom of speech in entertainment, and new inventions are all ways people can be original today.",Concluding_Summary,effective,"Paragraph_1|Final_Claim|173,373",-
"6b_MSU_essay|Paragraph_4|Data|55,228",Paragraph_4,"(55, 228)","Inventors create new machines that take over the lives of humans all the time. For example, in the past few years the computer has changed the lives of everyone in the world.",Data,adequate,"Paragraph_4|Primary_Claim|0,53",-
