﻿discourse_id,discourse_part,discourse_boundary,discourse_text,adjudicated_discourse_type,adjudicated_effectiveness,adjudicated_hierarchical,adjudicated_parallel
"71_MSU_essay|Paragraph_1|Nonannotated|0,444",Paragraph_1,"(0, 444)","Everybody has someone they admire, whether it is a dad who is the Chief Executive of a major corporation while also coaching baseball for his ten year old son, or Miley Cyrus with her blonde-wig wearing, sequin-dress adorning, entertaining performances. However, which can be considered a true hero? Heroes are people who have accomplished something great, well-known or not, and used this great accomplishment to better an individual somewhere.",Nonannotated,-,-,-
"71_MSU_essay|Paragraph_1|Final_Claim|446,567",Paragraph_1,"(446, 567)","A hero, celebrity or not, can be found anywhere and I believe it is our duty to admire anyone who deserves such adoration.",Final_Claim,adequate,-,-
"71_MSU_essay|Paragraph_2|Data|0,808",Paragraph_2,"(0, 808)","ost people admire celebrities, because they are seen on television or in the magazines and we love to hear about what they are doing. We can not wait to tell our friends about our close encounter with the Jonas Brothers while they were exiting their performance the other night and we enjoy hearing about others' expeditions in which they found themselves seated next to a famous person or on the same sidewalk as the person they heard on the radio the night before. Many, however, scorn those of us who appreciate well choreographed lyrics and tunes or a tear-jerking blockbuster from a well renowned director. They try to explain that people such as the Jonas Brothers and Morgan Freeman are not heroes, but merely people who were lucky enough to be thrown into the lime light at some point in their lives.",Data,adequate,"Paragraph_2|Primary_Claim|810,1312",-
"71_MSU_essay|Paragraph_2|Primary_Claim|810,1312",Paragraph_2,"(810, 1312)","I, however, believe that these certain celebrities and many others like them have achieved greatness not from being famous, but from true talent in whatever field they have become successful in. The Jonas Brothers might actually be true heroes to many girls of this nation because of the talent they show during their performances on stage or the encouraging lyrics in which they place on their album, and we must commend these celebrities for their endeavors and allow each one to be considered a hero.",Primary_Claim,effective,"Paragraph_1|Final_Claim|446,567","Paragraph_3|Primary_Claim|0,254"
"71_MSU_essay|Paragraph_3|Primary_Claim|0,254",Paragraph_3,"(0, 254)","Other people admire average, unpublicized people in their community because of the great accomplishments these individuals have done. These people should be admired as much, if not more than, the celebrities we so dearly follow on television or magazines.",Primary_Claim,adequate,"Paragraph_1|Final_Claim|446,567","Paragraph_2|Primary_Claim|810,1312"
"71_MSU_essay|Paragraph_3|Data|256,931",Paragraph_3,"(256, 931)","People such as firemen, who risk their lives entering into burning buildings to save anyone and anything from death or destruction are examples of admirable heroes. The dad mentioned earlier is definately a hero in the eyes of his young ten year old son as he teaches his son the correct way to swing a baseball bat or as he drives him to each game even after a long day of work. This man is not only a father hero, but a husband hero to his wife that loves him and appreciates what he does at work as well. I feel that the great accomplishments these people do are admirable enough to be considered heros, whether their accomplishemnt was great or small, famous or anonymous.",Data,effective,"Paragraph_3|Primary_Claim|0,254",-
"71_MSU_essay|Paragraph_4|Concluding_Summary|0,523",Paragraph_4,"(0, 523)","Whether being well known for their accomplishments because of media, or unknown to any, except close friends and family, anyone can be considered a hero. I think we can admire heroes and celebrities for the great works they have done for the betterment of every individual even if it was just creating a catchy song. We can not leave out the accomplishments of celebrities just because they are famous for what they have done, just as we can not forget the great jobs that the people around us have accomplished anonymously.",Concluding_Summary,effective,"Paragraph_1|Final_Claim|446,567",-
