﻿discourse_id,discourse_part,discourse_boundary,discourse_text,adjudicated_discourse_type,adjudicated_effectiveness,adjudicated_hierarchical,adjudicated_parallel
"72_MSU_essay|Paragraph_1|Nonannotated|0,204",Paragraph_1,"(0, 204)","Everywhere we look, there are different ideas. These are shown in books, movies, paintings, and clothes. Scientists and business workers also attempt to develop original ideas. This, however, is difficult.",Nonannotated,-,-,-
"72_MSU_essay|Paragraph_1|Final_Claim|206,536",Paragraph_1,"(206, 536)","Rather than original ideas, most people take someone else's idea and change it or add to it. Authors or painters may take an unoriginal theme or message, but convey the message in an original way. When a person creates what they believe to be an ""original idea,"" the person had to have something or someone to influence their idea.",Final_Claim,effective,-,-
"72_MSU_essay|Paragraph_2|Primary_Claim|0,237",Paragraph_2,"(0, 237)","Authors, for example, write original stories. The characters, theme, plot, and setting are most likely not going to be the exact same as another story. The theme that the author attempts to convey, however, may be taken from another text.",Primary_Claim,effective,"Paragraph_1|Final_Claim|206,536","Paragraph_3|Primary_Claim|0,256; Paragraph_4|Primary_Claim|0,208"
"72_MSU_essay|Paragraph_2|Data|239,898",Paragraph_2,"(239, 898)","One major novelistic idea in literature is the idea of the ""coming of age story."" Examples of these include, The Great Gatsby and The Catcher and the Rye. These stories are both coming of age stories in which two characters see their surroundings, experience new things, and grow from their experiences. Although The Catcher and the Rye and The Great Gatsby are about two completely different characters in two completely different time periods, the type of story written is the same. Both authors intended for these to be original stories, which they are, however, the idea of this ""coming of age"" theme is not an idea that either author developed originally.",Data,effective,"Paragraph_2|Primary_Claim|0,237",-
"72_MSU_essay|Paragraph_3|Primary_Claim|0,256",Paragraph_3,"(0, 256)","When a scientists develops in idea, he attemps to prove this through several different experiments. If the idea is announced before it is proven, other scientists can attempt to steal the idea and prove it themselves. In several cases, this is what happens.",Primary_Claim,adequate,"Paragraph_1|Final_Claim|206,536","Paragraph_2|Primary_Claim|0,237; Paragraph_4|Primary_Claim|0,208"
"72_MSU_essay|Paragraph_3|Data|258,679",Paragraph_3,"(258, 679)","An idea that may have been original to someone in the 1500s may not have been proven until the 1800s. This has to do with the technological advances that enable a person to prove the idea. The person credited with the idea, however, is going to be the later developer. This is what happens in several scientific cases, making the idea not original to the person who proved it, but the experiment used to prove is original.",Data,adequate,"Paragraph_3|Primary_Claim|0,256",-
"72_MSU_essay|Paragraph_4|Primary_Claim|0,208",Paragraph_4,"(0, 208)",A third example in the development of originality is clothing. Original clothing designs are usually taken from somewhere else and differed in order for the designer to claim the type of clothing as their own.,Primary_Claim,adequate,"Paragraph_1|Final_Claim|206,536","Paragraph_2|Primary_Claim|0,237; Paragraph_3|Primary_Claim|0,256"
"72_MSU_essay|Paragraph_4|Data|210,537",Paragraph_4,"(210, 537)","Collared shirts are an example of this. We see collared shirts everywhere, in almost every store that we walk into. Each store may have a different emblem or color in order to make the shirt their own. The idea to make the shirt that color or have that emblem on it is original, but the idea for the actual shirt design was not.",Data,adequate,"Paragraph_4|Primary_Claim|0,208",-
"72_MSU_essay|Paragraph_5|Concluding_Summary|0,200",Paragraph_5,"(0, 200)","After examining these three areas of work, it is not possible for people to be completely original, however, people develop their own ideas through an idea they have been given by something or someone.",Concluding_Summary,adequate,"Paragraph_1|Final_Claim|206,536",-
