﻿discourse_id,discourse_part,discourse_boundary,discourse_text,adjudicated_discourse_type,adjudicated_effectiveness,adjudicated_hierarchical,adjudicated_parallel
"72b_MSU_essay|Paragraph_1|Nonannotated|0,260",Paragraph_1,"(0, 260)",Heroes are sometimes taken for granted. Their work is overshadowed by the works of celebrities. Celebrities are always in the spotlight because of thir fame. Little children look up to celebrities because they would like to live the life of a celebrity one day.,Nonannotated,-,-,-
"72b_MSU_essay|Paragraph_1|Final_Claim|262,429",Paragraph_1,"(262, 429)","They rave about the celebrity but in reality, the celebrity has never done anything for them. They are admiring the wrong person. They should be admiring their parents.",Final_Claim,adequate,-,-
"72b_MSU_essay|Paragraph_1|Data|431,786",Paragraph_1,"(431, 786)","Their parents should be their heroes because their parents provide them what they need. Unlike the celebrity, the parents have actually done things for their children. They clothe them, feed them, and provide them a place to stay. The children have a hero in their life but they simply over look them. They are looking at the celebrity with the most money",Data,adequate,"Paragraph_1|Final_Claim|262,429",-
"72b_MSU_essay|Paragraph_1|Concluding_Summary|788,847",Paragraph_1,"(788, 847)"," Once again, the real hero is overshadowed and taken granted.",Concluding_Summary,ineffective,"Paragraph_1|Final_Claim|262,429",-
