﻿discourse_id,discourse_part,discourse_boundary,discourse_text,adjudicated_discourse_type,adjudicated_effectiveness,adjudicated_hierarchical,adjudicated_parallel
"73_MSU_essay|Paragraph_1|Nonannotated|0,230",Paragraph_1,"(0, 230)","Celebrities and heroes are often, in today's time, considrered one in the same. To some people all celebrities are heroes, and to others they are merely a well known name while their heros may stand in the shadows of the spotlight.",Nonannotated,-,-,-
"73_MSU_essay|Paragraph_1|Final_Claim|232,279",Paragraph_1,"(232, 279)","Not all celebrities are heroes, in fact few are.",Final_Claim,adequate,-,-
"73_MSU_essay|Paragraph_2|Primary_Claim|0,297",Paragraph_2,"(0, 297)","Celebrities are simply famous, well-known people. A man or woman in the spotlight. An actor or actress for example, maybe even a sports star or a book author. These celebrities are not instant heros because of what they have achieved. However, this does not mean that celebrities can not be heroes.",Primary_Claim,adequate,"Paragraph_1|Final_Claim|232,279","Paragraph_3|Primary_Claim|0,200"
"73_MSU_essay|Paragraph_2|Data|299,947",Paragraph_2,"(299, 947)","Take athletes for example. While they are celebrities who have achieved a star status my their determination, they also can be considered herose in the minds of the average joe. Suppose that a baseball player was from a small town where no one ever achieved greatness. This personal achievment on this athletes side has inspired others from the same town, and not only his or her town but from small towns all around the world. It gives hope to all the children who run around hopeless and without dreams. This is a true hero. Some one who can assist others, inspire, and dedicate his or her time to developing others. That is what a real hero does.",Data,effective,"Paragraph_2|Primary_Claim|0,297",-
"73_MSU_essay|Paragraph_3|Primary_Claim|0,200",Paragraph_3,"(0, 200)","In many cases heroes are in spotlight, but not in every situation. Many heroes hide in the shadows of the celebrities. The stardom does not make heroes. The actions of the individuals make them heroes.",Primary_Claim,adequate,"Paragraph_1|Final_Claim|232,279","Paragraph_2|Primary_Claim|0,297"
"73_MSU_essay|Paragraph_3|Data|202,651",Paragraph_3,"(202, 651)","A simple man who spends his time in a hospital helping cancer patients is not a star or celebrity. He is just a man using his knowledge for the benefit of others. He uses what he knows to save others, to extend their lives, to rid their bodies of deathly diseases. That again is a hero. By his helping of patients he does not achieve the star status that the world is hung on today. On the other hand, he is a hero for what he can do to help society.",Data,effective,"Paragraph_3|Primary_Claim|0,200",-
"73_MSU_essay|Paragraph_4|Concluding_Summary|0,815",Paragraph_4,"(0, 815)","No celebrity is an instant hero. No celebrity is instantly not a hero. No hero is unable to achieve the stardom. Heros and celebrities can be intertwined, but are they the same? Absolutley not. The athlete is a star but also a hero for inspiring others. The doctor is not neccisarily considered for stardom, while in some cases he may be, but he is instantly a hero for his dedication for the betterment of others. The world needs more true heroes, those that can use their knowledge to help others, to guide children, and to assist the elders. That is what a true hero is about. It is not about the stardom, the popularity, the money, the cars, or the ability. Is is about what each indiviual does with his ability and determination that offsets heroes from celebrities and draws a fine line distinguishing the two.",Concluding_Summary,adequate,"Paragraph_1|Final_Claim|232,279",-
