﻿discourse_id,discourse_part,discourse_boundary,discourse_text,adjudicated_discourse_type,adjudicated_effectiveness,adjudicated_hierarchical,adjudicated_parallel
"73b_MSU_essay|Paragraph_1|Nonannotated|0,349",Paragraph_1,"(0, 349)","Through the ages heroes have come and gone,their feats have mesmerised us ...their deeds have captured the imaginations of millions of people...in the past these were the people who garnered the most respect..but as the world changed..so did the people..and so ,in the twenty first century we found ourselves in a strange,almost ridiculous situation.",Nonannotated,-,-,-
"73b_MSU_essay|Paragraph_2|Nonannotated|0,338",Paragraph_2,"(0, 338)","When you ask a ten year old about Madonna,Hilary Duff or Miley Cyrus maybe..what kind of reaction do you get ..?The kids face lights up with joy at the very sound of his ""role model""..Then again you ask him about say..Mother Teresa...in 95% of the cases you will see a look of utter incomprehension on his face..now why is this happening ?",Nonannotated,-,-,-
"73b_MSU_essay|Paragraph_3|Primary_Claim|0,209",Paragraph_3,"(0, 209)","In todays world, entertainment is one of the biggest issues..people like to have fun..as simple as that..add to this the fact that the new generation is mostly self centred..so they barely have time for others.",Primary_Claim,adequate,"Paragraph_6|Final_Claim|0,131","Paragraph_5|Primary_Claim|0,55"
"73b_MSU_essay|Paragraph_3|Data|211,417",Paragraph_3,"(211, 417)",nd unless you care about other people you cannot appreciate what others do for you.So todays heroes..the people who strive for betterment are more or less invisible as compared to our glamorous celebrities..,Data,adequate,"Paragraph_3|Primary_Claim|0,209","Paragraph_4|Data|0,333"
"73b_MSU_essay|Paragraph_4|Data|0,333",Paragraph_4,"(0, 333)","When you go to the cinema to catch the latest box office hit..you marvel at how actors pull off those seemingly impossible stunts..how beautiful the leading lady is etc..but the real fact is none of that would have possible if there were no directors,photographers etc working behind the scenes..they are the heroes of everyday life..",Data,adequate,"Paragraph_6|Final_Claim|0,131","Paragraph_3|Data|210,417"
"73b_MSU_essay|Paragraph_5|Primary_Claim|0,55",Paragraph_5,"(0, 55)",Then again we have great scientists all over the world..,Primary_Claim,adequate,"Paragraph_6|Final_Claim|0,131","Paragraph_3|Primary_Claim|0,209"
"73b_MSU_essay|Paragraph_5|Data|57,325",Paragraph_5,"(57, 325)","our everyday life is based on their inventions...they are famous..they are honored,but the average man has little idea about what our revered scientists and thinkers have created for us..they are the real heroes because of their hard work for the betterment of society.",Data,adequate,"Paragraph_5|Primary_Claim|0,55",-
"73b_MSU_essay|Paragraph_6|Final_Claim|0,131",Paragraph_6,"(0, 131)","People who put other people before them are our actual heroes..soldiers,scientists,social workers...they are the ones to be admired.",Final_Claim,adequate,-,-
