﻿discourse_id,discourse_part,discourse_boundary,discourse_text,adjudicated_discourse_type,adjudicated_effectiveness,adjudicated_hierarchical,adjudicated_parallel
"74_MSU_essay|Paragraph_1|Nonannotated|0,476",Paragraph_1,"(0, 476)","According to today's generation, the celebrities people see in movies and on television are identical to what the definition of a hero should be. Even though this thought is common among the youth of today, it does not ring true for every young person. Some have heroes that live in their hometown or may be family members, while some still consider the popular movie stars and singers to be their own heroes. People as a whole need to look past that aspect of popular culture.",Nonannotated,-,-,-
"74_MSU_essay|Paragraph_1|Final_Claim|478,760",Paragraph_1,"(478, 760)","A true hero is not a person who plays a role in a movie and signs multi-million dollar contracts for doing so. While some celebrities may perform acts that go beyond their normal role, true heroes are the everyday people who expect no attention in return for any act they accomplish.",Final_Claim,adequate,-,-
"74_MSU_essay|Paragraph_2|Data|0,643",Paragraph_2,"(0, 643)","People see celebrities giving millions of dollars to various charities around the world. The ads for charities almost always include a famous person. The reason is not only to sell the charity to the common people, but also to show that even popular movie stars care about charity. Giving a small percent of a huge fortune does not constitute a hero. Even though they have a good purpose, it has become a trend for celebrities to donate money. The everyday person cannot simply give millions to whatever organization they seem fit, instead they donate their time and their hard work. This aspect separates the true hero from a normal celebrity.",Data,adequate,"Paragraph_2|Primary_Claim|645,807","Paragraph_3|Data|0,659"
"74_MSU_essay|Paragraph_2|Primary_Claim|645,807",Paragraph_2,"(645, 807)","It has nothing to do with money or who gave more to what organization but if a person can give up their time to help another person in need, they are a true hero.",Primary_Claim,adequate,"Paragraph_1|Final_Claim|478,760","Paragraph_4|Primary_Claim|264,409"
"74_MSU_essay|Paragraph_3|Data|0,659",Paragraph_3,"(0, 659)","After September 11 the definition of a hero was redefined in the eyes of many Americans. Countless policemen and firefighters lost their lives trying to save others. Yet as time went on, Americans forgot about this. They went back to celebrities high profile lives that 99% of the normal population will never live. A true hero that never saw his own name spread across the country for his act was Todd Beemer. He and several others overtook the hijackers on September 11 in order to save lives by sacrificing their own. He did not expect riches or fame, he simply wanted to do good and gave his life so that wherever his plane was headed no one would be hurt.",Data,effective,"Paragraph_2|Primary_Claim|645,807","Paragraph_2|Data|0,643"
"74_MSU_essay|Paragraph_4|Data|0,262",Paragraph_4,"(0, 262)","However, today's generation is set on the Lindsey Lohan's and Britney Spears' they see on television as being their heroes. Whenever a news station carries a story on some ordinary citizen undergoing an act of courage the common reaction is to change the channel.",Data,adequate,"Paragraph_4|Primary_Claim|264,409",-
"74_MSU_essay|Paragraph_4|Primary_Claim|264,409",Paragraph_4,"(264, 409)","Even if the celebrity has a rags to riches story, they are not the same as your everyday hero who expects no story to be written about him at all.",Primary_Claim,adequate,"Paragraph_1|Final_Claim|478,760","Paragraph_2|Primary_Claim|645,807"
