﻿discourse_id,discourse_part,discourse_boundary,discourse_text,adjudicated_discourse_type,adjudicated_effectiveness,adjudicated_hierarchical,adjudicated_parallel
"74b_MSU_essay|Paragraph_1|Nonannotated|0,415",Paragraph_1,"(0, 415)","What makes a hero? Many say admirable qualities, while others might think something completely different. Today our society is practically run by mass media and as humans we have become more materialistic and concerned with not so important issues, like the lastest fashion. Our generation is constantly hearing stories from grandparents about years past when chilvalry was a must and bad behavior was not tolerated.",Nonannotated,-,-,-
"74b_MSU_essay|Paragraph_1|Final_Claim|417,550",Paragraph_1,"(417, 550)","Technology, media, and worldiness have all played a part in skewing views about who should be considered a hero and what is honorable.",Final_Claim,adequate,-,-
"74b_MSU_essay|Paragraph_2|Data|0,424",Paragraph_2,"(0, 424)","For example, many people were completely devistated at the news of Michael Jackson's death. Magazines have printed story after story on the star turning every stand in to a shrine of the Pop star. Is he really deserving of all the attention? After all, he was accussed of abusing childern, using drugs, and other scandalous behavior. Still there are many who adore him and see him as a hero simply because he made good music.",Data,adequate,"Paragraph_1|Final_Claim|417,550","Paragraph_3|Data|0,625"
"74b_MSU_essay|Paragraph_3|Data|0,625",Paragraph_3,"(0, 625)","This generation grew up with Michael Jackson and his music, but also the remade Superman and Spiderman cartoons. Although both are media figures they portray completely different ideas about what is honorable and what makes a hero. Superman and Spiderman have amazing powers that they choose to use to help the common people. They save lives and give childern something to aspire towards and although the powers are not possible in the real world, children still learn valuable lessons about morals and standards from these fictional characters. They teach the little things that really matter in life: not fame, but humility.",Data,adequate,"Paragraph_1|Final_Claim|417,550","Paragraph_2|Data|0,424"
"74b_MSU_essay|Paragraph_4|Concluding_Summary|0,291",Paragraph_4,"(0, 291)","It is our job as citizens of the world to be able to distinguish between a real hero and a superficial idol. If we keep letting the few people in the media business control our thoughts and beliefs we will be submitting to a ""higher"" power that really only exsists for entertainment purposes.",Concluding_Summary,adequate,"Paragraph_1|Final_Claim|417,550",-
"74b_MSU_essay|Paragraph_4|Nonannotated|293,575",Paragraph_4,"(293, 575)",Technology has allowed both media and worldliness to become huge parts in our everyday lives and it is not so much a bad thing if we can still differeniate between fact and fiction. Materials can only go so far in life; it's the relationships built that carry us the rest of the way.,Nonannotated,-,-,-
