﻿discourse_id,discourse_part,discourse_boundary,discourse_text,adjudicated_discourse_type,adjudicated_effectiveness,adjudicated_hierarchical,adjudicated_parallel
"75_MSU_essay|Paragraph_1|Nonannotated|0,298",Paragraph_1,"(0, 298)","When most people think of a hero that they admire who comes to mind? Mother Teresa? Gahndi? Martin Luther King Jr.? Unfortunetly, a vast number of teens and young adults from my generation would say movie stars, or athletes. But do these people really stand for what someone who is adored stand for?",Nonannotated,-,-,-
"75_MSU_essay|Paragraph_1|Final_Claim|300,431",Paragraph_1,"(300, 431)","Heroes to me are people of valor that have worked and suffered to achieve greatness; however, some celebrities are worthy canidates.",Final_Claim,adequate,-,-
"75_MSU_essay|Paragraph_2|Primary_Claim|0,99",Paragraph_2,"(0, 99)",A true hero works hard in life to accomplish a goal. They leave the world better than they found it.,Primary_Claim,adequate,"Paragraph_1|Final_Claim|300,431","Paragraph_3|Primary_Claim|0,86"
"75_MSU_essay|Paragraph_2|Data|101,1075",Paragraph_2,"(101, 1075)","People such as Nelson Mandella are perfect examples of a true hero. Nelson Mandella was determined to improve the lives of Africans in South Africa and stood by his convictions even when persecuted and imprisoned due to his belief in equality. He encompasses purity and determination and has truly made an improvement in the lives of many people and has gained world wide recognition for his efforts. Sadly, if one asked someone from my generation about thier personal hero many would simply overlook Nelson Mandella. In todays society teens or young adults are much more apt to say people like Lindsey Lohan or Michael Vick. These false heroes are simply good at creating entertainment, big plays, and partying. Teens will buy any maganize with them on the cover to learn every minute detail of thier lives yet probably failed to watch the 4666 concert celebrating Nelson Mandella. These Hollywood made stars offer little substance and even less qualifications of adornation.",Data,effective,"Paragraph_2|Primary_Claim|0,99",-
"75_MSU_essay|Paragraph_3|Primary_Claim|0,86",Paragraph_3,"(0, 86)","However, there are a limited number of celebrities using thier fame in a worthy manner.",Primary_Claim,adequate,"Paragraph_1|Final_Claim|300,431","Paragraph_2|Primary_Claim|0,99"
"75_MSU_essay|Paragraph_3|Data|333,536",Paragraph_3,"(333, 536)",Angelina Jolie is also someone working hard to better the world. She was named Humanitarian of the Year two years ago and continues trips to deprived parts of the world bringing food and medical supplies.,Data,adequate,"Paragraph_3|Primary_Claim|0,86","Paragraph_3|Data|538,1159; Paragraph_3|Data|88,331"
"75_MSU_essay|Paragraph_3|Data|538,1159",Paragraph_3,"(538, 1159)","Another highly cliche woman is Oprah, but her good deeds simply cannot be ignored. She has donated millions to many organizations and even started her own charity, the Angel Network. Celebrites of this magnitude work not only in Hollywood with the rest of the rich and famous but also along side the poor and needy to bring help to an otherwise untapped population. The efforts of these celebrites and others who use thier star power for the betterment of mankind cannot go unnoticed. They might not be in league with Mother Teresa but they selflessly give to those not as privleged as themselves and that is a heroic act.",Data,adequate,"Paragraph_3|Primary_Claim|0,86","Paragraph_3|Data|333,536; Paragraph_3|Data|88,331"
"75_MSU_essay|Paragraph_3|Data|88,331",Paragraph_3,"(88, 331)","People such as the recent winner of The Amazing Race who used his experince to start an organization called TOMS shoes are truly doing good. He saw a need and used his overnight fame to help provide improvished children with basic needs, shoes.",Data,adequate,"Paragraph_3|Primary_Claim|0,86","Paragraph_3|Data|333,536; Paragraph_3|Data|538,1159"
"75_MSU_essay|Paragraph_4|Concluding_Summary|0,269",Paragraph_4,"(0, 269)","A hero has been tried and tested and never quits. They help others and strive for a better world. On the whole, celebrites are not heroes. However, the ones who work for the same goals as Nelson Madella or Gahndi are worth admiration and could deserve the title of hero.",Concluding_Summary,effective,"Paragraph_1|Final_Claim|300,431",-
