﻿discourse_id,discourse_part,discourse_boundary,discourse_text,adjudicated_discourse_type,adjudicated_effectiveness,adjudicated_hierarchical,adjudicated_parallel
"75b_MSU_essay|Paragraph_1|Nonannotated|0,208",Paragraph_1,"(0, 208)","Most celebrities are famous for partying or horrible drug addictions. Celebrities of this partying nature are always all over the newsstands and television, and therefore have become a role model for children.",Nonannotated,-,-,-
"75b_MSU_essay|Paragraph_1|Final_Claim|210,413",Paragraph_1,"(210, 413)","Most celebrities would not make a good role model at all and the young people of today should search for better role models such as policemen and firemen however, some celebrities are worth looking up to.",Final_Claim,adequate,-,-
"75b_MSU_essay|Paragraph_2|Data|0,295",Paragraph_2,"(0, 295)","Firemen and policemen would make great role models and do not deserve enough recognition for what they do. Firemen and policemen are heroes and protect other people by putting themselves in danger; however, society looks up to people who are putting their body in danger by overdosing or dieting.",Data,adequate,"Paragraph_1|Final_Claim|210,413Paragraph_2|Primary_Claim|297,416",-
"75b_MSU_essay|Paragraph_2|Primary_Claim|297,416",Paragraph_2,"(297, 416)","Heroes are always a good role model while celebrities seldomly are, however some can fit the mold of being a role model.",Primary_Claim,adequate,"Paragraph_1|Final_Claim|210,413","Paragraph_3|Primary_Claim|0,169"
"75b_MSU_essay|Paragraph_3|Primary_Claim|0,169",Paragraph_3,"(0, 169)","The majority of celebrities do have bad habits and put nothing back into their world; however, some celebrities use the fame to help conquer problems the world is facing.",Primary_Claim,adequate,"Paragraph_1|Final_Claim|210,413","Paragraph_2|Primary_Claim|297,416"
"75b_MSU_essay|Paragraph_3|Data|171,438",Paragraph_3,"(171, 438)",Bono is a great role model who goes to different conferences around the world and helps small organizations doing something good turn into bigger organizations by using his popularity and voice. Other stars are avid volunteers and try to give back as much as they can.,Data,adequate,"Paragraph_3|Primary_Claim|0,169Paragraph_1|Final_Claim|271,413",-
"75b_MSU_essay|Paragraph_4|Concluding_Summary|0,130",Paragraph_4,"(0, 130)","Celebrities and heroes are two different things however, some people fall under both categories, and such people should be admired.",Concluding_Summary,adequate,"Paragraph_1|Final_Claim|210,413",-
