﻿discourse_id,discourse_part,discourse_boundary,discourse_text,adjudicated_discourse_type,adjudicated_effectiveness,adjudicated_hierarchical,adjudicated_parallel
"76b_MSU_essay|Paragraph_1|Nonannotated|0,237",Paragraph_1,"(0, 237)","What makes a hero? What makes a celebrity? One's stands on this definition will vary from person to person. However, most will probably agree that though a celebrity can be considered a hero and vice versa, the two do not always coincide.",Nonannotated,-,-,-
"76b_MSU_essay|Paragraph_1|Final_Claim|239,475",Paragraph_1,"(239, 475)","A hero is one that is viewed as a redeemer or role model, while celebrity seems to be just another term for well-liked or popular. Though some qualities may be shared, the definitions of ""hero"" and ""celebrity"" are surprisingly different.",Final_Claim,adequate,-,-
"76b_MSU_essay|Paragraph_2|Data|0,685",Paragraph_2,"(0, 685)","When the word ""celebrity"" comes to mind, most young people would probably first consider names such as Britney Spears, Kobe Bryant, Brad Pitt, etc. These people have demonstrated excellence in the world of entertainment, but what do they stand for? What difference have they made in society? Entertainment is a wonderful thing, but not much value or importance is a part of the involvement. What makes these celebrities so different from the rest? They can hold the spectator's interest for a couple of hours during a concert, movie, or game. They can make many want to practice harder in sports, or voice/acting lessons; but do they make individuals want to strive to be better people?",Data,adequate,"Paragraph_2|Primary_Claim|687,795",-
"76b_MSU_essay|Paragraph_2|Primary_Claim|687,795",Paragraph_2,"(687, 795)","Celebrities do not always bring out the best in most, or become a powerful influence in a struggling society.",Primary_Claim,adequate,"Paragraph_1|Final_Claim|239,475","Paragraph_3|Primary_Claim|0,217"
"76b_MSU_essay|Paragraph_3|Primary_Claim|0,217",Paragraph_3,"(0, 217)","A hero can be inside every individual, but it is up to that individual whether or not they want to exercise their potential or not. Heroes are ones who save. Heroes bring out the best in people. They make a difference.",Primary_Claim,adequate,"Paragraph_1|Final_Claim|239,475","Paragraph_2|Primary_Claim|687,795"
"76b_MSU_essay|Paragraph_3|Data|219,640",Paragraph_3,"(219, 640)","A hero is the teacher who teaches children how to read when found near impossible. A hero is the pastor who helps in times of spiritual struggles. A hero is the doctor who performs critical operations that saves lives. What makes a hero is the push and the drive to not only better his or her own life, but to also better that of others. It requires humbling oneself and offering sacrificial love, no matter the situation.",Data,effective,"Paragraph_3|Primary_Claim|0,217",-
"76b_MSU_essay|Paragraph_4|Concluding_Summary|0,556",Paragraph_4,"(0, 556)","In conclusion, being a celebrity and being a hero do not always go hand in hand. Celebrities may have a following and many admirers, but those are not the requirements for the make up of a hero. On the outside, it may seem that fame and fortune are what makes one great, but may it never be. The world needs more heroes. The world needs those who are willing to sacrifice of themselves, to help better others, and not mind receiving no credit at all. There is a hero inside all, and it is up to the individual whether or not they will do something about it.",Concluding_Summary,adequate,"Paragraph_1|Final_Claim|239,475",-
