﻿discourse_id,discourse_part,discourse_boundary,discourse_text,adjudicated_discourse_type,adjudicated_effectiveness,adjudicated_hierarchical,adjudicated_parallel
"77_MSU_essay|Paragraph_1|Nonannotated|0,106",Paragraph_1,"(0, 106)",Heroes or Celebrities? Should both be admired? Do both have the qualities or the achevements to be admired?,Nonannotated,-,-,-
"77_MSU_essay|Paragraph_1|Final_Claim|108,296",Paragraph_1,"(108, 296)",The answer is no. Celebrities may have talent that is well known to the world but just having a well known talent is not enough to be admired. Heroes sould be the only ones who are admired.,Final_Claim,adequate,-,-
"77_MSU_essay|Paragraph_2|Nonannotated|0,52",Paragraph_2,"(0, 52)",There are three reasons why a hero should be admired.,Nonannotated,-,-,-
"77_MSU_essay|Paragraph_2|Data|157,463",Paragraph_2,"(157, 463)",Unlike celebrities heroes have done things that benifit not only themselves but the people they have helped or the things they have done to help the world around them to achieve their hero status. Celebrities on the other hand earn their publicity from their own achievements and by helping themselves only.,Data,adequate,"Paragraph_2|Primary_Claim|54,155",-
"77_MSU_essay|Paragraph_2|Primary_Claim|54,155",Paragraph_2,"(54, 155)",The first reason heroes should be admired is because they have done something worth being admired for.,Primary_Claim,adequate,"Paragraph_1|Final_Claim|108,296","Paragraph_3|Primary_Claim|0,64; Paragraph_4|Primary_Claim|0,163"
"77_MSU_essay|Paragraph_3|Primary_Claim|0,64",Paragraph_3,"(0, 64)",The second reason is because of what the definition of a hero is.,Primary_Claim,adequate,"Paragraph_1|Final_Claim|108,296","Paragraph_2|Primary_Claim|54,155; Paragraph_4|Primary_Claim|0,163"
"77_MSU_essay|Paragraph_3|Data|66,586",Paragraph_3,"(66, 586)","A hero is any person admired for great courage, qualities, or achievements. The word admired is even in the definition of a hero but not in the definition of a celebrity. A celebrity is a highly visible person, known for some form of talent. People should admire anyone who tries to make a difference in the world around them in a positive way. A celebrities talent may be able to make this difference but what celebrities have done so? Heroes are known for this difference not a talent that has the potential to make it.",Data,adequate,"Paragraph_3|Primary_Claim|0,64",-
"77_MSU_essay|Paragraph_4|Primary_Claim|0,163",Paragraph_4,"(0, 163)",The third and final reason heroes should be admired and not celebrities is because a hero will always be a hero and their achievement will always be worth admiring.,Primary_Claim,adequate,"Paragraph_1|Final_Claim|108,296","Paragraph_2|Primary_Claim|54,155; Paragraph_3|Primary_Claim|0,64"
"77_MSU_essay|Paragraph_4|Data|165,440",Paragraph_4,"(165, 440)",Allthough celebrities will always be celebrities their talent will fade and will not always be somthing people admire. People should be admired for a change they made to help the world around them not for a hot sex secne they made in a movie or a song they sang that was cool.,Data,adequate,"Paragraph_4|Primary_Claim|0,163",-
"77_MSU_essay|Paragraph_5|Concluding_Summary|0,233",Paragraph_5,"(0, 233)",In conclusion heroes should be the only ones admired because they will always have something to be admired for. Unlike celebrities who may be well liked and have what it takes to be a hero but never make the difference that is needed.,Concluding_Summary,adequate,"Paragraph_1|Final_Claim|108,296",-
