﻿discourse_id,discourse_part,discourse_boundary,discourse_text,adjudicated_discourse_type,adjudicated_effectiveness,adjudicated_hierarchical,adjudicated_parallel
"77b_MSU_essay|Paragraph_1|Nonannotated|0,204",Paragraph_1,"(0, 204)","When we think about who is a hero and who isn't, we often do not see a difference between heroes and celebrities. But once you look deeper into the characteristics, you might find a significant difference.",Nonannotated,-,-,-
"77b_MSU_essay|Paragraph_1|Final_Claim|206,467",Paragraph_1,"(206, 467)","I believe that heroes should be admired, but celebrities shouldn't unless they do something heroic because heroes are great role models due to their selfless actions, celebrities are prone to fault, and we should strive to be like those who preform good actions.",Final_Claim,effective,-,-
"77b_MSU_essay|Paragraph_2|Data|0,512",Paragraph_2,"(0, 512)","When I think of a hero, I think of someone who has done something to benefit others. One example of a hero in current day events is the pilot of the airliner who saved all the passengers onboard when both engines were disabled by birds. He made a safe emergency landing in the Hudson River, and was the sole reason that the flight's passengers are alive today. Heroes also are everyday people like firefighters who save children from burning buildings, or lifeguards who save swimmers from being swept out to sea.",Data,effective,"Paragraph_2|Primary_Claim|514,635",-
"77b_MSU_essay|Paragraph_2|Primary_Claim|514,635",Paragraph_2,"(514, 635)",These people should be admired because they went out of their way and put their lives in danger to help tose in dire need.,Primary_Claim,effective,"Paragraph_1|Final_Claim|206,467","Paragraph_3|Primary_Claim|0,82; Paragraph_4|Primary_Claim|0,103"
"77b_MSU_essay|Paragraph_3|Primary_Claim|0,82",Paragraph_3,"(0, 82)",Celebrities on the other hand shouldn't be admired unless they do something heroic.,Primary_Claim,adequate,"Paragraph_1|Final_Claim|206,467","Paragraph_2|Primary_Claim|514,635; Paragraph_4|Primary_Claim|0,103"
"77b_MSU_essay|Paragraph_3|Data|84,431",Paragraph_3,"(84, 431)","I have seen many times in which a celebrity has done something unworthy of admiration. Once such action is in drug usage. Also, celebrities often get their fame from acting or singing. They do it for personal gain in wealth or popularity and aren't thinking about how it will help those around them. This selfishness just isnt worthy of admiration.",Data,adequate,"Paragraph_3|Primary_Claim|0,82",-
"77b_MSU_essay|Paragraph_4|Primary_Claim|0,103",Paragraph_4,"(0, 103)","Finally, we should admire heroes and not celebrities because we often strive to be like our role models.",Primary_Claim,adequate,"Paragraph_1|Final_Claim|206,467","Paragraph_2|Primary_Claim|514,635; Paragraph_3|Primary_Claim|0,82"
"77b_MSU_essay|Paragraph_4|Data|105,393",Paragraph_4,"(105, 393)","If we strive to be someone who wants to benefit mankind, a hero, everyone will benefit. On the other hand, if we strive to be like a selfish and self destructing celebrity, we will only bring harm to ourselves and those around us. We should be moral in times of trouble, not self centered.",Data,adequate,"Paragraph_4|Primary_Claim|0,103",-
"77b_MSU_essay|Paragraph_5|Concluding_Summary|0,401",Paragraph_5,"(0, 401)","Although heroes might have some faults, it's their actions that set them apart from celebrities. We should admire those who think of others over themselves and look down on those who care only about themselves in trying times. Heroes should be admired, and their actions that make them a hero should be incorporated into our lives. A celebrity should only be admired if they have done something heroic.",Concluding_Summary,effective,"Paragraph_1|Final_Claim|206,467",-
