﻿discourse_id,discourse_part,discourse_boundary,discourse_text,adjudicated_discourse_type,adjudicated_effectiveness,adjudicated_hierarchical,adjudicated_parallel
"78_MSU_essay|Paragraph_1|Final_Claim|0,394",Paragraph_1,"(0, 394)","Although celebrities lead lives of fame and luxury, celebrities are not true heroes and do not deserve the praise associated with being famous. A true hero is a selfless person who is constantly striving to provide better conditions for those around him or her while the average celebrity is a self-centered person who is constantly striving to catch the public's eye through scandalous tactics.",Final_Claim,effective,-,-
"78_MSU_essay|Paragraph_1|Nonannotated|396,741",Paragraph_1,"(396, 741)","Because people have lost the true value of a hero and constantly sing praises to celebrities, the patch between hero and celebrity has become rather grey. This new grey patch leads our confused general public towards the glitz and glamour of being a celebrity. Even though celebrities seem to have great lives, a true hero is truly happy in life.",Nonannotated,-,-,-
"78_MSU_essay|Paragraph_2|Data|0,356",Paragraph_2,"(0, 356)","What does it take to reach a status of stardom? For many celebrities a sex tape or some sort of large-scale scandal can produce millions of dollars along with fame. Although many celebrities are truly talented actors and athletes, some of the most famous people have done nothing for this world. From Octomom and her kids to Paris Hilton and her little dog,",Data,adequate,"Paragraph_2|Primary_Claim|358,515",-
"78_MSU_essay|Paragraph_2|Primary_Claim|358,515",Paragraph_2,"(358, 515)","many celebrities are bad representations of our country and people as a whole. Unfortunately, celebrities usually get more undeserving admiration than heroes.",Primary_Claim,adequate,"Paragraph_1|Final_Claim|0,394","Paragraph_3|Primary_Claim|400,595"
"78_MSU_essay|Paragraph_3|Data|0,398",Paragraph_3,"(0, 398)","What does it take to become a true hero? Every firefighter and policeman in one's own town can be considered a hero. A hero is a man or woman who is constantly performing acts for the greater good and to further the well-being of the general public. Each time a firefighter charges into a burning building, he or she is putting his or her life on the line to often times save the life of a stranger.",Data,effective,"Paragraph_3|Primary_Claim|400,595",-
"78_MSU_essay|Paragraph_3|Primary_Claim|400,595",Paragraph_3,"(400, 595)","Only a true, selfless hero can perform an act like the previously discussed one, therefore only a true hero should get the appreciation and admiration from the general public a celebrity receives.",Primary_Claim,effective,"Paragraph_1|Final_Claim|0,394","Paragraph_2|Primary_Claim|358,515"
"78_MSU_essay|Paragraph_4|Concluding_Summary|0,640",Paragraph_4,"(0, 640)","Celebrities and heroes are two very different sets of people. Unfortunately, the lust-hungry aspect of human nature overrides the desire for the greater good, which in turn provides more fame and admiration to celebrities than heroes. Fortunately, a true hero realizes that he or she does not need fame or fortune to lead a happy life. Simply helping others and doing the right thing are real life goals of a genuine hero. If celebrities would simply take the time to examine their own life then the life of a hero, this world and media system would be a better place. Maybe a famous hotel heiress should shadow a firefighter for a few days?",Concluding_Summary,effective,"Paragraph_1|Final_Claim|0,394",-
