﻿discourse_id,discourse_part,discourse_boundary,discourse_text,adjudicated_discourse_type,adjudicated_effectiveness,adjudicated_hierarchical,adjudicated_parallel
"7_MSU_essay|Paragraph_1|Final_Claim|0,323",Paragraph_1,"(0, 323)","Even though we often come across anything from noble deeds to crime scenes that appear familiar to us, the true originality can only be perceived by looking behind the obvious and into the reason and feelings behind what we see at a first glance. While good behavior is often unique, crimes and hateful ideas tend to not be.",Final_Claim,adequate,-,-
"7_MSU_essay|Paragraph_2|Data|0,493",Paragraph_2,"(0, 493)","After the Columbine shootings which schocked people around the world, most people asked themselves how something to terrible could have happened while they reassured tehmselves it would never happen again. Within eight days, however, almost 50 states had been warned of similar crimes. It appears that the copycat crimes following Columbine as well as 9/11 may have been brought on by similar feelings and ideas and that the crimes committed at that point served as catalyses for future crimes.",Data,effective,"Paragraph_2|Primary_Claim|495,721",-
"7_MSU_essay|Paragraph_2|Primary_Claim|495,721",Paragraph_2,"(495, 721)",It seems therefore that crimes of such nature are similar and therefore not unique at all as they are mreely attempts at revenge and attention seeking. Hate has a tendency to block people and thereofore inspire copy-cat crimes.,Primary_Claim,adequate,"Paragraph_1|Final_Claim|0,323","Paragraph_2|Primary_Claim|723,801"
"7_MSU_essay|Paragraph_2|Primary_Claim|723,801",Paragraph_2,"(723, 801)","When a person acts based on love, however, the inspiration is much more unique.",Primary_Claim,adequate,"Paragraph_1|Final_Claim|0,323","Paragraph_2|Primary_Claim|495,721"
"7_MSU_essay|Paragraph_3|Data|0,736",Paragraph_3,"(0, 736)","When it comes to positive behavior, there seems to be more individuality behind our actions. Although it is often forgotten, humans tend to copy good behaviour without acknowledging where it came from. When someone helps an old lady across the street, or stops to open a door for someone in need, the reason behind it is often different from any other person. Because we all have different experiences and therefore also different associations, the positive things we do will be inspired by original ideas. Most beuaitiful buildings and statues such as the Statue Of Liberty or Taj Mahal, are unique merely because they had true inspiration behind them. Even in art is it obvious that the most famous paintings were those depicting love.",Data,adequate,"Paragraph_2|Primary_Claim|723,801",-
"7_MSU_essay|Paragraph_4|Concluding_Summary|0,430",Paragraph_4,"(0, 430)","To sum it up, oftenly people jump to conclusions about ideas or behaviours simply because they have failed to look closely at them. While hate blcoks us and keeps us from living out our unique personalities, love works with us to portay our individuality and uniqueness. Because love is differnt for everyone, they results and depictions of it, will be as well. Finally, almost anything can be original if one looks closely enaugh.",Concluding_Summary,adequate,"Paragraph_1|Final_Claim|0,323",-
