﻿discourse_id,discourse_part,discourse_boundary,discourse_text,adjudicated_discourse_type,adjudicated_effectiveness,adjudicated_hierarchical,adjudicated_parallel
"7b_MSU_essay|Paragraph_1|Nonannotated|0,741",Paragraph_1,"(0, 741)","There are over two-billion, seven-hundred thousand people in the world, and they all want to be successful. Unfortunately, the competition with so many people makes that goal extremely difficult. Even though success is hard for everyone to achieve, it is even harder for composers such as musicians, writers, and artists because their work is shared with the entire population of the world. Therefore, these composers must set out to be different than each other to present something that has never been seen or heard before. However, this goal is rarely achieved. With so many different styles of music and art and so many books with different themes and plots written, it makes it hard for composers to create their own work that is unique.",Nonannotated,-,-,-
"7b_MSU_essay|Paragraph_1|Final_Claim|743,885",Paragraph_1,"(743, 885)","Although this is an extremely difficult task, there are people who are able to accomplish this goal, and it is these people who are successful.",Final_Claim,adequate,-,-
"7b_MSU_essay|Paragraph_2|Data|0,735",Paragraph_2,"(0, 735)","The ultimate goal for all musicians is to compose their own music. However, there are so many different genres of music such as rhythm and blues, country, hip hop, and rock. The availability of so many different types of music composed by many different types of people makes it hard for an aspiring young musician to not let past artists have any influence on the music they attempt to compose themselves. However, the few musicians who are able to create their ""own"" sound are the ones who are successful. Famous artists such as Elvis Presley, Billy Joel, Frank Sinatra, and Michael Jackson were able to create a new unique type of music, and it is because of their originality that their music survives from generation to generation.",Data,effective,"Paragraph_1|Final_Claim|743,885","Paragraph_3|Data|0,731"
"7b_MSU_essay|Paragraph_3|Data|0,731",Paragraph_3,"(0, 731)","Originality is the key to success in any profession. Much like musicians, originality is what created literature masterpieces such The Awakening and A Raisin in the Sun. Both pieces of literature presented ideas that had never been discussed before in the form of a novel or play. We study The Awakening due to the controversy it caused when it was originally published. The reason for the controversy back then was because Kate Chopin created an original work that had a plot that people thought was sickening. No one had ever seen a novel like it, and even though there were very mixed feelings over whether The Awakening was a good book or not, it sold many copies and resulted in Chopin becoming a successful, well-known writer.",Data,effective,"Paragraph_1|Final_Claim|743,885","Paragraph_2|Data|0,735"
"7b_MSU_essay|Paragraph_4|Concluding_Summary|0,127",Paragraph_4,"(0, 127)","Therefore, it is possible to be original even though it is extremely difficult, and it is though people who are very successful.",Concluding_Summary,adequate,"Paragraph_1|Final_Claim|743,885",-
