﻿discourse_id,discourse_part,discourse_boundary,discourse_text,adjudicated_discourse_type,adjudicated_effectiveness,adjudicated_hierarchical,adjudicated_parallel
"80_MSU_essay|Paragraph_1|Nonannotated|0,182",Paragraph_1,"(0, 182)","Originality is a characteristic valued by all. No one desires to be thought of as a ""copycat"". But it seems nearly impossible to come up with a new and fresh idea in the present time.",Nonannotated,-,-,-
"80_MSU_essay|Paragraph_1|Final_Claim|184,408",Paragraph_1,"(184, 408)","With the billions of people in the world, it seems that every good idea has, in a sense, been ""used up."" Therefore it happens that those who seek new, fresh ideas end up imitating or copying what others have done before them.",Final_Claim,adequate,-,-
"80_MSU_essay|Paragraph_2|Data|0,588",Paragraph_2,"(0, 588)","Perhaps no work of art, literature, or film can be truly original. After all, why not capitalize on what others have already had success with? Directors and writers, for example very often use techniques of those before them. Every work of art uses a feature of another. Lyrics in songs, and ideas for movies are repeated. Sometimes, it seems that plots repeat themselves over as well. For example, the romantic movie plot can only be represented in so many ways. Characters names may be different, and settings may change; but the general idea remains that a man and a woman fall in love.",Data,adequate,"Paragraph_1|Final_Claim|184,408","Paragraph_3|Data|0,204; Paragraph_4|Data|0,361"
"80_MSU_essay|Paragraph_3|Data|0,204",Paragraph_3,"(0, 204)","However, those responsible for producing such redundant films and stories cannot be blamed. Why should they change a good thing? It us human nature to love such stories, so there is no need to be original.",Data,adequate,"Paragraph_1|Final_Claim|184,408","Paragraph_2|Data|0,588; Paragraph_4|Data|0,361"
"80_MSU_essay|Paragraph_4|Data|0,361",Paragraph_4,"(0, 361)","In another sense, businesspeople look for that uniqueness as well. Those in marketing are always trying to find the next new product to ""wow"" the people and make millions. New products come out every day, but of these new products, how many are actually original? Copies of name brand products are abundant nearly everywhere, and those product still have success",Data,adequate,"Paragraph_1|Final_Claim|184,408","Paragraph_2|Data|0,588; Paragraph_3|Data|0,204"
"80_MSU_essay|Paragraph_5|Concluding_Summary|0,355",Paragraph_5,"(0, 355)","The search for a novel idea may continue in the minds of millions, but success is not likely to be had. Maybe the uniqueness is not a pleasant thought, but not necessary. Repetition is a common theme in works of art and science as well as the business world. And with so many in the world trying to produce ""the next big thing"", imitation is not avoidable.",Concluding_Summary,adequate,"Paragraph_1|Final_Claim|184,408",-
