﻿discourse_id,discourse_part,discourse_boundary,discourse_text,adjudicated_discourse_type,adjudicated_effectiveness,adjudicated_hierarchical,adjudicated_parallel
"81_MSU_essay|Paragraph_1|Nonannotated|0,175",Paragraph_1,"(0, 175)",What does it take to be a hero? How many heroes do we have in our society today? In today's society the role of the hero is being watered down by the importance of celebrities,Nonannotated,-,-,-
"81_MSU_essay|Paragraph_1|Final_Claim|177,355",Paragraph_1,"(177, 355)"," Celebrities, while good at their jobs, should never take the place of a role model. Role models provide us with direction and hope and that kind of leadership can not be replaced.",Final_Claim,effective,-,-
"81_MSU_essay|Paragraph_2|Data|0,746",Paragraph_2,"(0, 746)","With the thousand of scandals and downfalls of celebrities, there has to be a distinct line between the people we look up to and the people who are simply famous for there profession. If kids confuse these two the results could be dangerous. Heroes set the example for action and belief. Heroes stand up when others and backing down. Heroes inspire others to stand with them. It takes a special person to be a hero, on the other hand, any skilled actor can become a celebrity. The only reason celebrities are famous is because of the job they have been given, not because of there actions and beliefs. However, you do not have to be famous to be a hero. Anyone who has character, integrity, and leadership can set an example for those around them.",Data,adequate,"Paragraph_1|Final_Claim|177,355",-
"81_MSU_essay|Paragraph_3|Concluding_Summary|0,422",Paragraph_3,"(0, 422)","The reason our society is on the way down morally is because so many are taking celebrities as role models. People look up to celebrities because of their possessions and high standing and people envy them. America puts a high price on the almighty dollar, therefore, anyone who has wealth becomes a ""successful person"". Until we change this perverted view on success people will continue to mistake celebrities for heroes.",Concluding_Summary,adequate,"Paragraph_1|Final_Claim|177,355",-
