﻿discourse_id,discourse_part,discourse_boundary,discourse_text,adjudicated_discourse_type,adjudicated_effectiveness,adjudicated_hierarchical,adjudicated_parallel
"82_MSU_essay|Paragraph_1|Final_Claim|0,258",Paragraph_1,"(0, 258)","Both heroes and celebrities deserve admiration; however, they should receive admiration based on different reasons. It is my opinion that actual heroes should receive more admiration than celebrities for whatever it is that they have done to make them a hero.",Final_Claim,adequate,-,-
"82_MSU_essay|Paragraph_2|Data|0,226",Paragraph_2,"(0, 226)","To become a hero someone must do something that exceeds the boundaries of normal or average. For example, saving someone from a burning building or taking down an armed bank robber. Acts such as these give people heroic status.",Data,adequate,"Paragraph_2|Primary_Claim|228,290",-
"82_MSU_essay|Paragraph_2|Primary_Claim|228,290",Paragraph_2,"(228, 290)",Heroes should receive admiration for there courage and bravery.,Primary_Claim,-,"Paragraph_1|Final_Claim|0,258","Paragraph_3|Primary_Claim|0,97"
"82_MSU_essay|Paragraph_3|Primary_Claim|0,97",Paragraph_3,"(0, 97)",Celebrities are often admired because they can sing or act very well or in some cases not so well.,Primary_Claim,effective,"Paragraph_1|Final_Claim|0,258","Paragraph_2|Primary_Claim|228,290"
"82_MSU_essay|Paragraph_3|Data|99,285",Paragraph_3,"(99, 285)","Being able to sing or act is all well and good, and celebrites should be honored for their talents, but is being able to sing or act well as admirable as saving a life? Not in my opinion.",Data,adequate,"Paragraph_3|Primary_Claim|0,97",-
"82_MSU_essay|Paragraph_4|Concluding_Summary|0,260",Paragraph_4,"(0, 260)","In conclusion, heroes and celebrities both deserve admiration for what they do or have done that makes them famous. However, it is the hero who has done something far more worthy of admiration and thus the hero should receive more admiration than the celebrity.",Concluding_Summary,adequate,"Paragraph_1|Final_Claim|0,258",-
