﻿discourse_id,discourse_part,discourse_boundary,discourse_text,adjudicated_discourse_type,adjudicated_effectiveness,adjudicated_hierarchical,adjudicated_parallel
"83_MSU_essay|Paragraph_1|Nonannotated|0,379",Paragraph_1,"(0, 379)","Originality: being able to do something that few or none have done before. In our modern society, almost everything we see has been done before, making it unoriginal. However, with the advancements and inventions of today, how can ""original"" be possible anymore? How can something new be created when virtually everything our society wants, needs, and likes has already been made?",Nonannotated,-,-,-
"83_MSU_essay|Paragraph_1|Final_Claim|381,521",Paragraph_1,"(381, 521)",Originality in the concepts of machinery and art is virtually impossible today simply because of the advancements in technology in our world.,Final_Claim,adequate,-,-
"83_MSU_essay|Paragraph_2|Data|0,804",Paragraph_2,"(0, 804)","Long ago, the items that people love, cherish, and take for granted today were nowhere close to being manufactured or created. In those days, there were no cars, planes, trains, airplanes, or even computers of that matter. This was because of a lack of information circulating throughout the minds of people around the world. Not many people were aware of, or even cared about, technological advances mainly because they were not informed of the good and changes it could bring. However, when those ideas began to circulate, it brought about serious technological movements, such as the Industrial Revolution. The Revolution brought about the inventions of many transportation models such as the steam engine, which, as technology advanced, led to trains, airplanes, and cars to cell phones and computers.",Data,effective,"Paragraph_2|Primary_Claim|806,878",-
"83_MSU_essay|Paragraph_2|Primary_Claim|806,878",Paragraph_2,"(806, 878)","When the information had circulated, many original inventions came to be.",Primary_Claim,adequate,"Paragraph_1|Final_Claim|381,521","Paragraph_3|Primary_Claim|732,815"
"83_MSU_essay|Paragraph_3|Data|0,730",Paragraph_3,"(0, 730)","Art has been around since the beginning of mankind. It has been used as a form of expression through literature, paintings, and music. The early artists each had a distinct style that set them apart from the rest and drew attention to their works. Now, in our modern society, there are so many new artists with the same ideas, originality seems out of the question. With the immense number of ""new talent"", it seems like everyone is trying to write mystery novels like Agatha Christie or horror novels like Stephen King, and they all fail because the likes of Christie and King have already done it and were the best at it. Even in today's music, artists use the rhythms of old songs and, with modifications, make their own rhythm.",Data,effective,"Paragraph_3|Primary_Claim|732,815",-
"83_MSU_essay|Paragraph_3|Primary_Claim|732,815",Paragraph_3,"(732, 815)","This can be seen as creative, but truly unoriginal because it has already been done.",Primary_Claim,effective,"Paragraph_1|Final_Claim|381,521","Paragraph_2|Primary_Claim|806,878"
"83_MSU_essay|Paragraph_4|Concluding_Summary|0,272",Paragraph_4,"(0, 272)","Originality is such a broad topic; not everyone sees the same things as original. In our world today, originality is not possible because everything we could possibly need has already been given to us. The music, the literature, the industrial view, has all been completed.",Concluding_Summary,adequate,"Paragraph_1|Final_Claim|381,521",-
