﻿discourse_id,discourse_part,discourse_boundary,discourse_text,adjudicated_discourse_type,adjudicated_effectiveness,adjudicated_hierarchical,adjudicated_parallel
"8_MSU_essay|Paragraph_1|Nonannotated|0,117",Paragraph_1,"(0, 117)",Being original is overrated. Noone is ever original from the way people wear their hair to how people make their beds.,Nonannotated,-,-,-
"8_MSU_essay|Paragraph_1|Primary_Claim|119,245",Paragraph_1,"(119, 245)","People, espically American look to t.v. and magazines for to much guidance to really be unique in their own ideas and thoughts.",Primary_Claim,adequate,"Paragraph_1|Final_Claim (467, 556)","Paragraph_2|Primary_Claim (0, 79)"
"8_MSU_essay|Paragraph_1|Data|247,556",Paragraph_1,"(247, 556)","For example, girls fashion. Many girls today think that the clothes they wear and how they wear it is very hip and new when in fact much of American fashion is just a collection of the best pieces thoughout the decades.",Data,adequate,"Paragraph_1|Primary_Claim (119, 245)",-
"8_MSU_essay|Paragraph_1|Final_Claim|467,556",Paragraph_1,"(467, 556)",Nothing can ever be truely unique because history just repeats itself over and over again.,Final_Claim,adequate,-,-
"8_MSU_essay|Paragraph_2|Primary_Claim|0,79",Paragraph_2,"(0, 79)",People are only unique in how they put a twist on something that already exists.,Primary_Claim,adequate,"Paragraph_1|Final_Claim (467, 556)","Paragraph_1|Primary_Claim (119, 245)"
"8_MSU_essay|Paragraph_2|Data|81,253",Paragraph_2,"(81, 253)","For example, every month there is a ""new camera"" or a ""new phone"", which is really still a camera and phone that was invented hundreds of years ago and has fancier features.",Data,adequate,"Paragraph_2|Primary_Claim (0, 79)",-
"8_MSU_essay|Paragraph_3|Concluding_Summary|0,198",Paragraph_3,"(0, 198)",Nothing is new no adays. Everything that comes out and claims to be new are really just improvements to existing objects. Origianlity was lost when fashion magazines and T.V. became the focus of life.,Concluding_Summary,adequate,"Paragraph_1|Final_Claim (467, 556)",-
