﻿discourse_id,discourse_part,discourse_boundary,discourse_text,adjudicated_discourse_type,adjudicated_effectiveness,adjudicated_hierarchical,adjudicated_parallel
"8b_MSU_essay|Paragraph_1|Nonannotated|0,269",Paragraph_1,"(0, 269)","Over the centuries, many have created new inventions and acted upon original ideas. Some people look at all of these millennia with all of these previously unknown developments and wonder how we could ever create something new now. Has all originality been used already?",Nonannotated,-,-,-
"8b_MSU_essay|Paragraph_1|Final_Claim|271,732",Paragraph_1,"(271, 732)","Can any person in today's modern society have a unique, original idea? Yes. It may be extremely difficult, but looking at the past we see that it has always been so. In our present day lives can we expect it to suddenly become easier? No, in fact, in the future it will become increasingly difficult, but that possibility for creativity will never be truly gone. It is too much a part of humanity; it is our nature to create and reform things into new creations.",Final_Claim,effective,-,-
"8b_MSU_essay|Paragraph_2|Data|0,948",Paragraph_2,"(0, 948)","History has given us many impossible things, from the wheel to aircraft. Before these were invented, did people imagine it was possible? Their inventors, no doubt, did believe it possible to create such wonderful inventions that we rely so heavily upon today. Did the rest of society? No. In most cases, whether it was Einstein or the Wright Brothers or Galileo, such inventors were ridiculed for their attempts. Even thousands of years ago, the citizens of the world had a hard time believing that anything new could be developed. Isaac Newton said, If I have seen further, it is because I have stood on the shoulders of giants. And it is this same philosophy that prompts me to answer yes to the question posed above. Isaac Newton, a brilliant mathematician and scientist of his day, discovered things that most second graders know of today. His theories, however, were based off of previous inventions and ideas from his predecessors and peers.",Data,effective,"Paragraph_2|Primary_Claim|950,1121",-
"8b_MSU_essay|Paragraph_2|Primary_Claim|950,1121",Paragraph_2,"(950, 1121)","Does all originality have to be completely independent of any outside influence? No. For as Newton suggests, we base originality upon previous knowledge and past creations.",Primary_Claim,effective,"Paragraph_1|Final_Claim|271,732","Paragraph_3|Primary_Claim|862,934; Paragraph_4|Primary_Claim|0,154"
"8b_MSU_essay|Paragraph_3|Data|0,860",Paragraph_3,"(0, 860)","We have computers with microchips and air conditioners on the hottest of days. We have microwave popcorn and tiny iPods that hold hundreds of songs in the palm of your hand. There is internet that connects millions of people around the globe. We have rid ourselves of many harmful diseases, and continue to research for more cures. Can anything, beyond what we have, be created? Or are we simply reforming the old? These two ideas, creating and reforming, are not mutually exclusive as most people believe. Instead, reforming is a form of creation. We see wildflowers on the side of the road, pick them, and arrange them in a vase on our kitchen counter. Do we get credit for creating the flowers? No. However, it was our original idea to place them on the table, in such a vase, in a specific style that is pleasing to the eye. Such is our modern day creation.",Data,effective,"Paragraph_3|Primary_Claim|862,934",-
"8b_MSU_essay|Paragraph_3|Primary_Claim|862,934",Paragraph_3,"(862, 934)",Reforming the old is still a type of forming something never seen before.,Primary_Claim,effective,"Paragraph_1|Final_Claim|271,732","Paragraph_2|Primary_Claim|950,1121; Paragraph_4|Primary_Claim|0,154"
"8b_MSU_essay|Paragraph_4|Primary_Claim|0,154",Paragraph_4,"(0, 154)","Some people in the future, no doubt, will be able to create such wondrously new things, but most of us will be limited to reforming old things in new ways.",Primary_Claim,adequate,"Paragraph_1|Final_Claim|271,732","Paragraph_2|Primary_Claim|950,1121; Paragraph_3|Primary_Claim|862,934"
"8b_MSU_essay|Paragraph_4|Data|156,882",Paragraph_4,"(156, 882)","When the incandescent light bulb was created, did the inventor create light? No. Still, he made something new, something never seen before, something unique to his inventions. Thus is the basis for originality that we have in todays modern society. It is much harder for us to create, as so many things have been reformed thousands of times. But Einstein said that, Doing the same thing over and over, and expecting a different result, is the definition of insanity. While many of us are satisfied to go along in our daily lives with this form of insanity, just as throughout the past, some of us arent. It is those few living among us that will bring the next revolution to our society, with an impossible new invention.",Data,effective,"Paragraph_4|Primary_Claim|0,154",-
"8b_MSU_essay|Paragraph_5|Concluding_Summary|0,604",Paragraph_5,"(0, 604)","We learn from the past, from looking at past experiences. This vision leads me to believe fully that there is room for new creations in our modern day society. This same vision is what leads to original ideas. Why would anyone create a light bulb or car if there was not a need? People do not invent merely for fascinations sake, but for necessity. People looking for more efficient ways to do the same old thing are just as much a creator as those like Newton or Einstein or Galileo. We will continue to see new revelations in the years to come, just as we have seen through the last thousands of years.",Concluding_Summary,effective,"Paragraph_1|Final_Claim|271,732",-
