﻿discourse_id,discourse_part,discourse_boundary,discourse_text,adjudicated_discourse_type,adjudicated_effectiveness,adjudicated_hierarchical,adjudicated_parallel
"91_MSU_essay|Paragraph_1|Final_Claim|0,355",Paragraph_1,"(0, 355)","There are many celebrities in our culture as well as heroes, but many people confuse a celebrity for a hero. Many movies portray celebrites as heroes, but playing the role of a hero does not make a celebrity an actual hero. When reality kicks in, we find that many celebrities are not heroes. This is a common misconception that should be straightened out.",Final_Claim,-,-,-
"91_MSU_essay|Paragraph_2|Primary_Claim|0,287",Paragraph_2,"(0, 287)","A celebrity is someone that has become famous through acting, singing, musical talent, and so on. Celebrities are normal people who have worked their way into fame. Some of these celebrities may be hero to some people, but being a celebrity does not automatically make that person a hero.",Primary_Claim,effective,"Paragraph_1|Final_Claim|0,355","Paragraph_3|Primary_Claim|0,120"
"91_MSU_essay|Paragraph_2|Data|289,818",Paragraph_2,"(289, 818)","Not all celebrities have performed a heroic task or lived a heroic lifestyle. Celebrities are very talented people most of the time, and it is great for them to be admired for their talents; however, not all celebrities became famous for a talent, instead some are famous for the amount of money they possess. In this sense, celebrities should not be admired. Celebrities are people, famous people, that have sometimes done something heroic, and it is at these times when they should be admired, not just becauset they are famous.",Data,effective,"Paragraph_2|Primary_Claim|0,287",-
"91_MSU_essay|Paragraph_3|Primary_Claim|0,120",Paragraph_3,"(0, 120)",A real hero is someone who is a role model for people. A hero is someone who has done something honorable and courageous.,Primary_Claim,effective,"Paragraph_1|Final_Claim|0,355","Paragraph_2|Primary_Claim|0,287"
"91_MSU_essay|Paragraph_3|Data|122,737",Paragraph_3,"(122, 737)","When a hero is noticed, an opportunity comes for others to admire him. There are many of these opportunities around our lives and many times when we get to honor these people. The heart of a hero is much different than the heart of anyone else. The amount of courage, love, dedication, and passion is extremely visable, and it challenges those who look up to these heroes to do the same. It is at these times when we notice the characteristics of a hero that we strive to perform in the same way. Heroes are a great blessing in our lives, and we should cherish them for they bring encouragement to the lives of many.",Data,adequate,"Paragraph_3|Primary_Claim|0,120",-
