﻿discourse_id,discourse_part,discourse_boundary,discourse_text,adjudicated_discourse_type,adjudicated_effectiveness,adjudicated_hierarchical,adjudicated_parallel
"91b_MSU_essay|Paragraph_1|Final_Claim|0,261",Paragraph_1,"(0, 261)",Heroes are the wholesome individuals that deserve society's utmost respect and honor. They should be admired more than celebrities because they have better standards and are good examples. The difference between a celebrity and a hero is greater than appearance.,Final_Claim,effective,-,-
"91b_MSU_essay|Paragraph_2|Primary_Claim|0,159",Paragraph_2,"(0, 159)","As opposed to celebrity's fame based on superficial reasons, heroes are renowned for their good character, selfless acts, remarkable personality, or good deeds.",Primary_Claim,effective,"Paragraph_1|Final_Claim|0,261","Paragraph_3|Primary_Claim|0,157; Paragraph_4|Primary_Claim|0,122"
"91b_MSU_essay|Paragraph_2|Data|161,661",Paragraph_2,"(161, 661)","Everyone has at least one hero whom they look up to, an individual who has accomplished something or proved honorable in some way. A hero can gain respectable status in a small or large way, whether it be by leading an entire army into an enemy city and successfully capturing it or rescuing a small child's kitten from a high tree branch. Big or small, a hero's impact exists in great measure. A hero is a role model that sets the precedent for what one should aim to accomplish in life and resemble.",Data,effective,"Paragraph_2|Primary_Claim|0,159",-
"91b_MSU_essay|Paragraph_3|Primary_Claim|0,157",Paragraph_3,"(0, 157)","A hero is never doubted by its supporters, therefore it always emits beams of confidence, one of the most essential emotional characteristics all beings need.",Primary_Claim,adequate,"Paragraph_1|Final_Claim|0,261","Paragraph_2|Primary_Claim|0,159; Paragraph_4|Primary_Claim|0,122"
"91b_MSU_essay|Paragraph_3|Data|159,461",Paragraph_3,"(159, 461)",The hero always has good intentions and its audience undoubtedly knows that. The duty of the hero as a role model includes showing their audience what good comes from their actions and what good it takes to bring about these actions. Supporters of a hero define its fame with their praise and reverence.,Data,adequate,"Paragraph_3|Primary_Claim|0,157",-
"91b_MSU_essay|Paragraph_4|Primary_Claim|0,122",Paragraph_4,"(0, 122)",Renowned fictional heroes such as Batman present an example of the good that all people should try to perform in the world.,Primary_Claim,adequate,"Paragraph_1|Final_Claim|0,261","Paragraph_2|Primary_Claim|0,159; Paragraph_3|Primary_Claim|0,157"
"91b_MSU_essay|Paragraph_4|Data|124,422",Paragraph_4,"(124, 422)","These heroes want to influence others through their own actions, so that the viewers may reproduce the good deeds in their own ways. In reproducing acts of an acclaimed hero, one should consider the intentions of the first hero. Heroes do not complete their actions for fame but for the common good.",Data,adequate,"Paragraph_4|Primary_Claim|0,122",-
"91b_MSU_essay|Paragraph_5|Concluding_Summary|0,362",Paragraph_5,"(0, 362)","Heroes actions trump the false fame of celebrities any day. The respect is remarkably greater for a hero than for a celebrity because of the hero's honest intentions to create good in the world and not to acclaim fame. Celebrities simply seem great because they are famous, but heroes are great because of their influential acts of kindness, thought, and bravery.",Concluding_Summary,adequate,"Paragraph_1|Final_Claim|0,261",-
