﻿discourse_id,discourse_part,discourse_boundary,discourse_text,adjudicated_discourse_type,adjudicated_effectiveness,adjudicated_hierarchical,adjudicated_parallel
"92_MSU_essay|Paragraph_1|Nonannotated|0,342",Paragraph_1,"(0, 342)","In today's world the line between what is a hero and what is a celebrity is often very difficult to see. Most people think of celebrities when they think of heroes, such as actors and singers. Children especially now think of celebrities as heroes more than ever, in place of real heroes such as cops, firemen, and soldiers just to name a few.",Nonannotated,-,-,-
"92_MSU_essay|Paragraph_2|Final_Claim|0,76",Paragraph_2,"(0, 76)",Heroes should be admired instead of celebrities because a hero can be anyone.,Final_Claim,adequate,-,-
"92_MSU_essay|Paragraph_2|Data|236,526",Paragraph_2,"(236, 526)","For example, the airline pilot that crash landed a plane in the Hudson River is now a celebrity just because of something great that he did. It is role models like him that people should admire not because they are famous, but because they actually did something heroic and worthy of praise.",Data,adequate,"Paragraph_2|Primary_Claim|78,234",-
"92_MSU_essay|Paragraph_2|Primary_Claim|78,234",Paragraph_2,"(78, 234)",The best celebrities are actually heroes because at one time they were regular people but did something great in order to gain the recognition they now have.,Primary_Claim,effective,"Paragraph_2|Final_Claim|0,76","Paragraph_3|Primary_Claim|0,59"
"92_MSU_essay|Paragraph_3|Primary_Claim|0,59",Paragraph_3,"(0, 59)",Real heroes that are not celebrities also should be admired.,Primary_Claim,adequate,"Paragraph_2|Final_Claim|0,76","Paragraph_2|Primary_Claim|78,234"
"92_MSU_essay|Paragraph_3|Data|61,266",Paragraph_3,"(61, 266)","These people live all around us and help to protect and serve us every day. Soldiers are a very good example, as they place their lives on the line over seas and do not receive the recognition they deserve.",Data,adequate,"Paragraph_3|Primary_Claim|0,59",-
"92_MSU_essay|Paragraph_4|Concluding_Summary|0,193",Paragraph_4,"(0, 193)","In conclusion, a person who is a celebrity just because they are an entertainer should never be admired as much as real heroes. Real heroism should be truly admired and appreciated by the world.",Concluding_Summary,adequate,"Paragraph_2|Final_Claim|0,76",-
