﻿discourse_id,discourse_part,discourse_boundary,discourse_text,adjudicated_discourse_type,adjudicated_effectiveness,adjudicated_hierarchical,adjudicated_parallel
"92b_MSU_essay|Paragraph_1|Nonannotated|0,320",Paragraph_1,"(0, 320)","In our society, celebrities have all but replaced ""heroes"" as role models and icons of admiration. I believe that this is not because we fail to see a difference between the two, however. The difference couldn't be more clear, but the fact of the matter is there are a lot more celebrities than there will ever be heroes.",Nonannotated,-,-,-
"92b_MSU_essay|Paragraph_1|Final_Claim|322,847",Paragraph_1,"(322, 847)","It is okay to look up to celebrities, but not to the extent that the media stresses it. When there is a hero in our culture, whether it be a war veteran who saved many fellow soldiers' lives or a less conventional hero such as someone who started a charity or discovered a cure to a disease, they receive far more admiration and respect than a common celebrity does. We treat celebrities with envy and interest only as long as their popularity has not soured. Heroes, true heroes that is, are everlasting icons in our culture.",Final_Claim,adequate,-,-
"92b_MSU_essay|Paragraph_2|Data|0,738",Paragraph_2,"(0, 738)","There are many heroes in our culture that many do not consider. They can be generals from wars past who, against all the odds, won a tide-turning battle. An average citizen who protects their fellow man from a mugging can be as valiant a hero as the knights of King Arthur's court. Just because heroes do not receive weeks of news and media reports does not mean they have any less respect. In fact, I would think that they aren't surprised with paparazzi every time they leave their homes is a blessing. Respect and admiration is favorable to fame with an expiration date any time. Celebrities may be the role models of young children, but anyone in their teenage years or older will know to look up to someone truly worth the admiration.",Data,adequate,"Paragraph_1|Final_Claim|322,847",-
"92b_MSU_essay|Paragraph_3|Concluding_Summary|0,717",Paragraph_3,"(0, 717)","Mythical heroes of the golden age or far too antiquated an idea to be relevant in our society, but the age of the hero is far from over. As I said earlier, a hero can be a simple citizen standing up for what is right, a brilliant chemist who has formulated a cure to an exotic disease, someone who has overcome a horrible or terminal illness and stands as a sign of hope, or, on a more literal note it can be a valiant war hero. To be a hero is to inspire hope and goodness in the hearts of the masses. It isn't all about the deed, it's about the selfless intentions and the admirable spirit as well. Heroes don't often wield swords or rescue damsels in distress, but that doesn't meant they only exist in fairy tales.",Concluding_Summary,adequate,"Paragraph_1|Final_Claim|322,847",-
