﻿discourse_id,discourse_part,discourse_boundary,discourse_text,adjudicated_discourse_type,adjudicated_effectiveness,adjudicated_hierarchical,adjudicated_parallel
"93_MSU_essay|Paragraph_1|Nonannotated|0,85",Paragraph_1,"(0, 85)","Throughout history, heroes and celebrities have been role models to everyone. In fact,",Nonannotated,adequate,-,-
"93_MSU_essay|Paragraph_1|Final_Claim|87,278",Paragraph_1,"(87, 278)",heroes and celebrities are equally-important role models. They have so much in common that make them role models. The right balance of hero and celebrity role models is important for everyone.,Final_Claim,adequate,-,-
"93_MSU_essay|Paragraph_2|Primary_Claim|0,155",Paragraph_2,"(0, 155)","Heroes are great role models. They do what is right and stop villianous tendencies. Because of this, there is at least one hero role model for every person.",Primary_Claim,adequate,"Paragraph_1|Final_Claim|87,278","Paragraph_3|Primary_Claim|0,189"
"93_MSU_essay|Paragraph_2|Data|157,481",Paragraph_2,"(157, 481)","The great thing about having a hero role model is that it is someone with real, easily acceptable morals. The only problem with hero role models is the likelihood of becoming one. Every hero possesses at least one quality that is rare. That quality could be the only thing keeping the general population from becoming heroes.",Data,adequate,"Paragraph_2|Primary_Claim|0,155",-
"93_MSU_essay|Paragraph_3|Primary_Claim|0,189",Paragraph_3,"(0, 189)","Celebrities are also good role models. There are a vast number of them, especially compared to heroes. They have done something recognizable and popular. Everyone has a celebrity role model.",Primary_Claim,adequate,"Paragraph_1|Final_Claim|87,278","Paragraph_2|Primary_Claim|0,155"
"93_MSU_essay|Paragraph_3|Data|191,734",Paragraph_3,"(191, 734)","The great thing about celebrity role models is that anyone can become one. Some celebrities lived lives similar to everyone else and went on to achieve something. Unlike heroism, celebrity status is more commonly and far easier to achieve. However, celebrities abuse their popularity at some point in time. Celebrities have commited DUIs, murders, suicides, bribes, etc. that can make them terrible role models. This abuse is the only thing that makes celebrities terrible role models, despite the fact that it proves that they are still human.",Data,adequate,"Paragraph_3|Primary_Claim|0,189",-
"93_MSU_essay|Paragraph_4|Concluding_Summary|0,367",Paragraph_4,"(0, 367)","Both heroes and celebrities have good and bad qualities. So long as people see the good in their role models, heroes and celebrities are great choices nonetheless. The equal importance between heroes and celebrities is far simpler than people think. Everyone should have an equal number of hero and celebrity role models. They are what make people see a better future.",Concluding_Summary,adequate,"Paragraph_1|Final_Claim|87,278",-
