﻿discourse_id,discourse_part,discourse_boundary,discourse_text,adjudicated_discourse_type,adjudicated_effectiveness,adjudicated_hierarchical,adjudicated_parallel
"93b_MSU_essay|Paragraph_1|Nonannotated|0,394",Paragraph_1,"(0, 394)","Who does our society want to hear about?Paris Hilton or a firefighter from 9/11? Will Smith or a kid who stops a bully at school? The choice of choosing between heroes and celebrities is something that is hotly debated in our world today. Magazines such as Reader's Digest tell heroic stories of hometown heroes, while People magazine tells what star was wearing the hottest dress at the Emmy's.",Nonannotated,-,-,-
"93b_MSU_essay|Paragraph_1|Final_Claim|396,533",Paragraph_1,"(396, 533)","In the media-filled world of today, it is important to not only admire heroes, but to give certain celebrities credit for what they do too.",Final_Claim,adequate,-,-
"93b_MSU_essay|Paragraph_2|Primary_Claim|0,141",Paragraph_2,"(0, 141)","Obviously, heroes are people who have done courageous deeds that benefited other people. Our society should look up to heroes and admire them.",Primary_Claim,effective,"Paragraph_1|Final_Claim|396,533","Paragraph_3|Primary_Claim|578,681; Paragraph_4|Primary_Claim|0,92"
"93b_MSU_essay|Paragraph_2|Data|143,356",Paragraph_2,"(143, 356)",Kids should focus on the actions of heroes and dream of growing up to be a hero to someone else. The best thing about heroes is that they are everyday people who accept a challenge whenever one arrives unannounced.,Data,adequate,"Paragraph_2|Primary_Claim|0,141",-
"93b_MSU_essay|Paragraph_3|Data|0,576",Paragraph_3,"(0, 576)","Celebrities, on the other hand, can be very different. So often it seems that people can only become a true celebrity if they are chosen as most beautiful on a reality show or are heirs to a fortune. These people do not deserve to be admired. But in a way, they are not admired; it is their lavish lifestyles that are being chased after. The celebrities that are truly admired for their accomplishments and being themselves deserve every bit of the attention that they receive Actors who start with nothing and make it to Hollywood by working hard are great figures to admire.",Data,adequate,"Paragraph_3|Primary_Claim|578,681",-
"93b_MSU_essay|Paragraph_3|Primary_Claim|578,681",Paragraph_3,"(578, 681)","Celebrities should be admired only if all their possessions came from their hard work, not a trust fund.",Primary_Claim,adequate,"Paragraph_1|Final_Claim|396,533","Paragraph_2|Primary_Claim|0,141; Paragraph_4|Primary_Claim|0,92"
"93b_MSU_essay|Paragraph_4|Primary_Claim|0,92",Paragraph_4,"(0, 92)",There is a fine line between which Celebrities should be admired and which should be ignored.,Primary_Claim,adequate,"Paragraph_1|Final_Claim|396,533","Paragraph_2|Primary_Claim|0,141; Paragraph_3|Primary_Claim|578,681"
"93b_MSU_essay|Paragraph_4|Data|94,370",Paragraph_4,"(94, 370)","There are some Celebrities who deserve everything that they have, one of these things being the right to be admired by society. Any celebrity who can handle the pressure that comes with being under constant scrutiny and always present themselves with dignity is in fact a hero.",Data,adequate,"Paragraph_4|Primary_Claim|0,92",-
