﻿discourse_id,discourse_part,discourse_boundary,discourse_text,adjudicated_discourse_type,adjudicated_effectiveness,adjudicated_hierarchical,adjudicated_parallel
"94_MSU_essay|Paragraph_1|Nonannotated|0,108",Paragraph_1,"(0, 108)","Heroes and celebrities, area both viewed as role models. Clearly, some celebrities should not be role models.",Nonannotated,adequate,-,-
"94_MSU_essay|Paragraph_1|Final_Claim|110,547",Paragraph_1,"(110, 547)","Many people believe that since a person is famous, they are automatically the right person to look up to, when in reality, they could not be farther from the truth. Celebrities are admired because they have fame and fortune, not because they have done anything great. Where as a hero is someone who has worked for something and doesnt expect anything back in return. They help others and put their own lives on the line for someone else.",Final_Claim,adequate,-,-
"94_MSU_essay|Paragraph_2|Data|0,897",Paragraph_2,"(0, 897)","Celebrities entertain. They provide enjoyment for society. Celebrities also believe that they are on top of the world and the best. They do not think about their actions and at times do certain things just for the publicity. Granted, some celebrities are celebrities because they have helped and made a large impact on society, but those types of celebrities are few and far. Celebrities like Paris Hilton and Lindsay Lohan have gathered a following of young girls who want to be just like them. But what Paris and Lindsay both have in common is there love to party. Parents do not want their children following in the messed up, staggered, rehab-junkie footsteps of these celebrities because they are not worth looking up to. They claimed their fame and now, they look for ways to increase it. Those are not heroes. They are messed up confused, fame hungry junkies who only think about themselves.",Data,adequate,"Paragraph_2|Primary_Claim|899,990",-
"94_MSU_essay|Paragraph_2|Primary_Claim|899,990",Paragraph_2,"(899, 990)","If little kids were to look up to celebrities, the world would be a much more selfish place.",Primary_Claim,effective,"Paragraph_1|Final_Claim|110,547","Paragraph_3|Primary_Claim|0,100"
"94_MSU_essay|Paragraph_3|Primary_Claim|0,100",Paragraph_3,"(0, 100)",Hero is a person with an immense amount of humility. They dont like to take credit for what they do.,Primary_Claim,adequate,"Paragraph_1|Final_Claim|110,547","Paragraph_2|Primary_Claim|899,990"
"94_MSU_essay|Paragraph_3|Data|102,963",Paragraph_3,"(102, 963)","The real heroes are the middle men and women who work hard every day to keep society safe. The firemen, policemen, soldiers; those are the real heroes. But you dont have to risk your life to be a hero. My hero is one of my best friends. Why? She is a strong survivor of cancer. She fought for 3 years and had half of her pelvis removed, yet whenever I saw her she had a smile on her face. She never gave up hope. Even after she was in remission, and she was told she would never play sports again, she went out for high school soccer and made first string. She has one of the greatest spirits a person can have. She is a true hero because she has strength like Ive never seen and like I wish I had. Another type of heroes are the parental type, the single parents who work three jobs just so that their children can take private piano lessons or stay in dance.",Data,effective,"Paragraph_3|Primary_Claim|0,100",-
"94_MSU_essay|Paragraph_4|Concluding_Summary|0,319",Paragraph_4,"(0, 319)","Heroes are everywhere. They are the ones that dont receive the fame and fortune and no publicity at all and they are ok with that. They fight for a real cause instead of in a bar fight. The admirable, selfless, humble people, those are the ones that should be looked up to and theyre the ones I thank God everyday for.",Concluding_Summary,adequate,"Paragraph_1|Final_Claim|110,547",-
