﻿discourse_id,discourse_part,discourse_boundary,discourse_text,adjudicated_discourse_type,adjudicated_effectiveness,adjudicated_hierarchical,adjudicated_parallel
"94b_MSU_essay|Paragraph_1|Nonannotated|0,368",Paragraph_1,"(0, 368)","Parents often worry about the kind of people their children look up to. In this day and age there are many people out there who are famous for just being famous, and kids might be tempted to look up to these people even if they behave in an unsavory fashion. Some parents would rather have their kids look up to someone who has actually done something to become famous.",Nonannotated,-,-,-
"94b_MSU_essay|Paragraph_1|Final_Claim|370,518",Paragraph_1,"(370, 518)","I personally believe that people should look up to anyone they want to, as long as the person they are looking up to is someone they want to be like.",Final_Claim,adequate,-,-
"94b_MSU_essay|Paragraph_2|Primary_Claim|0,83",Paragraph_2,"(0, 83)",People that have done something great might not always be good people to look up to.,Primary_Claim,adequate,"Paragraph_1|Final_Claim|370,518","Paragraph_3|Primary_Claim|0,36; Paragraph_4|Primary_Claim|0,66"
"94b_MSU_essay|Paragraph_2|Data|85,470",Paragraph_2,"(85, 470)","Because someone is a hero, does not automatically make them a good candidate to be a role model. Some one that has done something great can still be a bad person. Recently one of the worlds greatest golfers Tiger Woods was allegedly involved in an affair. Tiger has done many things in his life and deserves all of his fame, but his accomplishments do not make him a perfect role model.",Data,effective,"Paragraph_2|Primary_Claim|0,83",-
"94b_MSU_essay|Paragraph_3|Primary_Claim|0,36",Paragraph_3,"(0, 36)",Role models do not have to be famous.,Primary_Claim,adequate,"Paragraph_1|Final_Claim|370,518","Paragraph_2|Primary_Claim|0,83; Paragraph_4|Primary_Claim|0,66"
"94b_MSU_essay|Paragraph_3|Data|38,243",Paragraph_3,"(38, 243)","People can look up to everyday people. Many people think that role models have to be famous. However, as long as a person embodies the type of person someone wants to be, then they can be a good role model.",Data,adequate,"Paragraph_3|Primary_Claim|0,36",-
"94b_MSU_essay|Paragraph_4|Primary_Claim|0,66",Paragraph_4,"(0, 66)",People who are famous for just being famous can be good people too.,Primary_Claim,adequate,"Paragraph_1|Final_Claim|370,518","Paragraph_2|Primary_Claim|0,83; Paragraph_3|Primary_Claim|0,36"
"94b_MSU_essay|Paragraph_4|Data|68,496",Paragraph_4,"(68, 496)","Many people have the misconception that people who are Born into fame are not good people to look up to because they see people like Paris Hilton on the news every day for doing something crazy. There are people out there who were born into fame and fortune and are still great people. Take for example princess Diana, she did nothing to become so rich and famous, but she was till a wonderful human being and a great role model.",Data,effective,"Paragraph_4|Primary_Claim|0,66",-
"94b_MSU_essay|Paragraph_5|Concluding_Summary|0,319",Paragraph_5,"(0, 319)","Fame should not be a requirement for being a role model, and how someone got there fame should not be taken into consideration while choosing someone to look up to. Role models can come in many forms. If someone is the type of person that people would benefit from looking up to them, then they can be a good role model.",Concluding_Summary,effective,"Paragraph_1|Final_Claim|370,518",-
