﻿discourse_id,discourse_part,discourse_boundary,discourse_text,adjudicated_discourse_type,adjudicated_effectiveness,adjudicated_hierarchical,adjudicated_parallel
"95_MSU_essay|Paragraph_1|Nonannotated|0,365",Paragraph_1,"(0, 365)","""Brad Pitt is my role model"", many young men would say this statement is true. Brad Pitt is merely a celebrity though, he is only famous through his works as an actor. Some people are truly heroic, so does idoling actors like Brad Pitt take away from the true meaning of being a role model? Which leads the question- is it wrong to admire a celebrity and not a hero?",Nonannotated,-,-,-
"95_MSU_essay|Paragraph_1|Final_Claim|367,434",Paragraph_1,"(367, 434)","When it comes down to it, it is all in the way a person looks at it.",Final_Claim,adequate,-,-
"95_MSU_essay|Paragraph_2|Data|0,609",Paragraph_2,"(0, 609)","A hero is a person who is truly or has done something truly great. The issue is that these people ""fly under the radar"". Rarely do you hear on the news about an everyday hero. For example, a person who rescues greyhound race dogs from being ""put down"". This everyday hero is not the person little kids admire to be. Rather, they aspire to be the next Brad Pitt. It is understandable because Brad Pitt embodies the person kids want to be. The problem is that a role model is too general of a term. For instance, a child could look and admire to look like Brad Pitt therefore they have made him their role model.",Data,adequate,"Paragraph_1|Final_Claim|367,434",-
"95_MSU_essay|Paragraph_3|Concluding_Summary|0,139",Paragraph_3,"(0, 139)",In summary it is not wrong for a person to look up to a celebrity because a role model has no true definition. A role model could be anyone.,Concluding_Summary,adequate,"Paragraph_1|Final_Claim|367,434",-
