﻿discourse_id,discourse_part,discourse_boundary,discourse_text,adjudicated_discourse_type,adjudicated_effectiveness,adjudicated_hierarchical,adjudicated_parallel
"95b_MSU_essay|Paragraph_1|Final_Claim|0,225",Paragraph_1,"(0, 225)","Since celebrities can sometimes be heroes, observers should admire both heroes and the celebrities who are true heroes. Celebrites today can influence others through important campaigns for cancer and abuse, and their actions.",Final_Claim,adequate,-,-
"95b_MSU_essay|Paragraph_2|Data|0,511",Paragraph_2,"(0, 511)","Although many celebrities today sometimes just want to act in movies and sell tabloids, some do support important campaigns. They appear and help run drives to raise money for important causes from cancer to abuse. The celebrities who help important causes can be heroes. They become imporant influences in other people's lives. Children who see the celebrities helping and are influenced to help since the people, the celebrities, they see on television, on the computer, and in magazine print are also helping.",Data,adequate,"Paragraph_2|Primary_Claim|513,674",-
"95b_MSU_essay|Paragraph_2|Primary_Claim|513,674",Paragraph_2,"(513, 674)","The heroes who help, support, and advertise campaigns for causes such as cancer and abuse should be admired because they influence those around them in good ways.",Primary_Claim,effective,"Paragraph_1|Final_Claim|0,225","Paragraph_3|Primary_Claim|528,675"
"95b_MSU_essay|Paragraph_3|Data|0,526",Paragraph_3,"(0, 526)","Celebrities can also act as good influences when they exist as heros through how they act. As many children today see celebrities splashed across tabloids doing drugs and in jail, those celebrities' actions may influence children into believing drugs and jail time are okay and typical. However, celebrities who are viewed by children helping the common people around them are heroes. Celebrities are just like normal people in the fact they have the same choice of whether or not they actually help other people who need help.",Data,adequate,"Paragraph_3|Primary_Claim|528,675",-
"95b_MSU_essay|Paragraph_3|Primary_Claim|528,675",Paragraph_3,"(528, 675)",The celebrities who take time to help people in need and show they are helping through their actions should be admired because they are real heroes.,Primary_Claim,effective,"Paragraph_1|Final_Claim|0,225","Paragraph_2|Primary_Claim|513,674"
"95b_MSU_essay|Paragraph_4|Concluding_Summary|0,256",Paragraph_4,"(0, 256)",Celebrities who supportant important causes like cancer and abuse and celebrities who influence others through their good actions should be admired because they are real heroes. They are just like heroes because they choose to help when they do not have to.,Concluding_Summary,effective,"Paragraph_1|Final_Claim|0,225",-
