﻿discourse_id,discourse_part,discourse_boundary,discourse_text,adjudicated_discourse_type,adjudicated_effectiveness,adjudicated_hierarchical,adjudicated_parallel
"96_MSU_essay|Paragraph_1|Nonannotated|0,440",Paragraph_1,"(0, 440)","In today's modern society the general public is at a loss for who they should look up too. Past are the days where people idolized scientist, war heroes, or people of great stature;instead the public looks towards the more cosmetic figures in society. Many people seem to idolize modern day celebrities be it movie stars or reality tv stars. Should society be more focused on looking up to people that have actually accomplished great feats.",Nonannotated,-,-,-
"96_MSU_essay|Paragraph_1|Final_Claim|442,529",Paragraph_1,"(442, 529)",The children of today need real heroes to look up too far from the heroes of the movies.,Final_Claim,adequate,-,-
"96_MSU_essay|Paragraph_2|Primary_Claim|0,104",Paragraph_2,"(0, 104)",Most people of our modern society have a fixation with plastic celebrities that are all glitter and glam.,Primary_Claim,adequate,"Paragraph_1|Final_Claim|442,529","Paragraph_3|Primary_Claim|0,79; Paragraph_4|Primary_Claim|0,71"
"96_MSU_essay|Paragraph_2|Data|106,507",Paragraph_2,"(106, 507)","These people have to know the latest gossip to the trends, so instead of developing true character they are feeding a false persona. The need for a true person of character and morality is missing from societies every day life. A real role model is someone a person can be proud to look up to and aspire to be. Yet in this modern day of sin and gossip, society has seem to lost track of its moral ways.",Data,adequate,"Paragraph_2|Primary_Claim|0,104",-
"96_MSU_essay|Paragraph_3|Primary_Claim|0,79",Paragraph_3,"(0, 79)",People we admire should be of hero caliber and not based on the amount of money.,Primary_Claim,adequate,"Paragraph_1|Final_Claim|442,529","Paragraph_2|Primary_Claim|0,104; Paragraph_4|Primary_Claim|0,71"
"96_MSU_essay|Paragraph_3|Data|81,590",Paragraph_3,"(81, 590)","Kids need a solid foundation so they can strive to achieve the best they can. Modern day kids are saturated with over the top cartoons that are unwholesome and disastrous for such young ages. Long gone our the heroes of genius and great stature that young children used to strive to be and now they are place over with generic, sugar-coated fakes. Shouldn't the youth be growing up with a well round role model and not a modern day reality star. Its about time that a stand is took for the moral and righteous.",Data,adequate,"Paragraph_3|Primary_Claim|0,79",-
"96_MSU_essay|Paragraph_4|Primary_Claim|0,71",Paragraph_4,"(0, 71)",Some of the major role models for people to look up to should be family.,Primary_Claim,adequate,"Paragraph_1|Final_Claim|442,529","Paragraph_2|Primary_Claim|0,104; Paragraph_3|Primary_Claim|0,79"
"96_MSU_essay|Paragraph_4|Data|73,559",Paragraph_4,"(73, 559)","Family is the most important part of a young child's life and should be someone they can look up too. Children crave to be more like their parents, so with this in mind they should be the heroes of yesteryear lost to this modern day society. To lead by example is the best way for a father or mother to be an active role model in their child's life and each should strive to be a role model. Sometimes the one's that are looked upon the most are not on tv but rather right there at home.",Data,adequate,"Paragraph_4|Primary_Claim|0,71",-
"96_MSU_essay|Paragraph_5|Concluding_Summary|0,326",Paragraph_5,"(0, 326)","In today's world society is left without any true heroes. A world filled with greed and lust, society has turned to look up to the wrong type of role models. The people that should be looked upon our family and friends that everyday show the true acts of what a hero is. Through these everyday heroes true role models are born.",Concluding_Summary,adequate,"Paragraph_1|Final_Claim|442,529",-
