﻿discourse_id,discourse_part,discourse_boundary,discourse_text,adjudicated_discourse_type,adjudicated_effectiveness,adjudicated_hierarchical,adjudicated_parallel
"96b_MSU_essay|Paragraph_1|Nonannotated|0,319",Paragraph_1,"(0, 319)","Throughout the world and even more so in America today, celebrities are given an almost royal rank in society. They can do no wrong and all that is associated with them is success. A simple public apology and small donation to charity is more than enough to satisfy some form of repentance for any exposed transgression.",Nonannotated,-,-,-
"96b_MSU_essay|Paragraph_1|Final_Claim|321,489",Paragraph_1,"(321, 489)","Heroes do not seek out the fame and admiration of a nation. They do what is right and necessary for the simple idea of justice. Heroes deserve the title of ""role model"".",Final_Claim,adequate,-,-
"96b_MSU_essay|Paragraph_2|Primary_Claim|0,147",Paragraph_2,"(0, 147)",Celebrities may fall into the category of hero but it is very rare for them to avoid the corrupting temptations that separates them from that title.,Primary_Claim,adequate,"Paragraph_1|Final_Claim|321,489","Paragraph_3|Primary_Claim|0,227; Paragraph_4|Counterclaim|0,45"
"96b_MSU_essay|Paragraph_2|Data|149,799",Paragraph_2,"(149, 799)","I can't think of what to write in such a short amount of time. Anyway, heroes are cool because they don't even care what you think. They will just wake up and silently think to themselves, ""Yep, it's time to be awesome today."" They don't even exclaim that in their heads because that would be so unnecessary and foolish. Alternatively, celebrities wake up all scared and unsure of themselves hoping that the world will approve of them because, ""I'm not sure I'll be awesome today...hope everything goes smoothly today and I don't crash my car into a fire hydrant while sneaking away at 3 a.m. to cheat on my wife! ...Cause man that would stink [sic].""",Data,adequate,"Paragraph_2|Primary_Claim|0,147",-
"96b_MSU_essay|Paragraph_3|Primary_Claim|0,227",Paragraph_3,"(0, 227)","Heroes set out to decide whether or not they approve of the world. If not, they change it by any means necessary without resorting to celebrity-like tactics because that would so totally defeat the purpose of their heroic deeds.",Primary_Claim,adequate,"Paragraph_1|Final_Claim|321,489","Paragraph_2|Primary_Claim|0,147; Paragraph_4|Counterclaim|0,45"
"96b_MSU_essay|Paragraph_3|Data|229,631",Paragraph_3,"(229, 631)","If everyone looked up to heroes then the world would have many fewer celebrities in the future. Everyone would become all modest, smart, strong, self-reliant and wise. That's a nice idea but if you think for a minute, fewer celebrities means fewer fools to laugh at which means fewer examples of what not to do. Normal people learn from their mistakes while wise people learn from the mistakes of fools.",Data,adequate,"Paragraph_3|Primary_Claim|0,227",-
"96b_MSU_essay|Paragraph_4|Counterclaim|0,45",Paragraph_4,"(0, 45)",Heroes may not always be popular with the law.,Counterclaim,adequate,"Paragraph_1|Final_Claim|321,489","Paragraph_2|Primary_Claim|0,147; Paragraph_3|Primary_Claim|0,227"
"96b_MSU_essay|Paragraph_4|Rebuttal|215,348",Paragraph_4,"(215, 348)","This just goes to show that even though heroes have the best interest of the world in mind, they may not always be perfect themselves.",Rebuttal,adequate,"Paragraph_4|Counterclaim|0,45",-
"96b_MSU_essay|Paragraph_4|Data|47,213",Paragraph_4,"(47, 213)","Batman, for example, was constantly hunted by the police for being a vigilante and for littering. It is a little known fact that batman does not pick up his soda cans.",Data,ineffective,"Paragraph_4|Counterclaim|0,45",-
"96b_MSU_essay|Paragraph_5|Concluding_Summary|0,241",Paragraph_5,"(0, 241)",This is not to say that heroes or celebrities should or should not be looked up to. This is to say that people should do what truly makes them happy. To make any distinction more specific than that would go against the will of the individual.,Concluding_Summary,ineffective,"Paragraph_1|Final_Claim|321,489",-
