﻿discourse_id,discourse_part,discourse_boundary,discourse_text,adjudicated_discourse_type,adjudicated_effectiveness,adjudicated_hierarchical,adjudicated_parallel
"97_MSU_essay|Paragraph_1|Nonannotated|0,366",Paragraph_1,"(0, 366)","""Heroes"" that many people look up to today are considered heroes, not because they are people of integrity and have worked hard for their fame, but because they are famous. Because they are a movie a star or a great athlete, these ""heroes"" are celebrities who have a large fan base. This current generation has deprived themselves of genuine, respectable role models.",Nonannotated,-,-,-
"97_MSU_essay|Paragraph_1|Final_Claim|368,431",Paragraph_1,"(368, 431)",It is important that society admires heroes but not celebrities.,Final_Claim,adequate,-,-
"97_MSU_essay|Paragraph_2|Primary_Claim|0,116",Paragraph_2,"(0, 116)",Society should seek out real heroes that are well respected because of their lifestyle and the integrity they exhibit.,Primary_Claim,effective,"Paragraph_1|Final_Claim|368,431","Paragraph_3|Primary_Claim|0,111"
"97_MSU_essay|Paragraph_2|Data|119,321",Paragraph_2,"(119, 321)","A true hero does not lie, cheat, and does not have affairs. Many heroes, are not famous or well known. They are people that lead humble lives, and they are respected by the people that are close to them.",Data,adequate,"Paragraph_2|Primary_Claim|0,116",-
"97_MSU_essay|Paragraph_3|Primary_Claim|0,111",Paragraph_3,"(0, 111)","The majority of celebrities lead selfish and empty lives, and they are not a good example for society to follow.",Primary_Claim,effective,"Paragraph_1|Final_Claim|368,431","Paragraph_2|Primary_Claim|0,116"
"97_MSU_essay|Paragraph_3|Data|113,224",Paragraph_3,"(113, 224)","They let their fans praise go to their heads, and they are extremely prideful of their accomplishments and fame.",Data,adequate,"Paragraph_3|Primary_Claim|0,111","Paragraph_4|Data|0,269"
"97_MSU_essay|Paragraph_4|Data|0,269",Paragraph_4,"(0, 269)","Often times, a celebrities failures and shortcomings are unearthed by the media, and people that view them as their hero are let down. For example, Tiger Woods was recently involved in a car crash, and after an investigation the media discovered he was having an affair.",Data,adequate,"Paragraph_3|Primary_Claim|0,111","Paragraph_3|Data|113,224"
