﻿discourse_id,discourse_part,discourse_boundary,discourse_text,adjudicated_discourse_type,adjudicated_effectiveness,adjudicated_hierarchical,adjudicated_parallel
"97b_MSU_essay|Paragraph_1|Nonannotated|0,385",Paragraph_1,"(0, 385)","Admiration is a powerful tool. It can turn an average person into an international celebrity practically overnight; it can also take someone from the depths of poverty to a luxurious life. Also, admiration can have negative effects. Arrogance can spawn from the admiration of others. With all of the influence of admiration, it forces society to ask the question: whom should we admire?",Nonannotated,-,-,-
"97b_MSU_essay|Paragraph_2|Data|0,346",Paragraph_2,"(0, 346)","Celebrities are people whose identity is contained in other people's admiration. Without ordinary people, celebrities are nothing. Usually, a celebrity has not done anything extraordinary to deserve the amount of attention they get. Starring in a blockbuster hit would be a typical celebrity's main goal in life, so why should society admire them?",Data,adequate,"Paragraph_2|Primary_Claim|348,502",-
"97b_MSU_essay|Paragraph_2|Primary_Claim|348,502",Paragraph_2,"(348, 502)",A celebrity does not truly deserve the admiration of society because they are only built upon the opinions of others rather than their own accomplishments.,Primary_Claim,effective,"Paragraph_6|Final_Claim|0,310","Paragraph_3|Primary_Claim|466,583; Paragraph_4|Primary_Claim|133,236; Paragraph_5|Primary_Claim|433,505"
"97b_MSU_essay|Paragraph_3|Data|0,464",Paragraph_3,"(0, 464)","On the other hand, heroes are built upon their own actions and rarely get recognition for their actions. Heroes are typically not admired by the public because their work is not as glorious as a celebrity's job. Firefighters, policemen, and soldiers are a few examples of true heroes. Everyday these people risk their lives for other people around them for no glory to themselves. It takes a person of character to do something like that over a lifetime of service.",Data,effective,"Paragraph_3|Primary_Claim|466,583",-
"97b_MSU_essay|Paragraph_3|Primary_Claim|466,583",Paragraph_3,"(466, 583)","Clearly, heroes deserve the admiration of society even though they rarely gain recognition for their noteworthy deeds.",Primary_Claim,adequate,"Paragraph_6|Final_Claim|0,310","Paragraph_2|Primary_Claim|348,502; Paragraph_4|Primary_Claim|133,236; Paragraph_5|Primary_Claim|433,505"
"97b_MSU_essay|Paragraph_4|Data|0,131",Paragraph_4,"(0, 131)","Society, today, chooses to admire celebrities. Admiring celebrities is relatively easy because celebrities are surrounded by glamor.",Data,adequate,"Paragraph_4|Primary_Claim|133,236","Paragraph_4|Data|238,424"
"97b_MSU_essay|Paragraph_4|Primary_Claim|133,236",Paragraph_4,"(133, 236)","By placing admiration upon someone who is not actually great, society sets itself up for disappointment.",Primary_Claim,adequate,"Paragraph_6|Final_Claim|0,310","Paragraph_2|Primary_Claim|348,502; Paragraph_3|Primary_Claim|466,583; Paragraph_5|Primary_Claim|433,505"
"97b_MSU_essay|Paragraph_4|Data|238,424",Paragraph_4,"(238, 424)","When a celebrity's life is based upon other's feelings, there is no stable base for the celebrity. When the people find someone else to admire, that celebrity fades into the sea of faces.",Data,adequate,"Paragraph_4|Primary_Claim|133,236","Paragraph_4|Data|0,131"
"97b_MSU_essay|Paragraph_5|Data|0,431",Paragraph_5,"(0, 431)","By not admiring the heroes, society indirectly discourages the actions of heroes. Actions are easier to do when people offer recognition for them, so the next generation will be less likely to want to be a true hero. Instead, the children of the upcoming generation will dream of becoming a rock star. Eventually, these kids will realize that their dream is flawed. What reward is there for living a life off of others expectations?",Data,effective,"Paragraph_5|Primary_Claim|433,505",-
"97b_MSU_essay|Paragraph_5|Primary_Claim|433,505",Paragraph_5,"(433, 505)","Clearly by recognizing heroes, society can help itself out down the line.",Primary_Claim,adequate,"Paragraph_6|Final_Claim|0,310","Paragraph_2|Primary_Claim|348,502; Paragraph_3|Primary_Claim|466,583; Paragraph_4|Primary_Claim|133,236"
"97b_MSU_essay|Paragraph_6|Final_Claim|0,310",Paragraph_6,"(0, 310)","To have admiration is an enviable quality. Society needs to pay careful attention to the people who it places its trust in. If it decides to continue placing its trust in celebrities, society would be setting itself up to fail. Although if people decide to admire heroes, society could see some radical changes.",Final_Claim,effective,-,-
