﻿discourse_id,discourse_part,discourse_boundary,discourse_text,adjudicated_discourse_type,adjudicated_effectiveness,adjudicated_hierarchical,adjudicated_parallel
"98_MSU_essay|Paragraph_1|Nonannotated|0,642",Paragraph_1,"(0, 642)","In our modern day society, it has become common for people to elevate celebrities to the point of being role models. The difference to many between heroes and celebrities is very slim and the two are often confused and misused. Heroes are people that are admired by a population because of feats they have accomplished. A hero does not seek public endorsement for his/her actions, but receives it because of a kind heart and humble, subservient attitude. However, celebrities are admired because they are famous, for being on television or in movies. They do not help society, but are revered by many and placed on the same platform as heroes.",Nonannotated,-,-,-
"98_MSU_essay|Paragraph_1|Final_Claim|644,794",Paragraph_1,"(644, 794)","By elevating celebrities to the same level as everyday heroes, a society degrades itself by subjecting its populace to ignorance on a day to day basis.",Final_Claim,adequate,-,-
"98_MSU_essay|Paragraph_2|Primary_Claim|0,233",Paragraph_2,"(0, 233)","Celebrities are commonly seen by children as good role models because they were in movies that are based on a hero. By warping the idea that celebrities are heroes, society destroys the moral standards that heroes create and stand by.",Primary_Claim,effective,"Paragraph_1|Final_Claim|644,794","Paragraph_3|Primary_Claim|0,223; Paragraph_4|Primary_Claim|0,261"
"98_MSU_essay|Paragraph_2|Data|235,626",Paragraph_2,"(235, 626)","Celebrities do not earn, nor deserve the status they obtain. Being admired because you are famous does not make one a hero, rather it shows how little you have accomplished. In very few cases celebrities can be heroes through their own actions. Few take the time to become a hero once they obtain the status of celebrity, because that takes more effort and it is not beneficial to themselves.",Data,adequate,"Paragraph_2|Primary_Claim|0,233",-
"98_MSU_essay|Paragraph_3|Primary_Claim|0,223",Paragraph_3,"(0, 223)","Heroes, on the other hand, will not be seen complaining that celebrities are out taking their spotlight, because they are not desperately searching for people to love them. It takes a humble and selfless nature to be a hero.",Primary_Claim,effective,"Paragraph_1|Final_Claim|644,794","Paragraph_2|Primary_Claim|0,233; Paragraph_4|Primary_Claim|0,261"
"98_MSU_essay|Paragraph_3|Data|225,853",Paragraph_3,"(225, 853)","Unsung heroes are everywhere, but unlike celebrities, few people know who they are. Those heroes that are recognized should be serving as the role models for today's youth, not the promiscuous, vulgar trash that adorn movies and television. It does not take a lot to be a hero, just helping someone in need or lending a helping hand is all that is necessary. Our world needs more people willing to step up and be a hero. Not on a national stage, but on an individual, or even local stage. Those who are willing to step up and make a difference in this liberal, God-less world are the individuals who deserve praise and adoration.",Data,adequate,"Paragraph_3|Primary_Claim|0,223",-
"98_MSU_essay|Paragraph_4|Primary_Claim|0,261",Paragraph_4,"(0, 261)","Our society has become decadent and immoral, which has led to the rise of celebrities being seen as heroes and role models for our youth. Those who are the real heroes are being pushed aside and ignored because they are not the most hip or popular new celebrity.",Primary_Claim,adequate,"Paragraph_1|Final_Claim|644,794","Paragraph_2|Primary_Claim|0,233; Paragraph_3|Primary_Claim|0,223"
"98_MSU_essay|Paragraph_4|Data|263,508",Paragraph_4,"(263, 508)","They are not part of a new sex scandal, or gracing the cover of a Rolling Stone Magazine cover. Our real heroes are in the streets of desperate areas, such as the hurricane ravaged Gulf Coast, lending a helping hand to those who lost their homes.",Data,adequate,"Paragraph_4|Primary_Claim|0,261",-
"98_MSU_essay|Paragraph_4|Concluding_Summary|510,777",Paragraph_4,"(510, 777)","Our society needs to turn a new page and look not towards celebrities, but those who make a real difference in this world by acting selflessly. Real heroes are everywhere and need to be seen as the real role models in order to rebuild a better moral world to exist in.",Concluding_Summary,adequate,"Paragraph_1|Final_Claim|644,794",-
