﻿discourse_id,discourse_part,discourse_boundary,discourse_text,adjudicated_discourse_type,adjudicated_effectiveness,adjudicated_hierarchical,adjudicated_parallel
"98b_MSU_essay|Paragraph_1|Nonannotated|0,307",Paragraph_1,"(0, 307)","In an age of celebrity worship, where movie stars are more well-known and well-received than activists, how do we determine who should be admired. Should it be the rich and famous? Or, should the public turn its attention to the strong and wise? Some people think that celebrities are heroes, but I disagree.",Nonannotated,-,-,-
"98b_MSU_essay|Paragraph_1|Final_Claim|309,824",Paragraph_1,"(309, 824)","Celebrities are simply famous, normally wealthy people, but heroes are may not always be famous. Sometimes, a hero is your next-door neighbor or your dad. Sometimes, as children we imagine heroes as being strong, invicinble, wise, and powerful; but, no one lives up to all of those expectations, not even celebrities. True heroes, however, are not always powerful or invicinble. Most of the time, heroes are just ordinary people trying to make a difference and because of that we should admire them, not celebrities.",Final_Claim,adequate,-,-
"98b_MSU_essay|Paragraph_2|Primary_Claim|0,111",Paragraph_2,"(0, 111)","Heroes can come in many forms, from the small, elderly woman across the street to the firefighter down the road.",Primary_Claim,adequate,"Paragraph_1|Final_Claim|309,824","Paragraph_3|Primary_Claim|0,74; Paragraph_4|Primary_Claim|0,88"
"98b_MSU_essay|Paragraph_2|Data|113,606",Paragraph_2,"(113, 606)","Heroes are not usually celebrities. Normally, they live a life of complete anonimity, unless someone takes notice of their works and decides to help them become famous. In contrast, celebrities live in the spotlight. Their every move is monitored by the press and the public. People often hear of papparazzi following celebrities, but rarely will papparazzi be found following a hero. It is true that a hero can be a celebrity but not all celebrities are heroes, nor are all heroes celebrities.",Data,adequate,"Paragraph_2|Primary_Claim|0,111",-
"98b_MSU_essay|Paragraph_3|Primary_Claim|0,74",Paragraph_3,"(0, 74)",Celebrities normally make their mark on the world in a materialistic sense.,Primary_Claim,effective,"Paragraph_1|Final_Claim|309,824","Paragraph_2|Primary_Claim|0,111; Paragraph_4|Primary_Claim|0,88"
"98b_MSU_essay|Paragraph_3|Data|76,630",Paragraph_3,"(76, 630)","They may own large corporations, be fantastic lawyers, or great actors and actresses. Celebrities, unlike heroes, do not make it their priority to help people despite their great acclaim. Yes, some celebrities do champion causes which have great impacts in people's lives. Those celebrities, however, definetly fall under the category of hero. Celebrities who crusade for cancer or AIDs, those are heroes. I hesitate to call celebrities, who spend their nights drinking and partying, heroes. A hero helps people, not encourages or influences bad behavior.",Data,effective,"Paragraph_3|Primary_Claim|0,74",-
"98b_MSU_essay|Paragraph_4|Primary_Claim|0,88",Paragraph_4,"(0, 88)","I agree that a hero is someone who is famous for being great, not great for being famous.",Primary_Claim,effective,"Paragraph_1|Final_Claim|309,824","Paragraph_2|Primary_Claim|0,111; Paragraph_3|Primary_Claim|0,74"
"98b_MSU_essay|Paragraph_4|Concluding_Summary|492,795",Paragraph_4,"(492, 795)","For that reason, more so than any, I feel that it is not wise to suggest that celebrities become heroes. I feel that celebrities should be admired for what they are, people who are famous for being famous, and nothing more. We, as a society, should not attribute more to the celebrity than they disserve.",Concluding_Summary,adequate,"Paragraph_1|Final_Claim|309,824",-
"98b_MSU_essay|Paragraph_4|Data|90,490",Paragraph_4,"(90, 490)","Throughout history there have been stories of great heroes, most of those heroes became famous because of their great deeds. Is it so much to ask that heroes today be expected to perform great deeds as well. The public today does not ask that heroes go out to slay lions, or behead hydras, all that we ask for are good role models. Unfortunately, not very many celebrities provide that simple service.",Data,ineffective,"Paragraph_4|Primary_Claim|0,88",-
