﻿discourse_id,discourse_part,discourse_boundary,discourse_text,adjudicated_discourse_type,adjudicated_effectiveness,adjudicated_hierarchical,adjudicated_parallel
"99_MSU_essay|Paragraph_1|Nonannotated|0,447",Paragraph_1,"(0, 447)","A limo pulls up, cameras are constantly flashing and the passenger hasnt even left the vehicle yet. The door opens, and Brad Pitt steps out into the open. As he travels down the path, a TV camera pans the crowd, and a sign pops up saying Brad Pitt is my Hero! While many events such as this occur on a daily basis as stars and celebrities travel around the world, one has to wonder, what did Brad Pitt or any other celebrity do to become a hero?",Nonannotated,-,-,-
"99_MSU_essay|Paragraph_2|Primary_Claim|0,113",Paragraph_2,"(0, 113)",The celebrity and hero line has been getting smaller and smaller as society has turned its attention to the media.,Primary_Claim,adequate,"Paragraph_4|Final_Claim|0,177","Paragraph_3|Primary_Claim|0,92"
"99_MSU_essay|Paragraph_2|Data|115,778",Paragraph_2,"(115, 778)","Celebrities are worshipped by girls and boys alike as if they are gods of our time, when in reality, what have they really done to deserve the admiration? Brad Pitt may have starred in a fans favorite movie, or signed an autograph book, but why is the attention of someone who has done nothing but possibly entertain so large? These questions can be answered by a never ending loop of fame. The onlookers of celebrities most likely want to have the same lifestyle of fame and fortune, or hope to be a character in a movie that actor recently portrayed. These fantasies do nothing but encourage immature behavior and possible harassment of the celebrity involved.",Data,adequate,"Paragraph_2|Primary_Claim|0,113",-
"99_MSU_essay|Paragraph_3|Primary_Claim|0,92",Paragraph_3,"(0, 92)",The real people one should devote their time and attention to are the real heroes of society.,Primary_Claim,adequate,"Paragraph_4|Final_Claim|0,177","Paragraph_2|Primary_Claim|0,113"
"99_MSU_essay|Paragraph_3|Data|94,566",Paragraph_3,"(94, 566)","These are the people that keep our country running, whether from far away or close by. The first few examples of these kinds of people are the armed forces and volunteers of our nation. The armed forces put their most precious gift on the line each day, their life, to ensure peace is kept. Same goes for the firefighters and policemen who strive to protect the public. These are the real heroes of our time and they deserve much more praise than a handsome teenage figure.",Data,effective,"Paragraph_3|Primary_Claim|0,92",-
"99_MSU_essay|Paragraph_4|Final_Claim|0,177",Paragraph_4,"(0, 177)","The separation between hero and celebrity is one of great distance, but our modern society has blurred that line so that we may believe those who are not qualified may be heroes.",Final_Claim,adequate,-,-
