﻿discourse_id,discourse_part,discourse_boundary,discourse_text,adjudicated_discourse_type,adjudicated_effectiveness,adjudicated_hierarchical,adjudicated_parallel
"99b_MSU_essay|Paragraph_1|Nonannotated|0,44",Paragraph_1,"(0, 44)",Heroes and celebrities are clearly different.,Nonannotated,-,-,-
"99b_MSU_essay|Paragraph_1|Final_Claim|46,238",Paragraph_1,"(46, 238)","Celebrity simply means someone has become well-known, but hero means more than that. A hero is someone who is worthy of respect and admiration and should be looked up to instead of celebrities.",Final_Claim,effective,-,-
"99b_MSU_essay|Paragraph_2|Primary_Claim|0,67",Paragraph_2,"(0, 67)",A hero is worthy of respect just by the nature of the title of hero.,Primary_Claim,effective,"Paragraph_1|Final_Claim|46,238","Paragraph_3|Primary_Claim|0,289"
"99b_MSU_essay|Paragraph_2|Data|69,789",Paragraph_2,"(69, 789)","Heroes have to do something that is good to get to hero status and therefore can be looked up to for that one particular deed. Heroes do not have to be perfect to be a role model; they can just be admired for one of their characteristics. If society would try to be more like heroes instead of celebrities, that society would be a greater one to live in. Some celebrities get into all sorts of trouble and think they are immune to the law simply because they are famous. This should not be an example society would like to follow. Everyone has their problems, but they are accentuated when the person is famous. Celebrities can be considered a hero if they are a positive role model, but it seems that is rarely the case.",Data,adequate,"Paragraph_2|Primary_Claim|0,67",-
"99b_MSU_essay|Paragraph_3|Primary_Claim|0,289",Paragraph_3,"(0, 289)","A hero is a more difficult thing to be than a celebrity because a hero has to become famous while being a positive role model and by doing something extraordinary. A celebrity can do whatever they want to become famous. Since it is harder to become a hero, they should be admired even more.",Primary_Claim,effective,"Paragraph_1|Final_Claim|46,238","Paragraph_2|Primary_Claim|0,67"
"99b_MSU_essay|Paragraph_3|Data|291,745",Paragraph_3,"(291, 745)","Patch Adams is a movie that shows the hardships of Patch Adams, who built a hospital where everyone who comes in is both a doctor and patient and everyone helps everyone else for no cost. Adams is a hero for wanting to reform the hospitals and for speaking out against the medical board. Adams should be admired and looked up to. There should be more people that strive to be like Adams, but most are too busy following celebrities to know what Adams did.",Data,adequate,"Paragraph_3|Primary_Claim|0,289",-
"99b_MSU_essay|Paragraph_4|Concluding_Summary|0,300",Paragraph_4,"(0, 300)","Heroes are more reputable, better people, and should be admired more than celebrities. If society can move from following celebrities to heroes, it would be better for it. Simply by following a positive role model, one becomes more positive themselves. It is more difficult but is worth it in the end.",Concluding_Summary,adequate,"Paragraph_1|Final_Claim|46,238",-
