﻿discourse_id,discourse_part,discourse_boundary,discourse_text,adjudicated_discourse_type,adjudicated_effectiveness,adjudicated_hierarchical,adjudicated_parallel
"9_MSU_essay|Paragraph_1|Nonannotated|0,230",Paragraph_1,"(0, 230)","Our culture places emphasis on individuality so I believe being original is definitely something people strive for. Unfortunately, as the prompt stated many find that their ideas have been attempted and sometimes already perfected.",Nonannotated,-,-,-
"9_MSU_essay|Paragraph_1|Final_Claim|232,356",Paragraph_1,"(232, 356)",I believe people are original in the fact that we will never be completely the same as another person in every facet of life.,Final_Claim,adequate,-,-
"9_MSU_essay|Paragraph_1|Primary_Claim|358,587",Paragraph_1,"(358, 587)",We have common interests with others but our entire makeup of thoughts and ideas aren't identical. Our perspectives also create an original thought on an idea because different developments create different perspectives in people.,Primary_Claim,effective,"Paragraph_1|Final_Claim|232,356",-
"9_MSU_essay|Paragraph_2|Data|0,342",Paragraph_2,"(0, 342)",Authors probably expierence more difficulty in finding original stories because it seems as if the plots have already been told but the originality comes from the perspective of the author. Another thing is that even if a story has been told before different characters can change the outcome and different time periods can update an old plot.,Data,adequate,"Paragraph_1|Final_Claim|232,356","Paragraph_2|Data|344,643"
"9_MSU_essay|Paragraph_2|Data|344,643",Paragraph_2,"(344, 643)","Another profession, scientists, have a unique mission in their ideas. They often used others' ideas as a guide to create something cutting edge. The have a benefit in technology improves everyday and new ideas are put into actual physical things, so therefore I think they can definitely be original.",Data,adequate,"Paragraph_1|Final_Claim|232,356","Paragraph_2|Data|0,342"
"9_MSU_essay|Paragraph_3|Concluding_Summary|0,468",Paragraph_3,"(0, 468)","The desire to be unique has created many new industries, technologies, and lifestyles. Being original is a compilation of doing what is best for the individual and less concern should be placed on whether not it has been done. Pursing passions should be emphasized and again with ever changing technology improvements on existing ideas can create an original one. People are original in the way one thinks, how one feels, or one's views about specific ideas or subjects.",Concluding_Summary,adequate,"Paragraph_1|Final_Claim|232,356",-
