﻿discourse_id,discourse_part,discourse_boundary,discourse_text,adjudicated_discourse_type,adjudicated_effectiveness,adjudicated_hierarchical,adjudicated_parallel
"9b_MSU_essay|Paragraph_1|Nonannotated|0,140",Paragraph_1,"(0, 140)","Originality is purely a measure of what one knows to exist or to not exist, and within this statement lies the answer to a puzzling question.",Nonannotated,-,-,-
"9b_MSU_essay|Paragraph_1|Final_Claim|142,726",Paragraph_1,"(142, 726)","Can people ever be truly original? It is possible for something to be original to one person, yet unoriginal to another. This is because one person may not know that something already exists, yet another may have knowledge of the existence of the same thing. On the other hand, it is difficult to prove something to be completely original because most of the amount of things that exist in the world today. Also, many products that are released to the public are not original in general terms, but the product could have new features that make certain aspects of that product original.",Final_Claim,adequate,-,-
"9b_MSU_essay|Paragraph_2|Primary_Claim|0,128",Paragraph_2,"(0, 128)","Originality exists when something that is new to a person becomes discovered by that person, which is why people can be original.",Primary_Claim,effective,"Paragraph_1|Final_Claim|142,726","Paragraph_3|Primary_Claim|0,170; Paragraph_4|Primary_Claim|0,174"
"9b_MSU_essay|Paragraph_2|Data|130,443",Paragraph_2,"(130, 443)","The first time a person learns that a certain type of object exists, it is original to them. For example, whenever someone discovers a new genre of music, it is original in that persons eyes. However, if they show discovery to a person who already knows about this genre of music, it will not be original to them.",Data,adequate,"Paragraph_2|Primary_Claim|0,128",-
"9b_MSU_essay|Paragraph_3|Primary_Claim|0,170",Paragraph_3,"(0, 170)",It is hard for people to develop new original ideas for things that entertain or assist people in the world today because of the sheer amount of things that already exist.,Primary_Claim,adequate,"Paragraph_1|Final_Claim|142,726","Paragraph_2|Primary_Claim|0,128; Paragraph_4|Primary_Claim|0,174"
"9b_MSU_essay|Paragraph_3|Data|172,489",Paragraph_3,"(172, 489)","For example, producers of TV shows strive to produce new hip ideas for plots to their new TV shows, but this is made difficult because of the amount of shows already on TV. Original ideas for TV shows was easier when TV shows were first starting to be in production, however nowadays new ideas are few and far between.",Data,adequate,"Paragraph_3|Primary_Claim|0,170",-
"9b_MSU_essay|Paragraph_4|Primary_Claim|0,174",Paragraph_4,"(0, 174)","Almost every product one can think of has already been made and released to the public today. However, newer versions of products are still being released to the public today.",Primary_Claim,adequate,"Paragraph_1|Final_Claim|142,726","Paragraph_2|Primary_Claim|0,128; Paragraph_3|Primary_Claim|0,170"
"9b_MSU_essay|Paragraph_4|Data|176,368",Paragraph_4,"(176, 368)","For example, video game consoles have been around since the 1980s, however, advancements to the graphics systems in the consoles themselves have made them somewhat original in their own sense.",Data,adequate,"Paragraph_4|Primary_Claim|0,174",-
